from,to,reason,strength,confidence,divergence,status
leonin-1135,perotin-1160,"Léonin was a predecessor and likely teacher of Pérotin, pioneering the Notre Dame school of polyphony which Pérotin expanded upon.",0.90,0.95,0.30,pending
leonin-1135,guillaume-de-machaut-1300,"Léonin's development of early polyphony and the Notre Dame school style laid foundational techniques that influenced Machaut's complex polyphonic compositions.",0.70,0.90,0.50,pending
perotin-1160,guillaume-de-machaut-1300,"Pérotin expanded on Léonin's polyphonic innovations, and his rhythmic modes and organum style directly impacted Machaut's approach to rhythm and texture.",0.80,0.95,0.40,pending
guillaume-de-machaut-1300,guillaume-dufay-1400,"Dufay was influenced by Machaut's use of isorhythm and the development of the formes fixes, which shaped early Renaissance polyphony.",0.80,0.90,0.40,pending
leonin-1135,guillaume-dufay-1400,"Leonin's early polyphonic innovations in organum laid foundational techniques that indirectly influenced Dufay's polyphonic style.",0.30,0.70,0.70,pending
perotin-1160,guillaume-dufay-1400,"Perotin's advancements in multi-voice organum and rhythmic modes contributed to the polyphonic tradition that Dufay inherited.",0.40,0.80,0.60,pending
guillaume-dufay-1400,johannes-ockeghem-1420,"Dufay's use of isorhythm and early Renaissance polyphony significantly shaped Ockeghem's compositional style.",0.80,0.90,0.30,pending
guillaume-de-machaut-1300,johannes-ockeghem-1420,"Machaut's complex rhythmic structures and polyphonic techniques influenced Ockeghem's approach to mass composition.",0.60,0.80,0.40,pending
guillaume-dufay-1400,jacob-obrecht-1450,"Dufay's use of cantus firmus and structural innovations in mass composition significantly shaped Obrecht's approach to polyphony.",0.80,0.90,0.30,pending
johannes-ockeghem-1420,jacob-obrecht-1450,"Ockeghem's complex contrapuntal techniques and extended melodic lines influenced Obrecht's compositional style.",0.70,0.85,0.40,pending
guillaume-dufay-1400,josquin-des-prez-1450,"Dufay's use of cantus firmus and structural clarity influenced Josquin's compositional techniques.",0.80,0.90,0.40,pending
johannes-ockeghem-1420,josquin-des-prez-1450,"Ockeghem's complex polyphony and expressive style were foundational to Josquin's development.",0.90,0.95,0.30,pending
jacob-obrecht-1450,josquin-des-prez-1450,"Obrecht's melodic inventiveness and contrapuntal skill influenced Josquin's approach to vocal writing.",0.70,0.80,0.50,pending
guillaume-de-machaut-1300,josquin-des-prez-1450,"Machaut's earlier medieval polyphonic traditions provided a historical foundation for Josquin's style.",0.40,0.70,0.70,pending
josquin-des-prez-1450,clement-janequin-1485,"Josquin's mastery of polyphonic vocal writing and expressive text setting influenced Janequin's development of chanson and programmatic vocal music.",0.80,0.90,0.40,pending
guillaume-dufay-1400,clement-janequin-1485,"Dufay's innovations in melody and harmony laid foundational techniques that Janequin built upon in his secular vocal compositions.",0.60,0.80,0.50,pending
johannes-ockeghem-1420,clement-janequin-1485,"Ockeghem's complex contrapuntal style and use of imitation influenced Janequin's approach to vocal texture and form.",0.50,0.70,0.50,pending
josquin-des-prez-1450,john-taverner-1490,"Josquin's mastery of polyphonic vocal writing and use of imitative counterpoint influenced Taverner's compositional style.",0.80,0.90,0.30,pending
jacob-obrecht-1450,john-taverner-1490,"Obrecht's complex polyphony and use of cantus firmus techniques were influential in shaping Taverner's approach to mass composition.",0.70,0.80,0.40,pending
guillaume-dufay-1400,john-taverner-1490,"Dufay's blending of medieval and early Renaissance styles provided a foundation for Taverner's harmonic and melodic language.",0.60,0.70,0.50,pending
johannes-ockeghem-1420,john-taverner-1490,"Ockeghem's innovative use of rhythm and texture influenced Taverner's development of complex polyphonic structures.",0.70,0.80,0.40,pending
guillaume-dufay-1400,thomas-tallis-1505,"Dufay's use of fauxbourdon and early Renaissance polyphony shaped the English choral tradition that Tallis inherited.",0.70,0.90,0.40,pending
johannes-ockeghem-1420,thomas-tallis-1505,"Ockeghem's complex polyphonic style influenced the development of English sacred music, impacting Tallis's contrapuntal techniques.",0.60,0.80,0.50,pending
josquin-des-prez-1450,thomas-tallis-1505,"Josquin's mastery of imitative counterpoint and expressive text setting was a model for Tallis's own sacred compositions.",0.80,0.95,0.30,pending
john-taverner-1490,thomas-tallis-1505,"Taverner was a direct predecessor in the English choral tradition, and his large-scale polyphonic works influenced Tallis's style.",0.70,0.90,0.40,pending
josquin-des-prez-1450,giovanni-pierluigi-da-palestrina-1525,"Josquin's mastery of polyphonic vocal writing and clear text setting strongly influenced Palestrina's compositional style.",0.90,0.95,0.30,pending
guillaume-dufay-1400,giovanni-pierluigi-da-palestrina-1525,"Dufay's use of smooth melodic lines and early Renaissance polyphony laid foundational techniques that Palestrina developed further.",0.70,0.85,0.40,pending
johannes-ockeghem-1420,giovanni-pierluigi-da-palestrina-1525,"Ockeghem's complex contrapuntal techniques influenced Palestrina's approach to polyphony and voice leading.",0.60,0.80,0.50,pending
thomas-tallis-1505,giovanni-pierluigi-da-palestrina-1525,"Tallis and Palestrina were contemporaries with mutual influence, but Tallis's early English polyphony helped shape Palestrina's sacred music style.",0.50,0.70,0.60,pending
josquin-des-prez-1450,orlande-de-lassus-1532,"Josquin's mastery of polyphonic vocal writing and expressive text setting significantly shaped Lassus's compositional style.",0.90,0.95,0.30,pending
giovanni-pierluigi-da-palestrina-1525,orlande-de-lassus-1532,"Palestrina's smooth polyphony and clarity of text influenced Lassus's sacred music compositions.",0.80,0.90,0.40,pending
clement-janequin-1485,orlande-de-lassus-1532,"Janequin's use of programmatic vocal effects and secular chanson style impacted Lassus's secular vocal works.",0.70,0.85,0.50,pending
thomas-tallis-1505,orlande-de-lassus-1532,"Tallis's development of English polyphony and modal harmony contributed to Lassus's approach to sacred music.",0.60,0.80,0.50,pending
thomas-tallis-1505,william-byrd-1540,"Byrd was a pupil and close associate of Thomas Tallis, adopting and expanding upon Tallis's style of English sacred polyphony.",0.90,1.00,0.20,pending
giovanni-pierluigi-da-palestrina-1525,william-byrd-1540,"Byrd was influenced by the Italian Renaissance polyphonic style exemplified by Palestrina, especially in his sacred music compositions.",0.70,0.90,0.40,pending
josquin-des-prez-1450,william-byrd-1540,"Byrd's contrapuntal techniques and imitative polyphony show the influence of Josquin's compositional style.",0.60,0.80,0.50,pending
orlande-de-lassus-1532,william-byrd-1540,"Byrd was aware of Lassus's works and incorporated elements of his expressive madrigal style into his own secular compositions.",0.50,0.70,0.50,pending
giovanni-pierluigi-da-palestrina-1525,tomas-luis-de-victoria-1549,"Victoria was heavily influenced by Palestrina's style of polyphony and sacred music, adopting his smooth counterpoint and clarity in vocal lines.",0.90,1.00,0.20,pending
orlande-de-lassus-1532,tomas-luis-de-victoria-1549,"Victoria was influenced by Lassus's expressive madrigals and sacred compositions, which informed his own emotional depth and text setting.",0.70,0.90,0.30,pending
josquin-des-prez-1450,tomas-luis-de-victoria-1549,"Josquin's mastery of imitative counterpoint and text expression shaped the Renaissance polyphonic tradition that Victoria inherited.",0.60,0.80,0.40,pending
thomas-tallis-1505,tomas-luis-de-victoria-1549,"Tallis's English choral tradition and use of modal harmony influenced Victoria's sacred music style and compositional techniques.",0.50,0.70,0.40,pending
josquin-des-prez-1450,carlo-gesualdo-1561,"Gesualdo was influenced by Josquin's use of expressive text setting and complex polyphony, which informed his own madrigal compositions.",0.70,0.90,0.50,pending
giovanni-pierluigi-da-palestrina-1525,carlo-gesualdo-1561,"Palestrina's mastery of counterpoint and sacred music provided a foundation for Gesualdo's contrapuntal techniques, despite Gesualdo's more experimental harmonic language.",0.60,0.85,0.60,pending
orlande-de-lassus-1532,carlo-gesualdo-1561,"Lassus's expressive madrigals and chromaticism influenced Gesualdo's own madrigal style and harmonic experimentation.",0.70,0.80,0.50,pending
claudio-monteverdi-1567,carlo-gesualdo-1561,"Though Monteverdi was slightly younger, their contemporaneous work and Monteverdi's early madrigals show mutual influence in the use of chromaticism and emotional expression.",0.40,0.70,0.40,pending
josquin-des-prez-1450,jan-pieterszoon-sweelinck-1562,"Sweelinck was influenced by Josquin's mastery of polyphony and expressive vocal writing, which shaped his own contrapuntal style.",0.70,0.90,0.40,pending
giovanni-pierluigi-da-palestrina-1525,jan-pieterszoon-sweelinck-1562,"Palestrina's clear polyphonic style and smooth voice leading influenced Sweelinck's sacred compositions and contrapuntal technique.",0.60,0.85,0.50,pending
orlande-de-lassus-1532,jan-pieterszoon-sweelinck-1562,"Lassus's diverse stylistic approach and expressive madrigals impacted Sweelinck's vocal and keyboard works.",0.50,0.80,0.60,pending
william-byrd-1540,jan-pieterszoon-sweelinck-1562,"Byrd's keyboard and vocal music, especially his use of intricate counterpoint, influenced Sweelinck's development as an organist and composer.",0.60,0.80,0.40,pending
thomas-tallis-1505,jan-pieterszoon-sweelinck-1562,"Tallis's English choral tradition and modal polyphony were important models for Sweelinck's sacred music.",0.50,0.75,0.50,pending
william-byrd-1540,john-dowland-1563,"William Byrd was a leading English composer whose madrigals and lute songs influenced Dowland's own vocal and lute compositions.",0.80,0.90,0.30,pending
thomas-tallis-1505,john-dowland-1563,"Thomas Tallis, as a prominent English composer of the previous generation, shaped the English musical environment and style that Dowland inherited.",0.70,0.85,0.40,pending
jan-pieterszoon-sweelinck-1562,john-dowland-1563,"Sweelinck's keyboard and vocal works influenced the development of lute music and polyphony that Dowland absorbed during his studies in Europe.",0.60,0.80,0.50,pending
orlande-de-lassus-1532,john-dowland-1563,"Orlande de Lassus was a major figure in late Renaissance music whose expressive madrigals and chansons influenced Dowland's approach to text setting and melancholy themes.",0.70,0.80,0.40,pending
giovanni-pierluigi-da-palestrina-1525,john-dowland-1563,"Palestrina's mastery of polyphonic vocal writing provided a stylistic foundation for many Renaissance composers including Dowland, especially in sacred music.",0.50,0.70,0.60,pending
giovanni-pierluigi-da-palestrina-1525,claudio-monteverdi-1567,"Palestrina's mastery of Renaissance polyphony deeply influenced Monteverdi's early sacred compositions and contrapuntal technique.",0.80,0.90,0.40,pending
orlande-de-lassus-1532,claudio-monteverdi-1567,"Lassus's expressive madrigals and blending of styles influenced Monteverdi's development of the madrigal genre.",0.70,0.85,0.50,pending
carlo-gesualdo-1561,claudio-monteverdi-1567,"Gesualdo's intense chromaticism and emotional expressiveness impacted Monteverdi's approach to text setting and harmonic daring.",0.60,0.80,0.60,pending
jan-pieterszoon-sweelinck-1562,claudio-monteverdi-1567,"Sweelinck's keyboard works and contrapuntal style influenced Monteverdi's instrumental and vocal polyphony.",0.50,0.70,0.50,pending
thomas-tallis-1505,claudio-monteverdi-1567,"Tallis's sacred music and use of modal counterpoint provided a foundation for Monteverdi's early sacred compositions.",0.40,0.70,0.60,pending
giovanni-pierluigi-da-palestrina-1525,michael-praetorius-1571,"Praetorius was influenced by Palestrina's polyphonic style and sacred music, which shaped his own compositions in the early Baroque period.",0.80,0.90,0.30,pending
orlande-de-lassus-1532,michael-praetorius-1571,"Orlande de Lassus's expressive madrigals and sacred works influenced Praetorius's approach to vocal and choral music.",0.70,0.85,0.40,pending
william-byrd-1540,michael-praetorius-1571,"Byrd's English Renaissance polyphony and keyboard works were known to Praetorius and influenced his compositional style.",0.60,0.80,0.50,pending
jan-pieterszoon-sweelinck-1562,michael-praetorius-1571,"Sweelinck's keyboard and vocal music, as well as his role as a teacher, had a notable impact on Praetorius's musical development.",0.70,0.80,0.40,pending
jan-pieterszoon-sweelinck-1562,girolamo-frescobaldi-1583,"Sweelinck's keyboard works and contrapuntal style significantly influenced Frescobaldi's approach to keyboard composition and improvisation.",0.80,0.90,0.30,pending
claudio-monteverdi-1567,girolamo-frescobaldi-1583,"Monteverdi's innovations in expressive harmony and text setting influenced Frescobaldi's dramatic and expressive keyboard music.",0.60,0.80,0.50,pending
giovanni-pierluigi-da-palestrina-1525,girolamo-frescobaldi-1583,"Palestrina's mastery of counterpoint and clarity of polyphonic texture provided a foundational influence on Frescobaldi's compositional technique.",0.50,0.70,0.60,pending
thomas-tallis-1505,orlando-gibbons-1583,"Tallis was a leading English composer whose sacred polyphony and style directly influenced Gibbons's choral and keyboard works.",0.90,0.95,0.30,pending
william-byrd-1540,orlando-gibbons-1583,"Byrd was a close contemporary and mentor figure whose mastery of English madrigals and sacred music shaped Gibbons's compositional approach.",0.85,0.90,0.25,pending
giovanni-pierluigi-da-palestrina-1525,orlando-gibbons-1583,"Palestrina's Renaissance polyphonic style influenced English composers including Gibbons, especially in sacred vocal music.",0.60,0.80,0.50,pending
jan-pieterszoon-sweelinck-1562,orlando-gibbons-1583,"Sweelinck's keyboard works and contrapuntal techniques influenced Gibbons's keyboard compositions and contrapuntal style.",0.70,0.85,0.40,pending
giovanni-pierluigi-da-palestrina-1525,heinrich-schutz-1585,"Schütz studied the polyphonic style of Palestrina, which deeply influenced his sacred music compositions.",0.80,0.90,0.30,pending
orlande-de-lassus-1532,heinrich-schutz-1585,"Lassus's expressive madrigals and sacred works influenced Schütz's approach to text setting and emotional expression.",0.70,0.80,0.40,pending
claudio-monteverdi-1567,heinrich-schutz-1585,"Monteverdi's early Baroque innovations in harmony and dramatic expression impacted Schütz during his studies in Italy.",0.90,0.95,0.50,pending
jan-pieterszoon-sweelinck-1562,heinrich-schutz-1585,"Sweelinck's keyboard and vocal works influenced Schütz's contrapuntal technique and compositional style.",0.60,0.70,0.40,pending
michael-praetorius-1571,heinrich-schutz-1585,"Praetorius's synthesis of Protestant musical traditions and his theoretical writings informed Schütz's sacred music approach.",0.70,0.75,0.30,pending
claudio-monteverdi-1567,jean-baptiste-lully-1632,"Monteverdi's innovations in opera and dramatic music significantly shaped the development of French Baroque opera, influencing Lully's compositional style and theatrical approach.",0.80,0.90,0.40,pending
girolamo-frescobaldi-1583,jean-baptiste-lully-1632,"Frescobaldi's keyboard works and expressive style influenced Lully's instrumental compositions and his approach to rhythm and ornamentation.",0.60,0.80,0.50,pending
heinrich-schutz-1585,jean-baptiste-lully-1632,"Schütz's mastery of early Baroque vocal music and his use of dramatic expression impacted Lully's vocal writing and sacred music style.",0.50,0.70,0.60,pending
claudio-monteverdi-1567,marc-antoine-charpentier-1636,"Monteverdi's pioneering Baroque style and use of expressive vocal lines influenced Charpentier's sacred and secular compositions.",0.80,0.90,0.30,pending
jean-baptiste-lully-1632,marc-antoine-charpentier-1636,"Lully's dominance in French Baroque music and court style shaped Charpentier's approach to French opera and sacred music.",0.70,0.85,0.40,pending
heinrich-schutz-1585,marc-antoine-charpentier-1636,"Schütz's integration of Italian Baroque elements into German sacred music influenced Charpentier's own sacred compositions.",0.50,0.70,0.50,pending
jan-pieterszoon-sweelinck-1562,dietrich-buxtehude-1637,"Sweelinck was a major influence on Buxtehude's organ and vocal compositions, especially in the North German organ tradition.",0.90,1.00,0.30,pending
heinrich-schutz-1585,dietrich-buxtehude-1637,"Schütz's sacred vocal style and use of expressive text setting influenced Buxtehude's church music compositions.",0.70,0.90,0.40,pending
girolamo-frescobaldi-1583,dietrich-buxtehude-1637,"Frescobaldi's keyboard works and innovative use of form and ornamentation impacted Buxtehude's organ compositions.",0.60,0.80,0.50,pending
claudio-monteverdi-1567,dietrich-buxtehude-1637,"Monteverdi's early Baroque innovations in vocal music and dramatic expression influenced Buxtehude's sacred vocal works.",0.50,0.70,0.60,pending
heinrich-schutz-1585,heinrich-franz-von-biber-1644,"Heinrich Schütz was a major influence on Biber, especially in sacred music and the use of expressive text setting and polychoral techniques.",0.90,0.95,0.30,pending
claudio-monteverdi-1567,heinrich-franz-von-biber-1644,"Monteverdi's innovations in early Baroque style and expressive vocal writing influenced Biber's approach to composition and instrumental music.",0.70,0.85,0.40,pending
girolamo-frescobaldi-1583,heinrich-franz-von-biber-1644,"Frescobaldi's keyboard works and use of ornamentation and affective expression influenced Biber's instrumental writing and violin techniques.",0.60,0.80,0.50,pending
jan-pieterszoon-sweelinck-1562,johann-pachelbel-1653,"Pachelbel studied with Sweelinck's students and was influenced by Sweelinck's keyboard techniques and contrapuntal style.",0.80,0.90,0.30,pending
heinrich-schutz-1585,johann-pachelbel-1653,"Schütz's sacred music and use of expressive harmony influenced Pachelbel's church compositions.",0.70,0.80,0.40,pending
dietrich-buxtehude-1637,johann-pachelbel-1653,"Buxtehude's organ works and baroque style had a notable impact on Pachelbel's keyboard compositions.",0.70,0.85,0.40,pending
girolamo-frescobaldi-1583,johann-pachelbel-1653,"Frescobaldi's innovative keyboard music influenced Pachelbel's approach to organ and harpsichord compositions.",0.60,0.70,0.50,pending
giovanni-pierluigi-da-palestrina-1525,arcangelo-corelli-1653,"Corelli was influenced by Palestrina's clear polyphonic style and contrapuntal techniques, which shaped his approach to harmony and voice leading.",0.70,0.90,0.40,pending
claudio-monteverdi-1567,arcangelo-corelli-1653,"Monteverdi's innovations in expressive melody and basso continuo practice influenced Corelli's development of the Baroque concerto and sonata forms.",0.60,0.85,0.50,pending
girolamo-frescobaldi-1583,arcangelo-corelli-1653,"Frescobaldi's keyboard works and use of ornamentation and expressive rhythm informed Corelli's stylistic choices in instrumental music.",0.50,0.80,0.50,pending
heinrich-franz-von-biber-1644,arcangelo-corelli-1653,"Biber's virtuosic violin techniques and exploration of instrumental color influenced Corelli's violin compositions and technical demands.",0.60,0.75,0.40,pending
jean-baptiste-lully-1632,arcangelo-corelli-1653,"Lully's orchestral style and dance rhythms contributed to Corelli's development of the concerto grosso and his rhythmic vitality.",0.50,0.70,0.50,pending
jean-baptiste-lully-1632,marin-marais-1656,"Lully was a dominant figure in French Baroque music and greatly influenced Marais's style, especially in his operatic and court music compositions.",0.90,1.00,0.30,pending
marc-antoine-charpentier-1636,marin-marais-1656,"Charpentier's sacred and chamber music styles influenced Marais's compositional approach and use of harmony.",0.70,0.90,0.40,pending
dietrich-buxtehude-1637,marin-marais-1656,"Buxtehude's instrumental and organ music had an impact on Marais's development as a viol player and composer.",0.60,0.80,0.50,pending
claudio-monteverdi-1567,henry-purcell-1659,"Monteverdi's innovations in expressive vocal writing and early Baroque style influenced Purcell's approach to opera and vocal music.",0.70,0.90,0.40,pending
orlando-gibbons-1583,henry-purcell-1659,"Gibbons' English keyboard and choral music laid foundational stylistic elements that Purcell developed further in his compositions.",0.60,0.85,0.30,pending
giovanni-pierluigi-da-palestrina-1525,henry-purcell-1659,"Palestrina's mastery of counterpoint influenced the English choral tradition that Purcell inherited and expanded.",0.50,0.80,0.50,pending
jan-pieterszoon-sweelinck-1562,henry-purcell-1659,"Sweelinck's keyboard works and contrapuntal style influenced Purcell's organ and harpsichord compositions.",0.60,0.85,0.40,pending
dietrich-buxtehude-1637,henry-purcell-1659,"Buxtehude's organ and vocal music influenced Purcell's harmonic language and use of expressive dissonance.",0.50,0.75,0.50,pending
jean-baptiste-lully-1632,henry-purcell-1659,"Lully's French Baroque style and operatic innovations influenced Purcell's theatrical and court music.",0.60,0.80,0.50,pending
claudio-monteverdi-1567,alessandro-scarlatti-1660,"Monteverdi's pioneering work in early Baroque vocal music and opera significantly shaped the development of Italian Baroque style, which Scarlatti further developed.",0.80,0.90,0.30,pending
giovanni-pierluigi-da-palestrina-1525,alessandro-scarlatti-1660,"Palestrina's mastery of Renaissance polyphony influenced the sacred music tradition that Scarlatti inherited and adapted in his own compositions.",0.60,0.80,0.50,pending
arcangelo-corelli-1653,alessandro-scarlatti-1660,"Corelli's development of the concerto grosso and sonata forms influenced Scarlatti's instrumental writing and the Italian Baroque style.",0.70,0.85,0.40,pending
heinrich-schutz-1585,alessandro-scarlatti-1660,"Schütz's synthesis of Italian and German Baroque styles provided a model for expressive vocal and sacred music that impacted Scarlatti's compositions.",0.50,0.70,0.60,pending
jean-baptiste-lully-1632,alessandro-scarlatti-1660,"Lully's establishment of French Baroque opera and orchestral style influenced the broader European operatic tradition that Scarlatti engaged with.",0.40,0.60,0.70,pending
jean-baptiste-lully-1632,francois-couperin-1668,"Lully's establishment of the French Baroque style and court music traditions deeply influenced Couperin's compositional approach and style.",0.90,0.95,0.30,pending
marc-antoine-charpentier-1636,francois-couperin-1668,"Charpentier's sacred music and use of expressive harmony influenced Couperin's keyboard and chamber music compositions.",0.70,0.85,0.40,pending
girolamo-frescobaldi-1583,francois-couperin-1668,"Frescobaldi's keyboard works and ornamentation practices were important models for Couperin's harpsichord music.",0.80,0.90,0.35,pending
dietrich-buxtehude-1637,francois-couperin-1668,"Buxtehude's organ and harpsichord compositions influenced Couperin's contrapuntal and expressive keyboard style.",0.60,0.80,0.50,pending
arcangelo-corelli-1653,tomaso-albinoni-1671,"Corelli's development of the concerto grosso and sonata forms strongly influenced Albinoni's instrumental compositions, especially his concertos and sonatas.",0.90,0.95,0.30,pending
heinrich-schutz-1585,tomaso-albinoni-1671,"Schütz's early Baroque style and use of expressive vocal lines influenced the Italian Baroque tradition that Albinoni was part of.",0.50,0.70,0.50,pending
girolamo-frescobaldi-1583,tomaso-albinoni-1671,"Frescobaldi's keyboard works and innovations in Baroque instrumental music shaped the stylistic environment that influenced Albinoni's compositions.",0.60,0.75,0.40,pending
alessandro-scarlatti-1660,tomaso-albinoni-1671,"Scarlatti's operatic and instrumental style, particularly his development of the da capo aria and concerto form, influenced Albinoni's melodic and formal approach.",0.70,0.85,0.35,pending
arcangelo-corelli-1653,antonio-vivaldi-1678,"Corelli's development of the concerto grosso and violin technique strongly influenced Vivaldi's violin concertos and compositional style.",0.90,0.95,0.30,pending
girolamo-frescobaldi-1583,antonio-vivaldi-1678,"Frescobaldi's keyboard works and innovative use of rhythm and ornamentation influenced Vivaldi's approach to instrumental music.",0.60,0.80,0.50,pending
heinrich-schutz-1585,antonio-vivaldi-1678,"Schütz's sacred music and use of expressive text setting impacted Vivaldi's sacred vocal compositions.",0.50,0.70,0.60,pending
claudio-monteverdi-1567,antonio-vivaldi-1678,"Monteverdi's pioneering work in early Baroque vocal and instrumental music laid foundational stylistic elements that Vivaldi expanded upon.",0.70,0.90,0.40,pending
alessandro-scarlatti-1660,antonio-vivaldi-1678,"Scarlatti's operatic and cantata style influenced Vivaldi's vocal writing and dramatic expression.",0.70,0.85,0.40,pending
heinrich-schutz-1585,georg-philipp-telemann-1681,"Heinrich Schütz was a major influence on Telemann's early compositional style, especially in sacred music and the use of German Baroque idioms.",0.80,0.90,0.30,pending
dietrich-buxtehude-1637,georg-philipp-telemann-1681,"Buxtehude's organ and vocal works influenced Telemann's approach to counterpoint and church music.",0.70,0.85,0.40,pending
arcangelo-corelli-1653,georg-philipp-telemann-1681,"Corelli's violin sonatas and concerti grossi shaped Telemann's instrumental writing and his adoption of Italian styles.",0.75,0.85,0.35,pending
jean-baptiste-lully-1632,georg-philipp-telemann-1681,"Lully's French Baroque style influenced Telemann's orchestration and dance forms, reflecting his cosmopolitan style.",0.60,0.80,0.50,pending
heinrich-franz-von-biber-1644,georg-philipp-telemann-1681,"Biber's virtuosic violin techniques and expressive style impacted Telemann's string writing.",0.50,0.70,0.50,pending
johann-pachelbel-1653,georg-philipp-telemann-1681,"Pachelbel's keyboard and chamber music influenced Telemann's contrapuntal and harmonic language.",0.60,0.75,0.40,pending
jean-baptiste-lully-1632,jean-philippe-rameau-1683,"Lully was the dominant figure in French Baroque music and opera, shaping the French style that Rameau inherited and developed further.",0.90,1.00,0.30,pending
marc-antoine-charpentier-1636,jean-philippe-rameau-1683,"Charpentier's sacred music and harmonic language influenced Rameau's approach to harmony and composition.",0.60,0.80,0.40,pending
arcangelo-corelli-1653,jean-philippe-rameau-1683,"Corelli's violin sonatas and concerti grossi contributed to the development of Baroque instrumental style that Rameau absorbed.",0.50,0.70,0.50,pending
girolamo-frescobaldi-1583,jean-philippe-rameau-1683,"Frescobaldi's keyboard works influenced Rameau's keyboard compositions and his understanding of counterpoint and ornamentation.",0.50,0.70,0.50,pending
arcangelo-corelli-1653,alessandro-marcello-1684,"Corelli's violin sonatas and concerti grossi established a model for Baroque instrumental music that influenced Marcello's own compositions, especially in form and style.",0.80,0.90,0.30,pending
alessandro-scarlatti-1660,alessandro-marcello-1684,"Alessandro Scarlatti's vocal and instrumental works shaped the Italian Baroque style that Marcello inherited and adapted in his own compositions.",0.70,0.85,0.40,pending
johann-pachelbel-1653,alessandro-marcello-1684,"Pachelbel's keyboard and chamber music influenced the contrapuntal and harmonic language found in Marcello's keyboard and instrumental works.",0.60,0.80,0.50,pending
heinrich-schutz-1585,alessandro-marcello-1684,"Schütz's mastery of expressive vocal writing and early Baroque idioms contributed to the broader Baroque tradition that informed Marcello's style.",0.50,0.70,0.60,pending
alessandro-scarlatti-1660,domenico-scarlatti-1685,"Alessandro Scarlatti, Domenico's father, was a major influence on his early musical education and compositional style, especially in vocal and instrumental forms.",0.90,1.00,0.30,pending
arcangelo-corelli-1653,domenico-scarlatti-1685,"Corelli's violin sonatas and concerto grosso forms influenced the Baroque style and instrumental techniques that Domenico adopted and adapted in his keyboard sonatas.",0.70,0.90,0.40,pending
giovanni-pierluigi-da-palestrina-1525,domenico-scarlatti-1685,"Palestrina's contrapuntal mastery and sacred music tradition indirectly influenced the Italian Baroque style that shaped Scarlatti's compositional foundation.",0.40,0.70,0.70,pending
jean-baptiste-lully-1632,domenico-scarlatti-1685,"Lully's French Baroque style and dance rhythms influenced the stylistic elements found in some of Scarlatti's keyboard sonatas, especially those composed during his time in Spain and Portugal.",0.50,0.80,0.50,pending
georg-philipp-telemann-1681,domenico-scarlatti-1685,"Telemann's prolific output and blending of national styles paralleled and influenced the cosmopolitan Baroque idiom that Scarlatti also embraced.",0.40,0.60,0.60,pending
johann-sebastian-bach-1685,domenico-scarlatti-1685,"Bach's contrapuntal techniques and keyboard works were contemporaneous influences that shaped the complexity and inventiveness of Scarlatti's sonatas.",0.80,0.90,0.40,pending
george-frideric-handel-1685,domenico-scarlatti-1685,"Handel's operatic and instrumental style influenced the dramatic and virtuosic elements in Scarlatti's keyboard compositions.",0.60,0.80,0.50,pending
dietrich-buxtehude-1637,johann-sebastian-bach-1685,"Bach famously studied with and was deeply influenced by Buxtehude's organ and compositional style, especially in his early years.",0.90,1.00,0.30,pending
heinrich-schutz-1585,johann-sebastian-bach-1685,"Schütz's mastery of early Baroque vocal and choral techniques influenced Bach's sacred music compositions.",0.70,0.90,0.40,pending
johann-pachelbel-1653,johann-sebastian-bach-1685,"Pachelbel's keyboard and compositional style, especially his chorale preludes, influenced Bach's early keyboard works.",0.80,0.95,0.30,pending
arcangelo-corelli-1653,johann-sebastian-bach-1685,"Corelli's development of the concerto grosso and violin technique influenced Bach's instrumental and orchestral writing.",0.70,0.85,0.40,pending
girolamo-frescobaldi-1583,johann-sebastian-bach-1685,"Frescobaldi's keyboard works and innovations in counterpoint and ornamentation influenced Bach's organ and harpsichord compositions.",0.75,0.90,0.35,pending
georg-philipp-telemann-1681,johann-sebastian-bach-1685,"Telemann, a contemporary and friend, influenced Bach through shared musical ideas and the popular styles of the time.",0.60,0.80,0.50,pending
claudio-monteverdi-1567,johann-sebastian-bach-1685,"Monteverdi's early Baroque innovations in vocal music and dramatic expression influenced the development of Bach's sacred vocal works.",0.50,0.70,0.60,pending
arcangelo-corelli-1653,george-frideric-handel-1685,"Handel was heavily influenced by Corelli's violin sonatas and concerto grosso style, which shaped his own instrumental compositions.",0.90,0.95,0.30,pending
jean-baptiste-lully-1632,george-frideric-handel-1685,"Handel adopted elements of Lully's French operatic and orchestral style during his time in Italy and England.",0.70,0.90,0.40,pending
heinrich-schutz-1585,george-frideric-handel-1685,"Schütz's sacred music and use of expressive text setting influenced Handel's oratorios and choral works.",0.60,0.85,0.50,pending
giovanni-pierluigi-da-palestrina-1525,george-frideric-handel-1685,"Handel was influenced by Palestrina's polyphonic vocal style, especially in his sacred choral compositions.",0.50,0.80,0.60,pending
georg-philipp-telemann-1681,george-frideric-handel-1685,"Telemann and Handel were contemporaries with mutual influence, but Telemann's prolific output and style influenced Handel's approach to orchestration and form.",0.50,0.70,0.40,pending
alessandro-scarlatti-1660,george-frideric-handel-1685,"Scarlatti's Italian operatic style and da capo aria form were important models for Handel's operas.",0.80,0.90,0.30,pending
henry-purcell-1659,george-frideric-handel-1685,"Purcell's English vocal music and dramatic style influenced Handel's English oratorios and operas.",0.70,0.85,0.40,pending
arcangelo-corelli-1653,benedetto-marcello-1686,"Marcello was influenced by Corelli's Baroque style, especially in his use of counterpoint and instrumental forms.",0.80,0.90,0.30,pending
alessandro-scarlatti-1660,benedetto-marcello-1686,"Scarlatti's vocal and instrumental compositions shaped Marcello's approach to melody and harmony in the Baroque tradition.",0.70,0.85,0.40,pending
claudio-monteverdi-1567,benedetto-marcello-1686,"Monteverdi's pioneering work in early Baroque vocal music influenced Marcello's sacred and secular vocal compositions.",0.60,0.80,0.50,pending
heinrich-schutz-1585,benedetto-marcello-1686,"Schütz's expressive sacred music and use of text setting impacted Marcello's own sacred compositions.",0.50,0.75,0.50,pending
arcangelo-corelli-1653,giuseppe-tartini-1692,"Corelli's violin technique and concerto grosso form significantly influenced Tartini's violin compositions and style.",0.90,0.95,0.30,pending
heinrich-franz-von-biber-1644,giuseppe-tartini-1692,"Biber's virtuosic violin writing and use of scordatura tuning influenced Tartini's approach to violin technique and expression.",0.70,0.85,0.40,pending
alessandro-scarlatti-1660,giuseppe-tartini-1692,"Scarlatti's operatic and instrumental style shaped the Baroque musical environment that Tartini absorbed, especially in melodic and harmonic language.",0.60,0.80,0.50,pending
antonio-vivaldi-1678,giuseppe-tartini-1692,"Vivaldi's violin concertos and virtuosic style were a direct influence on Tartini's compositions and violin technique.",0.80,0.90,0.30,pending
johann-pachelbel-1653,giuseppe-tartini-1692,"Pachelbel's harmonic progressions and contrapuntal style contributed to the Baroque tradition that informed Tartini's compositional approach.",0.50,0.70,0.60,pending
alessandro-scarlatti-1660,giovanni-battista-pergolesi-1710,"Pergolesi was heavily influenced by Alessandro Scarlatti's operatic and sacred music style, especially in his use of melodic expressiveness and early Neapolitan opera forms.",0.90,0.95,0.30,pending
antonio-vivaldi-1678,giovanni-battista-pergolesi-1710,"Vivaldi's instrumental and vocal writing influenced Pergolesi's approach to melody and orchestration, particularly in his concertato style and ritornello forms.",0.70,0.85,0.40,pending
georg-philipp-telemann-1681,giovanni-battista-pergolesi-1710,"Telemann's synthesis of Italian, French, and German styles provided a model for Pergolesi's blending of national styles in his sacred and secular compositions.",0.50,0.70,0.50,pending
johann-sebastian-bach-1685,carl-philipp-emanuel-bach-1714,"Carl Philipp Emanuel Bach was the son of Johann Sebastian Bach and was deeply influenced by his father's compositional style and contrapuntal techniques.",0.90,1.00,0.30,pending
georg-philipp-telemann-1681,carl-philipp-emanuel-bach-1714,"Telemann was a major figure in the German Baroque and influenced C.P.E. Bach's early compositional style and approach to instrumental music.",0.70,0.90,0.40,pending
domenico-scarlatti-1685,carl-philipp-emanuel-bach-1714,"Scarlatti's keyboard works influenced C.P.E. Bach's development of expressive keyboard techniques and sonata form.",0.60,0.80,0.50,pending
george-frideric-handel-1685,carl-philipp-emanuel-bach-1714,"Handel's dramatic and expressive style had an impact on C.P.E. Bach's approach to melody and affect in his compositions.",0.50,0.70,0.50,pending
jean-philippe-rameau-1683,carl-philipp-emanuel-bach-1714,"Rameau's theoretical work and harmonic innovations influenced C.P.E. Bach's harmonic language and keyboard writing.",0.50,0.70,0.60,pending
dietrich-buxtehude-1637,carl-philipp-emanuel-bach-1714,"Buxtehude's organ and vocal works influenced the North German Baroque tradition that shaped C.P.E. Bach's early musical environment.",0.40,0.60,0.60,pending
jean-baptiste-lully-1632,christoph-willibald-von-gluck-1714,"Gluck was heavily influenced by Lully's French operatic style, especially in his reform operas which sought to simplify and dramatize opera.",0.90,1.00,0.30,pending
georg-philipp-telemann-1681,christoph-willibald-von-gluck-1714,"Telemann's blend of Italian, French, and German styles influenced Gluck's compositional approach and orchestration.",0.60,0.80,0.50,pending
jean-philippe-rameau-1683,christoph-willibald-von-gluck-1714,"Rameau's harmonic innovations and operatic works were a significant influence on Gluck's operatic reform and harmonic language.",0.70,0.90,0.40,pending
arcangelo-corelli-1653,christoph-willibald-von-gluck-1714,"Corelli's development of the concerto grosso and his melodic style influenced Gluck's orchestral writing and formal clarity.",0.50,0.70,0.50,pending
alessandro-scarlatti-1660,christoph-willibald-von-gluck-1714,"Scarlatti's operatic and vocal style, especially in the Neapolitan tradition, shaped Gluck's early operatic compositions.",0.60,0.80,0.40,pending
georg-philipp-telemann-1681,christoph-willibald-von-gluck-1714,"Telemann's prolific output and synthesis of national styles provided a model for Gluck's own stylistic integration.",0.60,0.80,0.50,pending
johann-sebastian-bach-1685,franz-joseph-haydn-1732,"Haydn studied Bach's contrapuntal techniques and was influenced by his mastery of fugue and Baroque forms.",0.80,1.00,0.30,pending
george-frideric-handel-1685,franz-joseph-haydn-1732,"Haydn admired Handel's dramatic oratorios and incorporated elements of his style into his own vocal and choral works.",0.70,0.90,0.40,pending
carl-philipp-emanuel-bach-1714,franz-joseph-haydn-1732,"C.P.E. Bach's expressive style and keyboard works influenced Haydn's development of the Classical style and his keyboard compositions.",0.75,0.95,0.35,pending
georg-philipp-telemann-1681,franz-joseph-haydn-1732,"Telemann's prolific output and blending of French, Italian, and German styles provided a model for Haydn's synthesis of diverse musical traditions.",0.60,0.80,0.50,pending
arcangelo-corelli-1653,franz-joseph-haydn-1732,"Corelli's development of the concerto grosso and sonata forms influenced Haydn's instrumental writing and formal structures.",0.65,0.85,0.40,pending
johann-sebastian-bach-1685,johann-christian-bach-1735,"Johann Christian Bach was the youngest son of Johann Sebastian Bach and was directly influenced by his father's Baroque compositional style and mastery of counterpoint.",0.80,1.00,0.40,pending
george-frideric-handel-1685,johann-christian-bach-1735,"Handel's operatic and orchestral style influenced J.C. Bach, especially in his own operas and symphonic works during his time in London.",0.70,0.90,0.50,pending
carl-philipp-emanuel-bach-1714,johann-christian-bach-1735,"As his older brother, C.P.E. Bach's expressive and empfindsamer Stil influenced J.C. Bach's melodic and harmonic language.",0.70,0.95,0.40,pending
christoph-willibald-von-gluck-1714,johann-christian-bach-1735,"Gluck's operatic reforms and emphasis on dramatic clarity influenced J.C. Bach's operatic compositions.",0.50,0.80,0.50,pending
franz-joseph-haydn-1732,johann-christian-bach-1735,"Haydn and J.C. Bach were contemporaries and shared stylistic traits of the early Classical style, with mutual influence in symphonic and chamber music.",0.40,0.70,0.50,pending
franz-joseph-haydn-1732,karl-ditters-von-dittersdorf-1739,"Haydn was a leading figure of the Classical style and a contemporary who influenced Dittersdorf's symphonic and chamber music through shared stylistic traits and mutual acquaintance.",0.80,0.90,0.30,pending
wolfgang-amadeus-mozart-1756,karl-ditters-von-dittersdorf-1739,"Mozart and Dittersdorf were contemporaries and friends, with Mozart's operatic and symphonic style influencing Dittersdorf's compositions.",0.70,0.85,0.40,pending
carl-philipp-emanuel-bach-1714,karl-ditters-von-dittersdorf-1739,"C.P.E. Bach's expressive style and keyboard works influenced Dittersdorf's approach to melody and form in the early Classical period.",0.60,0.80,0.50,pending
christoph-willibald-von-gluck-1714,karl-ditters-von-dittersdorf-1739,"Gluck's operatic reforms and emphasis on dramatic expression influenced Dittersdorf's operatic compositions.",0.60,0.75,0.50,pending
franz-joseph-haydn-1732,luigi-boccherini-1743,"Haydn's development of the string quartet and classical style significantly influenced Boccherini's chamber music compositions.",0.80,0.90,0.30,pending
johann-sebastian-bach-1685,luigi-boccherini-1743,"Bach's mastery of counterpoint and baroque forms provided a foundational influence on Boccherini's early compositional techniques.",0.60,0.80,0.50,pending
georg-philipp-telemann-1681,luigi-boccherini-1743,"Telemann's prolific output and blending of French, Italian, and German styles influenced Boccherini's melodic and formal approaches.",0.50,0.70,0.50,pending
antonio-vivaldi-1678,luigi-boccherini-1743,"Vivaldi's virtuosic violin writing and concerto forms influenced Boccherini's string compositions and instrumental techniques.",0.60,0.70,0.40,pending
carl-philipp-emanuel-bach-1714,luigi-boccherini-1743,"C.P.E. Bach's expressive style and early classical innovations shaped Boccherini's approach to melody and form.",0.70,0.80,0.40,pending
johann-sebastian-bach-1685,carl-stamitz-1745,"Stamitz was influenced by Bach's mastery of counterpoint and Baroque forms, which shaped his early compositional style.",0.70,0.90,0.40,pending
georg-philipp-telemann-1681,carl-stamitz-1745,"Telemann's prolific output and blending of French, Italian, and German styles influenced Stamitz's approach to orchestration and melody.",0.60,0.80,0.50,pending
carl-philipp-emanuel-bach-1714,carl-stamitz-1745,"C.P.E. Bach's expressive style and emphasis on empfindsamer Stil had a direct impact on Stamitz's early classical idiom.",0.80,0.95,0.30,pending
christoph-willibald-von-gluck-1714,carl-stamitz-1745,"Gluck's operatic reforms and emphasis on dramatic clarity influenced Stamitz's orchestral writing and thematic development.",0.50,0.70,0.50,pending
franz-joseph-haydn-1732,carl-stamitz-1745,"Haydn's development of the classical symphony and string quartet forms influenced Stamitz's contributions to the Mannheim school and orchestral music.",0.90,0.95,0.20,pending
christoph-willibald-von-gluck-1714,antonio-salieri-1750,"Gluck's operatic reforms and emphasis on dramatic expression significantly influenced Salieri's operatic style and compositional approach.",0.90,0.95,0.30,pending
franz-joseph-haydn-1732,antonio-salieri-1750,"Haydn's classical style and mastery of symphonic and chamber music forms influenced Salieri's instrumental compositions.",0.70,0.90,0.40,pending
johann-christian-bach-1735,antonio-salieri-1750,"J.C. Bach's galant style and keyboard works helped shape Salieri's early compositional style and melodic sensibility.",0.60,0.85,0.50,pending
wolfgang-amadeus-mozart-1756,antonio-salieri-1750,"Mozart and Salieri were contemporaries with mutual influence, but Mozart's innovative operatic and symphonic style impacted Salieri's later works.",0.50,0.80,0.60,pending
franz-joseph-haydn-1732,wolfgang-amadeus-mozart-1756,"Haydn was a close friend and mentor to Mozart, influencing his development in symphonic and chamber music forms.",0.90,1.00,0.20,pending
carl-philipp-emanuel-bach-1714,wolfgang-amadeus-mozart-1756,"C.P.E. Bach's expressive style and keyboard works influenced Mozart's approach to piano composition and emotional expression.",0.70,0.90,0.30,pending
johann-sebastian-bach-1685,wolfgang-amadeus-mozart-1756,"Mozart studied J.S. Bach's contrapuntal techniques, which informed his compositional craftsmanship and fugue writing.",0.60,0.95,0.40,pending
george-frideric-handel-1685,wolfgang-amadeus-mozart-1756,"Mozart admired Handel's operatic and oratorio styles, incorporating elements of his dramatic and choral writing.",0.50,0.85,0.50,pending
christoph-willibald-von-gluck-1714,wolfgang-amadeus-mozart-1756,"Gluck's operatic reforms influenced Mozart's operatic style, emphasizing drama and natural expression.",0.60,0.90,0.30,pending
antonio-salieri-1750,wolfgang-amadeus-mozart-1756,"Salieri was a teacher and contemporary of Mozart, influencing his operatic composition and style.",0.40,0.80,0.40,pending
domenico-scarlatti-1685,wolfgang-amadeus-mozart-1756,"Scarlatti's keyboard sonatas influenced Mozart's piano writing and virtuosic style.",0.50,0.85,0.40,pending
christoph-willibald-von-gluck-1714,luigi-cherubini-1760,"Cherubini was influenced by Gluck's operatic reforms, particularly the emphasis on dramatic expression and clarity in opera.",0.80,0.90,0.30,pending
wolfgang-amadeus-mozart-1756,luigi-cherubini-1760,"Mozart's classical style and operatic works influenced Cherubini's compositional approach, especially in his operas and sacred music.",0.70,0.85,0.40,pending
franz-joseph-haydn-1732,luigi-cherubini-1760,"Haydn's development of classical forms and symphonic structure influenced Cherubini's instrumental and choral compositions.",0.60,0.80,0.50,pending
ludwig-van-beethoven-1770,luigi-cherubini-1760,"Beethoven and Cherubini were contemporaries, and Beethoven admired Cherubini's mastery of counterpoint and dramatic intensity, indicating mutual influence.",0.50,0.70,0.40,pending
antonio-salieri-1750,luigi-cherubini-1760,"Salieri, as a prominent figure in Viennese and Italian opera, influenced Cherubini's operatic style and compositional techniques.",0.50,0.75,0.50,pending
franz-joseph-haydn-1732,ludwig-van-beethoven-1770,"Haydn was Beethoven's teacher and mentor, significantly shaping his early compositional style and classical form.",0.90,1.00,0.30,pending
wolfgang-amadeus-mozart-1756,ludwig-van-beethoven-1770,"Mozart's works influenced Beethoven's melodic and harmonic language, especially in his early and middle periods.",0.85,1.00,0.40,pending
carl-philipp-emanuel-bach-1714,ludwig-van-beethoven-1770,"C.P.E. Bach's expressive style and keyboard works influenced Beethoven's approach to emotional depth and keyboard technique.",0.70,0.90,0.50,pending
christoph-willibald-von-gluck-1714,ludwig-van-beethoven-1770,"Gluck's operatic reforms and dramatic expression impacted Beethoven's approach to opera and dramatic music.",0.60,0.80,0.60,pending
ludwig-van-beethoven-1770,fernando-sor-1778,"Beethoven's classical style and innovations in form and expression influenced Sor's compositional approach, especially in his guitar sonatas and variations.",0.70,0.90,0.40,pending
wolfgang-amadeus-mozart-1756,fernando-sor-1778,"Mozart's clarity, balance, and melodic elegance shaped Sor's classical guitar compositions and his approach to musical form.",0.60,0.85,0.50,pending
franz-joseph-haydn-1732,fernando-sor-1778,"Haydn's development of classical forms and thematic development influenced Sor's compositional style and structure.",0.50,0.80,0.50,pending
luigi-boccherini-1743,fernando-sor-1778,"Boccherini's string compositions and melodic style influenced Sor's lyrical and elegant guitar writing.",0.40,0.70,0.60,pending
wolfgang-amadeus-mozart-1756,johann-nepomuk-hummel-1778,"Hummel was a student of Mozart and was heavily influenced by his classical style and compositional techniques.",0.90,1.00,0.30,pending
franz-joseph-haydn-1732,johann-nepomuk-hummel-1778,"Haydn's classical forms and orchestration influenced Hummel's compositional approach, especially in symphonic and chamber music.",0.70,0.90,0.40,pending
ludwig-van-beethoven-1770,johann-nepomuk-hummel-1778,"Beethoven's innovative harmonic language and dramatic expression impacted Hummel's later works, though Hummel maintained a more classical style.",0.60,0.80,0.50,pending
carl-philipp-emanuel-bach-1714,johann-nepomuk-hummel-1778,"C.P.E. Bach's expressive keyboard style and empfindsamer Stil influenced Hummel's piano compositions and teaching.",0.70,0.85,0.40,pending
johann-christian-bach-1735,johann-nepomuk-hummel-1778,"J.C. Bach's galant style and keyboard works shaped Hummel's early compositional style and pianistic approach.",0.65,0.80,0.40,pending
giuseppe-tartini-1692,niccolo-paganini-1782,"Tartini was a pioneering violin virtuoso and composer whose techniques and expressive style influenced Paganini's violin playing and compositions.",0.80,0.90,0.30,pending
antonio-vivaldi-1678,niccolo-paganini-1782,"Vivaldi's virtuosic violin concertos and innovative techniques set a precedent for violinists like Paganini.",0.70,0.85,0.40,pending
arcangelo-corelli-1653,niccolo-paganini-1782,"Corelli's violin sonatas and concerti grossi established foundational violin techniques and forms that influenced Paganini.",0.60,0.80,0.50,pending
luigi-boccherini-1743,niccolo-paganini-1782,"Boccherini's string compositions and cello virtuosity contributed to the development of string technique during Paganini's formative years.",0.50,0.70,0.60,pending
wolfgang-amadeus-mozart-1756,niccolo-paganini-1782,"Mozart's classical style and violin concertos influenced Paganini's musical language and compositional approach.",0.60,0.85,0.50,pending
ludwig-van-beethoven-1770,niccolo-paganini-1782,"Beethoven's innovative compositions and dramatic expressiveness impacted Paganini's artistic development and performance style.",0.60,0.80,0.50,pending
wolfgang-amadeus-mozart-1756,john-field-1782,"Field was influenced by Mozart's classical style and piano compositions, which shaped his approach to melody and form.",0.70,0.90,0.40,pending
ludwig-van-beethoven-1770,john-field-1782,"Beethoven's early piano works and innovations in form and expression influenced Field's development of the nocturne and piano style.",0.60,0.85,0.50,pending
carl-philipp-emanuel-bach-1714,john-field-1782,"C.P.E. Bach's expressive keyboard style and empfindsamer Stil influenced Field's lyrical and expressive piano writing.",0.50,0.80,0.50,pending
franz-joseph-haydn-1732,john-field-1782,"Haydn's classical structures and thematic development provided a foundation for Field's compositional techniques.",0.50,0.80,0.50,pending
ludwig-van-beethoven-1770,louis-spohr-1784,"Spohr was influenced by Beethoven's symphonic and chamber music innovations, adopting structural clarity and expressive depth.",0.80,0.90,0.30,pending
franz-joseph-haydn-1732,louis-spohr-1784,"Haydn's classical forms and orchestration techniques shaped Spohr's early compositional style.",0.70,0.85,0.40,pending
wolfgang-amadeus-mozart-1756,louis-spohr-1784,"Mozart's melodic elegance and formal balance influenced Spohr's operatic and instrumental works.",0.75,0.90,0.35,pending
carl-philipp-emanuel-bach-1714,louis-spohr-1784,"C.P.E. Bach's expressive style and keyboard works impacted Spohr's approach to melody and harmony.",0.50,0.70,0.50,pending
antonio-salieri-1750,louis-spohr-1784,"Salieri's operatic style and teaching influenced Spohr's development as an opera composer and conductor.",0.60,0.75,0.40,pending
christoph-willibald-von-gluck-1714,carl-maria-von-weber-1786,"Weber admired Gluck's operatic reforms and dramatic expressiveness, which influenced his own approach to opera composition.",0.80,0.90,0.40,pending
wolfgang-amadeus-mozart-1756,carl-maria-von-weber-1786,"Mozart's operatic style and orchestration had a significant impact on Weber's development as a composer, especially in his operas.",0.90,0.95,0.30,pending
ludwig-van-beethoven-1770,carl-maria-von-weber-1786,"Beethoven's innovations in symphonic and dramatic music influenced Weber's compositional style and his expansion of orchestral color.",0.70,0.85,0.50,pending
carl-philipp-emanuel-bach-1714,carl-maria-von-weber-1786,"C.P.E. Bach's expressive style and keyboard works influenced Weber's early keyboard compositions and his sense of musical rhetoric.",0.60,0.80,0.60,pending
luigi-cherubini-1760,gioachino-rossini-1792,"Cherubini was a prominent figure in Italian opera and a teacher to Rossini, influencing his compositional style and operatic techniques.",0.80,0.90,0.30,pending
wolfgang-amadeus-mozart-1756,gioachino-rossini-1792,"Mozart's operatic works, especially his mastery of opera buffa and opera seria, significantly influenced Rossini's operatic style and structure.",0.90,0.95,0.40,pending
christoph-willibald-von-gluck-1714,gioachino-rossini-1792,"Gluck's reforms in opera, emphasizing dramatic coherence and orchestral color, impacted Rossini's approach to opera composition.",0.70,0.85,0.50,pending
franz-joseph-haydn-1732,gioachino-rossini-1792,"Haydn's classical style and development of symphonic and chamber music forms influenced Rossini's orchestration and musical language.",0.60,0.80,0.50,pending
ludwig-van-beethoven-1770,gioachino-rossini-1792,"Beethoven's dramatic intensity and innovations in form and harmony had an indirect but notable influence on Rossini's operatic and orchestral writing.",0.50,0.75,0.60,pending
ludwig-van-beethoven-1770,franz-berwald-1796,"Beethoven's symphonic and structural innovations deeply influenced Berwald's approach to symphonic composition and his development of a personal style within the Romantic tradition.",0.80,0.90,0.40,pending
franz-schubert-1797,franz-berwald-1796,"Schubert's lyrical melodies and harmonic language influenced Berwald's melodic style and his use of song-like themes in instrumental music.",0.70,0.85,0.50,pending
carl-philipp-emanuel-bach-1714,franz-berwald-1796,"Berwald admired C.P.E. Bach's expressive style and empfindsamer Stil, which informed his own expressive and sometimes unconventional harmonic language.",0.50,0.70,0.60,pending
felix-mendelssohn-1809,franz-berwald-1796,"Mendelssohn's clarity of form and orchestration influenced Berwald's symphonic writing and his balance between classical structure and romantic expression.",0.60,0.80,0.50,pending
franz-joseph-haydn-1732,franz-schubert-1797,"Haydn's classical forms and symphonic style influenced Schubert's early symphonic and chamber works.",0.70,0.90,0.40,pending
wolfgang-amadeus-mozart-1756,franz-schubert-1797,"Mozart's melodic invention and operatic style deeply influenced Schubert's lieder and orchestral writing.",0.80,0.95,0.30,pending
ludwig-van-beethoven-1770,franz-schubert-1797,"Beethoven's dramatic intensity and expansion of classical forms shaped Schubert's late symphonies and sonatas.",0.90,1.00,0.50,pending
antonio-salieri-1750,franz-schubert-1797,"Salieri was Schubert's teacher and influenced his early compositional technique and operatic style.",0.60,0.85,0.60,pending
carl-philipp-emanuel-bach-1714,franz-schubert-1797,"C.P.E. Bach's expressive style and keyboard works influenced Schubert's piano compositions and harmonic language.",0.50,0.70,0.50,pending
gioachino-rossini-1792,gaetano-donizetti-1797,"Rossini's operatic style and success in Italian opera significantly shaped Donizetti's compositional approach and career path.",0.90,0.95,0.30,pending
luigi-cherubini-1760,gaetano-donizetti-1797,"Cherubini's mastery of classical forms and dramatic expression influenced Donizetti's operatic writing and orchestration.",0.70,0.85,0.40,pending
wolfgang-amadeus-mozart-1756,gaetano-donizetti-1797,"Mozart's operas provided a foundational model for melodic invention and dramatic structure that Donizetti admired and emulated.",0.80,0.90,0.35,pending
ludwig-van-beethoven-1770,gaetano-donizetti-1797,"Beethoven's innovations in harmony and dramatic intensity influenced the broader musical environment in which Donizetti composed.",0.50,0.80,0.60,pending
gioachino-rossini-1792,vincenzo-bellini-1801,"Rossini's operatic style and success in Italian opera significantly influenced Bellini's melodic and dramatic approach.",0.90,0.95,0.30,pending
luigi-cherubini-1760,vincenzo-bellini-1801,"Cherubini's mastery of classical form and dramatic expression impacted Bellini's compositional technique and operatic structure.",0.60,0.80,0.40,pending
wolfgang-amadeus-mozart-1756,vincenzo-bellini-1801,"Mozart's operatic works provided a foundational influence on Bellini's sense of melody and operatic drama.",0.70,0.85,0.50,pending
luigi-boccherini-1743,vincenzo-bellini-1801,"Boccherini's elegant melodic style and classical forms influenced Bellini's early musical education and compositional style.",0.40,0.70,0.60,pending
ludwig-van-beethoven-1770,hector-berlioz-1803,"Berlioz was deeply influenced by Beethoven's symphonic innovations and dramatic intensity, which shaped his approach to orchestration and programmatic music.",0.90,1.00,0.40,pending
christoph-willibald-von-gluck-1714,hector-berlioz-1803,"Berlioz admired Gluck's operatic reforms and dramatic expressiveness, which influenced his own operatic compositions and ideas about musical drama.",0.70,0.90,0.50,pending
gioachino-rossini-1792,hector-berlioz-1803,"Rossini's operatic style and orchestration techniques influenced Berlioz, especially in his early operatic works and his understanding of vocal writing.",0.60,0.80,0.50,pending
franz-schubert-1797,hector-berlioz-1803,"Schubert's lyrical melodies and harmonic language had an impact on Berlioz's melodic development and emotional expression.",0.50,0.70,0.60,pending
luigi-cherubini-1760,hector-berlioz-1803,"Cherubini was Berlioz's teacher and mentor, influencing his compositional technique and understanding of classical forms.",0.80,0.95,0.30,pending
ludwig-van-beethoven-1770,mikhail-ivanovich-glinka-1804,"Beethoven's symphonic and dramatic style influenced Glinka's approach to orchestration and nationalistic themes.",0.80,0.90,0.40,pending
gioachino-rossini-1792,mikhail-ivanovich-glinka-1804,"Rossini's operatic style and melodic invention had a strong impact on Glinka's operas, especially in vocal writing and dramatic pacing.",0.70,0.85,0.50,pending
franz-schubert-1797,mikhail-ivanovich-glinka-1804,"Schubert's lyrical melodies and harmonic language influenced Glinka's melodic development and song-like qualities in his compositions.",0.60,0.80,0.50,pending
luigi-cherubini-1760,mikhail-ivanovich-glinka-1804,"Cherubini's mastery of classical forms and dramatic expression influenced Glinka's compositional technique and operatic structure.",0.50,0.70,0.60,pending
johann-sebastian-bach-1685,felix-mendelssohn-1809,"Mendelssohn was deeply influenced by Bach, notably reviving Bach's music such as the St. Matthew Passion and incorporating Baroque contrapuntal techniques into his compositions.",0.90,1.00,0.30,pending
ludwig-van-beethoven-1770,felix-mendelssohn-1809,"Beethoven's symphonic and structural innovations influenced Mendelssohn's approach to form and orchestration, especially in his symphonies and concertos.",0.80,1.00,0.40,pending
wolfgang-amadeus-mozart-1756,felix-mendelssohn-1809,"Mozart's clarity, balance, and melodic grace shaped Mendelssohn's classical style and his emphasis on formal elegance.",0.70,0.90,0.40,pending
franz-schubert-1797,felix-mendelssohn-1809,"Schubert's lyrical melodies and harmonic language influenced Mendelssohn's song writing and expressive chamber music.",0.60,0.80,0.50,pending
carl-philipp-emanuel-bach-1714,felix-mendelssohn-1809,"C.P.E. Bach's expressive style and empfindsamer Stil contributed to Mendelssohn's sensitivity in keyboard and chamber works.",0.50,0.70,0.50,pending
luigi-cherubini-1760,felix-mendelssohn-1809,"Cherubini's mastery of counterpoint and classical form influenced Mendelssohn's compositional technique and his sacred music.",0.40,0.70,0.50,pending
ludwig-van-beethoven-1770,robert-schumann-1810,"Beethoven's innovative structures and emotional depth profoundly shaped Schumann's compositional approach and artistic ideals.",0.90,1.00,0.30,pending
franz-schubert-1797,robert-schumann-1810,"Schumann admired Schubert's lyrical melodies and song cycles, influencing his own Lieder and expressive style.",0.80,1.00,0.40,pending
felix-mendelssohn-1809,robert-schumann-1810,"Mendelssohn's clarity, classical balance, and revival of earlier music inspired Schumann's compositional and editorial work.",0.70,1.00,0.40,pending
carl-maria-von-weber-1786,robert-schumann-1810,"Weber's Romantic operatic style and orchestration influenced Schumann's dramatic and programmatic compositions.",0.60,0.90,0.50,pending
franz-liszt-1811,robert-schumann-1810,"Though contemporaries, Liszt's virtuosic piano style and thematic transformation techniques influenced Schumann's piano works.",0.50,0.80,0.60,pending
hector-berlioz-1803,robert-schumann-1810,"Berlioz's innovative orchestration and program music had an impact on Schumann's symphonic and orchestral writing.",0.50,0.80,0.60,pending
john-field-1782,frederic-chopin-1810,"John Field's development of the nocturne form directly influenced Chopin's own nocturnes, shaping his lyrical piano style.",0.90,0.95,0.30,pending
ludwig-van-beethoven-1770,frederic-chopin-1810,"Beethoven's innovations in piano composition and expressive depth influenced Chopin's approach to piano music and emotional expression.",0.80,0.90,0.40,pending
franz-schubert-1797,frederic-chopin-1810,"Schubert's melodic lyricism and harmonic language influenced Chopin's melodic writing and song-like piano pieces.",0.70,0.85,0.40,pending
franz-joseph-haydn-1732,frederic-chopin-1810,"Haydn's classical forms and clarity of structure provided a foundation that Chopin built upon in his own compositions.",0.60,0.80,0.50,pending
wolfgang-amadeus-mozart-1756,frederic-chopin-1810,"Mozart's elegance, clarity, and melodic grace influenced Chopin's compositional style and pianistic expression.",0.70,0.90,0.40,pending
carl-philipp-emanuel-bach-1714,frederic-chopin-1810,"C.P.E. Bach's expressive keyboard style and use of empfindsamer Stil influenced Chopin's nuanced and expressive piano writing.",0.70,0.85,0.40,pending
fernando-sor-1778,frederic-chopin-1810,"Sor's guitar compositions and teaching influenced Chopin's early musical education and understanding of instrumental technique.",0.50,0.70,0.60,pending
ludwig-van-beethoven-1770,franz-liszt-1811,"Liszt was deeply influenced by Beethoven's symphonic and piano works, adopting and expanding upon Beethoven's dramatic and structural innovations.",0.90,1.00,0.30,pending
franz-schubert-1797,franz-liszt-1811,"Liszt admired Schubert's melodic gift and harmonic language, often transcribing and promoting Schubert's lieder and piano works.",0.70,0.90,0.40,pending
hector-berlioz-1803,franz-liszt-1811,"Berlioz's orchestration and programmatic music influenced Liszt's own symphonic poems and orchestral writing.",0.70,0.90,0.50,pending
frederic-chopin-1810,franz-liszt-1811,"Chopin's piano style and poetic expression influenced Liszt's piano compositions and performance style.",0.80,0.95,0.40,pending
niccolo-paganini-1782,franz-liszt-1811,"Paganini's virtuosic violin technique inspired Liszt to develop unprecedented piano virtuosity and technical innovations.",0.85,1.00,0.30,pending
richard-wagner-1813,franz-liszt-1811,"Wagner's harmonic language and leitmotif technique influenced Liszt's late harmonic experiments and thematic transformations.",0.60,0.90,0.60,pending
franz-joseph-haydn-1732,franz-liszt-1811,"Haydn's classical forms and clarity provided a foundation for Liszt's early compositional training and understanding of structure.",0.50,0.80,0.50,pending
wolfgang-amadeus-mozart-1756,franz-liszt-1811,"Mozart's melodic elegance and formal balance influenced Liszt's compositional style and aesthetic ideals.",0.60,0.90,0.50,pending
gioachino-rossini-1792,giuseppe-verdi-1813,"Rossini's operatic style and success in Italian opera significantly influenced Verdi's early compositional approach and operatic development.",0.90,1.00,0.30,pending
gaetano-donizetti-1797,giuseppe-verdi-1813,"Donizetti's bel canto style and melodic lyricism shaped Verdi's vocal writing and dramatic sensibility in his operas.",0.85,1.00,0.40,pending
vincenzo-bellini-1801,giuseppe-verdi-1813,"Bellini's emphasis on long, expressive melodic lines influenced Verdi's approach to vocal melody and emotional expression.",0.80,0.90,0.40,pending
ludwig-van-beethoven-1770,giuseppe-verdi-1813,"Beethoven's dramatic intensity and structural innovations in music inspired Verdi's operatic drama and orchestration.",0.70,0.90,0.50,pending
hector-berlioz-1803,giuseppe-verdi-1813,"Berlioz's orchestration techniques and programmatic elements influenced Verdi's use of the orchestra to enhance drama.",0.60,0.80,0.60,pending
richard-wagner-1813,giuseppe-verdi-1813,"Wagner's innovations in leitmotif and music drama were known to Verdi, who responded to and diverged from Wagnerian ideals in his own operas.",0.50,0.80,0.70,pending
ludwig-van-beethoven-1770,richard-wagner-1813,"Beethoven's symphonic and dramatic innovations deeply influenced Wagner's approach to opera and orchestration.",0.90,1.00,0.30,pending
carl-maria-von-weber-1786,richard-wagner-1813,"Weber's German Romantic operas, especially Der Freischütz, inspired Wagner's development of German opera and leitmotif technique.",0.80,0.90,0.40,pending
franz-schubert-1797,richard-wagner-1813,"Schubert's melodic and harmonic language influenced Wagner's early compositional style and his use of lyrical themes.",0.60,0.80,0.50,pending
hector-berlioz-1803,richard-wagner-1813,"Berlioz's orchestration and programmatic music had a significant impact on Wagner's orchestral writing and dramatic conception.",0.70,0.90,0.50,pending
franz-liszt-1811,richard-wagner-1813,"Liszt was both a close friend and advocate of Wagner, influencing his harmonic language and the development of the symphonic poem.",0.70,1.00,0.40,pending
giuseppe-verdi-1813,richard-wagner-1813,"Though contemporaries, Verdi's Italian operatic style contrasted with Wagner's, but early Italian opera traditions influenced Wagner's operatic foundations.",0.40,0.70,0.70,pending
luigi-cherubini-1760,charles-gounod-1818,"Cherubini was Gounod's teacher and had a strong impact on his compositional technique and style, especially in sacred music and opera.",0.90,1.00,0.30,pending
giuseppe-verdi-1813,charles-gounod-1818,"Verdi's operatic style influenced Gounod's approach to melody and drama in opera, though Gounod maintained a more lyrical and French style.",0.70,0.90,0.50,pending
hector-berlioz-1803,charles-gounod-1818,"Berlioz's innovative orchestration and dramatic expression influenced Gounod's orchestral and vocal writing.",0.60,0.80,0.60,pending
franz-schubert-1797,charles-gounod-1818,"Schubert's melodic gift and song composition influenced Gounod's art songs and lyrical style.",0.50,0.70,0.40,pending
felix-mendelssohn-1809,charles-gounod-1818,"Mendelssohn's classical clarity and romantic expressiveness shaped Gounod's compositional approach, especially in sacred and choral music.",0.50,0.70,0.40,pending
gioachino-rossini-1792,jacques-offenbach-1819,"Offenbach was heavily influenced by Rossini's operatic style, particularly in his use of melody and comic opera elements.",0.90,0.95,0.30,pending
jacques-offenbach-1819,jacques-offenbach-1819,"Offenbach's own early works and self-development shaped his mature style, building on the operetta tradition.",0.80,1.00,0.00,pending
franz-liszt-1811,jacques-offenbach-1819,"Liszt's innovations in orchestration and thematic transformation influenced Offenbach's approach to orchestral color and dramatic effect.",0.60,0.70,0.50,pending
giuseppe-verdi-1813,jacques-offenbach-1819,"Verdi's operatic drama and melodic style had an impact on Offenbach's operettas, especially in their dramatic pacing and vocal writing.",0.70,0.80,0.40,pending
hector-berlioz-1803,jacques-offenbach-1819,"Berlioz's orchestration techniques and theatrical sensibility influenced Offenbach's orchestral writing and stagecraft.",0.50,0.60,0.60,pending
ludwig-van-beethoven-1770,cesar-franck-1822,"Franck was deeply influenced by Beethoven's structural innovations and emotional depth, which shaped his symphonic and chamber works.",0.90,1.00,0.30,pending
franz-liszt-1811,cesar-franck-1822,"Liszt's harmonic language and thematic transformation techniques influenced Franck's compositional style, especially in his organ and symphonic works.",0.80,0.90,0.40,pending
richard-wagner-1813,cesar-franck-1822,"Wagner's chromaticism and leitmotif technique had a notable impact on Franck's harmonic and thematic development.",0.70,0.85,0.50,pending
felix-mendelssohn-1809,cesar-franck-1822,"Mendelssohn's clarity of form and lyrical style influenced Franck's approach to melody and classical structures.",0.60,0.80,0.40,pending
robert-schumann-1810,cesar-franck-1822,"Schumann's romantic expressiveness and piano writing influenced Franck's harmonic language and emotional expression.",0.60,0.80,0.40,pending
luigi-cherubini-1760,cesar-franck-1822,"Cherubini's mastery of counterpoint and classical form was part of Franck's academic training and compositional foundation.",0.50,0.70,0.30,pending
camille-saint-saens-1835,cesar-franck-1822,"Saint-Saëns, as a contemporary and friend, influenced Franck's orchestration and French musical aesthetics.",0.50,0.75,0.30,pending
hector-berlioz-1803,edouard-lalo-1823,"Berlioz's innovative orchestration and dramatic style influenced Lalo's approach to orchestral color and form.",0.80,0.90,0.40,pending
franz-liszt-1811,edouard-lalo-1823,"Liszt's harmonic innovations and virtuosic piano writing impacted Lalo's compositional style, especially in his violin works.",0.70,0.80,0.50,pending
giuseppe-verdi-1813,edouard-lalo-1823,"Verdi's operatic melodies and dramatic intensity influenced Lalo's melodic writing and dramatic sensibility.",0.60,0.70,0.50,pending
richard-wagner-1813,edouard-lalo-1823,"Wagner's harmonic language and leitmotif technique had an impact on Lalo's orchestral and operatic compositions.",0.60,0.70,0.60,pending
camille-saint-saens-1835,edouard-lalo-1823,"Saint-Saëns, a contemporary and friend, influenced Lalo's classical forms and French orchestral style.",0.70,0.90,0.30,pending
johannes-brahms-1833,edouard-lalo-1823,"Brahms' structural rigor and romantic expressiveness influenced Lalo's chamber music and symphonic works.",0.50,0.70,0.40,pending
richard-wagner-1813,bedrich-smetana-1824,"Smetana was heavily influenced by Wagner's use of leitmotifs and his approach to music drama, which shaped Smetana's own operatic style.",0.90,0.95,0.30,pending
franz-liszt-1811,bedrich-smetana-1824,"Liszt's innovations in symphonic poem form and his virtuosic piano style influenced Smetana's orchestral and piano compositions.",0.70,0.85,0.40,pending
hector-berlioz-1803,bedrich-smetana-1824,"Berlioz's orchestration techniques and programmatic music had an impact on Smetana's symphonic works.",0.60,0.80,0.50,pending
antonin-dvorak-1841,bedrich-smetana-1824,"Though Dvořák was younger, his early works and shared Czech nationalist ideals were influenced by Smetana, but Smetana was also aware of Dvořák's style and folk influences.",0.40,0.70,0.60,pending
richard-wagner-1813,anton-bruckner-1824,"Bruckner was deeply influenced by Wagner's harmonic language and orchestration, and he admired Wagner's operatic and symphonic innovations.",0.90,1.00,0.30,pending
franz-joseph-haydn-1732,anton-bruckner-1824,"Bruckner's symphonic structure and development show the influence of the Classical tradition, particularly Haydn's formal clarity and development techniques.",0.60,0.80,0.50,pending
ludwig-van-beethoven-1770,anton-bruckner-1824,"Beethoven's symphonic innovations and dramatic intensity were foundational to Bruckner's approach to symphonic writing.",0.80,1.00,0.40,pending
franz-schubert-1797,anton-bruckner-1824,"Bruckner was influenced by Schubert's lyrical melodies and harmonic richness, which informed his own melodic and harmonic style.",0.70,0.90,0.50,pending
carl-maria-von-weber-1786,anton-bruckner-1824,"Weber's early Romantic orchestration and dramatic style influenced Bruckner's symphonic and choral works.",0.50,0.70,0.60,pending
ludwig-van-beethoven-1770,johann-strauss-jr-1825,"Beethoven's innovations in orchestration and form influenced the broader Viennese musical tradition that Strauss Jr inherited.",0.60,0.90,0.50,pending
franz-schubert-1797,johann-strauss-jr-1825,"Schubert's melodic style and Viennese waltz tradition directly shaped Strauss Jr's approach to dance music.",0.80,0.95,0.30,pending
johann-nepomuk-hummel-1778,johann-strauss-jr-1825,"Hummel's piano and orchestral works influenced the Viennese light music style that Strauss Jr developed.",0.50,0.80,0.60,pending
johann-strauss-jr-1825,johann-strauss-jr-1825,"Johann Strauss Sr., his father, was a direct and primary influence on his musical style and career.",1.00,1.00,0.20,pending
jacques-offenbach-1819,johann-strauss-jr-1825,"Offenbach's operetta style influenced Strauss Jr's own operettas and light theatrical music.",0.70,0.85,0.40,pending
richard-wagner-1813,karl-goldmark-1830,"Goldmark was influenced by Wagner's harmonic language and orchestration, reflecting the late Romantic style prevalent in his works.",0.80,0.90,0.40,pending
franz-liszt-1811,karl-goldmark-1830,"Liszt's innovations in piano and orchestral music influenced Goldmark's compositional approach and thematic development.",0.60,0.80,0.50,pending
johannes-brahms-1833,karl-goldmark-1830,"Brahms' structural clarity and Romantic idiom had an impact on Goldmark's symphonic and chamber music style.",0.50,0.70,0.50,pending
anton-bruckner-1824,karl-goldmark-1830,"Bruckner's expansive symphonic form and rich harmonic textures influenced Goldmark's orchestral writing.",0.50,0.70,0.50,pending
mikhail-ivanovich-glinka-1804,alexander-borodin-1833,"Glinka is considered the father of Russian classical music and directly influenced Borodin's nationalist style and use of Russian folk themes.",0.90,1.00,0.30,pending
mily-balakirev-1837,alexander-borodin-1833,"Balakirev was a mentor and leader of 'The Five,' a group including Borodin, promoting Russian nationalist music and influencing Borodin's compositional style.",0.95,1.00,0.20,pending
franz-liszt-1811,alexander-borodin-1833,"Liszt's innovations in harmony and orchestration influenced Borodin's symphonic and piano writing.",0.60,0.80,0.50,pending
richard-wagner-1813,alexander-borodin-1833,"Wagner's use of leitmotifs and chromatic harmony had an impact on Borodin's operatic and orchestral works.",0.70,0.90,0.60,pending
pyotr-ilyich-tchaikovsky-1840,alexander-borodin-1833,"Tchaikovsky and Borodin were contemporaries who influenced each other, with Tchaikovsky's melodic style impacting Borodin's compositions.",0.70,0.85,0.40,pending
ludwig-van-beethoven-1770,johannes-brahms-1833,"Brahms was deeply influenced by Beethoven's symphonic and chamber music, often seen as a successor to Beethoven's classical tradition.",0.90,1.00,0.30,pending
robert-schumann-1810,johannes-brahms-1833,"Schumann was a key early supporter and mentor to Brahms, influencing his Romantic style and compositional approach.",0.80,1.00,0.40,pending
johann-sebastian-bach-1685,johannes-brahms-1833,"Bach's contrapuntal techniques and formal structures were foundational to Brahms's compositional style.",0.70,1.00,0.30,pending
franz-schubert-1797,johannes-brahms-1833,"Schubert's lyrical melodies and song forms influenced Brahms's vocal and instrumental writing.",0.60,0.90,0.40,pending
felix-mendelssohn-1809,johannes-brahms-1833,"Mendelssohn's classical clarity and revival of earlier music inspired Brahms's blend of tradition and Romanticism.",0.50,0.80,0.50,pending
johannes-ockeghem-1420,johannes-brahms-1833,"Brahms admired early Renaissance polyphony, including Ockeghem's work, which influenced his contrapuntal writing.",0.30,0.70,0.70,pending
franz-liszt-1811,camille-saint-saens-1835,"Saint-Saëns was influenced by Liszt's virtuosic piano style and innovative harmonic language, which shaped his own compositional approach.",0.80,0.90,0.40,pending
richard-wagner-1813,camille-saint-saens-1835,"Wagner's dramatic orchestration and leitmotif technique influenced Saint-Saëns, though he maintained a more classical clarity in his works.",0.60,0.85,0.60,pending
franz-schubert-1797,camille-saint-saens-1835,"Schubert's melodic lyricism and formal structures were important models for Saint-Saëns's melodic and chamber music writing.",0.70,0.80,0.30,pending
felix-mendelssohn-1809,camille-saint-saens-1835,"Mendelssohn's balance of classical form and romantic expressiveness influenced Saint-Saëns's compositional style and orchestration.",0.70,0.85,0.40,pending
giuseppe-verdi-1813,camille-saint-saens-1835,"Verdi's operatic drama and melodic invention had an impact on Saint-Saëns's operatic works and dramatic sensibility.",0.50,0.75,0.50,pending
charles-gounod-1818,camille-saint-saens-1835,"Gounod's melodic style and religious compositions influenced Saint-Saëns, especially in his sacred music.",0.60,0.80,0.40,pending
carl-maria-von-weber-1786,camille-saint-saens-1835,"Weber's early romantic operatic style and orchestration influenced Saint-Saëns's approach to opera and tone color.",0.40,0.70,0.50,pending
johannes-brahms-1833,camille-saint-saens-1835,"Brahms's adherence to classical forms and rich harmonic language influenced Saint-Saëns's symphonic and chamber music.",0.60,0.80,0.40,pending
gabriel-faure-1845,camille-saint-saens-1835,"Faure was a student and close associate of Saint-Saëns, and their musical ideas influenced each other, especially in melodic refinement and harmonic subtlety.",0.50,0.90,0.30,pending
mikhail-ivanovich-glinka-1804,cesar-cui-1835,"Glinka is considered the father of Russian classical music and significantly influenced Cui as a member of the Russian Five, promoting a nationalistic Russian style.",0.90,1.00,0.30,pending
alexander-borodin-1833,cesar-cui-1835,"Borodin, a fellow member of the Russian Five, influenced Cui through shared ideals of Russian nationalism and folk-inspired music.",0.80,1.00,0.40,pending
modest-mussorgsky-1839,cesar-cui-1835,"Mussorgsky's innovative harmonic language and Russian nationalist themes influenced Cui's compositional style.",0.70,0.90,0.50,pending
nikolai-rimsky-korsakov-1844,cesar-cui-1835,"Rimsky-Korsakov, another member of the Russian Five, influenced Cui with his orchestration techniques and Russian folk elements.",0.80,1.00,0.40,pending
richard-wagner-1813,cesar-cui-1835,"Wagner's harmonic innovations and dramatic style influenced Cui, especially in his operatic works.",0.60,0.80,0.60,pending
giuseppe-verdi-1813,leo-delibes-1836,"Verdi's operatic style and melodic richness influenced Delibes's approach to opera and ballet music.",0.70,0.90,0.40,pending
charles-gounod-1818,leo-delibes-1836,"Gounod's lyricism and harmonic language had a notable impact on Delibes's melodic and harmonic style.",0.60,0.80,0.50,pending
jacques-offenbach-1819,leo-delibes-1836,"Offenbach's operetta style and lightness influenced Delibes's ballets and operettas in terms of charm and wit.",0.50,0.70,0.50,pending
franz-liszt-1811,leo-delibes-1836,"Liszt's orchestration and thematic transformation techniques influenced Delibes's orchestral writing.",0.40,0.70,0.60,pending
richard-wagner-1813,leo-delibes-1836,"Wagner's harmonic innovations and leitmotif techniques had some influence on Delibes's dramatic music, though Delibes maintained a more classical style.",0.30,0.60,0.70,pending
giuseppe-verdi-1813,antonio-carlos-gomes-1836,"Gomes was heavily influenced by Verdi's operatic style, particularly in his use of Italianate melodic lines and dramatic structures.",0.90,0.95,0.30,pending
richard-wagner-1813,antonio-carlos-gomes-1836,"Wagner's innovations in harmony and orchestration influenced Gomes, especially in his later operas where more complex textures appear.",0.60,0.80,0.50,pending
charles-gounod-1818,antonio-carlos-gomes-1836,"Gounod's lyricism and melodic style had an impact on Gomes's operatic writing, contributing to his melodic expressiveness.",0.50,0.70,0.40,pending
mikhail-ivanovich-glinka-1804,mily-balakirev-1837,"Glinka is considered the father of Russian classical music and directly influenced Balakirev's nationalist style and his efforts to create a distinct Russian musical identity.",0.90,1.00,0.30,pending
franz-liszt-1811,mily-balakirev-1837,"Liszt's innovations in piano technique and programmatic music influenced Balakirev's compositional style and his virtuosic piano works.",0.70,0.90,0.40,pending
richard-wagner-1813,mily-balakirev-1837,"Wagner's harmonic language and use of leitmotifs influenced Balakirev and the Russian nationalist composers associated with 'The Five'.",0.60,0.85,0.50,pending
alexander-borodin-1833,mily-balakirev-1837,"Borodin was a close associate and member of 'The Five' alongside Balakirev, sharing mutual influence in developing Russian nationalist music.",0.80,0.95,0.30,pending
cesar-cui-1835,mily-balakirev-1837,"Cui was part of 'The Five' and influenced Balakirev through their shared goals of promoting Russian folk elements in classical music.",0.70,0.90,0.40,pending
modest-mussorgsky-1839,mily-balakirev-1837,"Mussorgsky, another member of 'The Five', was influenced by Balakirev's ideas on Russian musical nationalism and compositional techniques.",0.70,0.90,0.40,pending
nikolai-rimsky-korsakov-1844,mily-balakirev-1837,"Rimsky-Korsakov was mentored by Balakirev and influenced by his leadership in the nationalist movement and compositional style.",0.85,1.00,0.30,pending
charles-gounod-1818,georges-bizet-1838,"Gounod was a prominent French composer whose melodic style and operatic works influenced Bizet's approach to lyricism and drama in opera.",0.70,0.90,0.40,pending
jacques-offenbach-1819,georges-bizet-1838,"Offenbach's operettas and light-hearted style influenced Bizet's sense of theatricality and orchestration, especially in his early works.",0.60,0.80,0.50,pending
hector-berlioz-1803,georges-bizet-1838,"Berlioz's innovative orchestration and dramatic intensity had a significant impact on Bizet's compositional style, particularly in his use of the orchestra.",0.80,0.95,0.30,pending
giuseppe-verdi-1813,georges-bizet-1838,"Verdi's mastery of Italian opera and dramatic expression influenced Bizet's operatic writing, especially in terms of structure and vocal writing.",0.70,0.85,0.40,pending
camille-saint-saens-1835,georges-bizet-1838,"Saint-Saëns, a contemporary and friend, influenced Bizet through his classical approach and refinement in orchestration and form.",0.60,0.90,0.40,pending
ludwig-van-beethoven-1770,max-bruch-1838,"Beethoven's symphonic and structural innovations deeply influenced Bruch's compositional style, especially in his orchestral works.",0.90,1.00,0.30,pending
felix-mendelssohn-1809,max-bruch-1838,"Mendelssohn's lyrical melodies and classical-romantic balance were a major influence on Bruch's melodic and harmonic language.",0.85,1.00,0.30,pending
robert-schumann-1810,max-bruch-1838,"Schumann's romantic expressiveness and piano works influenced Bruch's emotional depth and compositional approach.",0.80,0.90,0.40,pending
johannes-brahms-1833,max-bruch-1838,"Brahms' mastery of form and rich harmonic language influenced Bruch's orchestral and chamber music.",0.85,1.00,0.35,pending
richard-wagner-1813,max-bruch-1838,"Wagner's dramatic intensity and chromaticism had some influence on Bruch's operatic and orchestral writing.",0.60,0.80,0.60,pending
camille-saint-saens-1835,max-bruch-1838,"Saint-Saëns' classical clarity combined with romantic expressiveness influenced Bruch's compositional style.",0.70,0.80,0.40,pending
mikhail-ivanovich-glinka-1804,modest-mussorgsky-1839,"Glinka is considered the father of Russian classical music and directly influenced Mussorgsky's nationalistic style and use of Russian folk themes.",0.90,1.00,0.30,pending
mily-balakirev-1837,modest-mussorgsky-1839,"Balakirev was a mentor and leader of 'The Five,' encouraging Mussorgsky to develop a distinctly Russian musical voice.",0.85,1.00,0.40,pending
nikolai-rimsky-korsakov-1844,modest-mussorgsky-1839,"Rimsky-Korsakov was a contemporary and colleague who influenced Mussorgsky's orchestration and compositional techniques.",0.70,0.90,0.50,pending
franz-liszt-1811,modest-mussorgsky-1839,"Liszt's innovations in piano music and programmatic composition influenced Mussorgsky's approach to musical storytelling and harmonic language.",0.60,0.80,0.60,pending
richard-wagner-1813,modest-mussorgsky-1839,"Wagner's dramatic and harmonic innovations impacted Mussorgsky's operatic style and use of leitmotifs.",0.50,0.70,0.70,pending
ludwig-van-beethoven-1770,pyotr-ilyich-tchaikovsky-1840,"Tchaikovsky was deeply influenced by Beethoven's symphonic and structural innovations, which shaped his approach to large-scale orchestral works.",0.90,1.00,0.30,pending
franz-schubert-1797,pyotr-ilyich-tchaikovsky-1840,"Schubert's lyrical melodies and song forms influenced Tchaikovsky's melodic writing and his approach to vocal and instrumental lyricism.",0.70,0.90,0.40,pending
felix-mendelssohn-1809,pyotr-ilyich-tchaikovsky-1840,"Mendelssohn's clarity, elegance, and orchestration style were important models for Tchaikovsky's early symphonic and ballet compositions.",0.60,0.80,0.50,pending
robert-schumann-1810,pyotr-ilyich-tchaikovsky-1840,"Schumann's Romantic expressiveness and piano works influenced Tchaikovsky's emotional depth and piano compositions.",0.60,0.80,0.50,pending
franz-liszt-1811,pyotr-ilyich-tchaikovsky-1840,"Liszt's virtuosic piano style and programmatic music inspired Tchaikovsky's piano works and his use of thematic transformation.",0.50,0.70,0.60,pending
richard-wagner-1813,pyotr-ilyich-tchaikovsky-1840,"Wagner's harmonic innovations and leitmotif technique influenced Tchaikovsky's orchestration and thematic development, though Tchaikovsky maintained a more traditional tonal approach.",0.70,0.90,0.50,pending
mikhail-ivanovich-glinka-1804,pyotr-ilyich-tchaikovsky-1840,"Glinka is considered the father of Russian classical music and his nationalist style strongly influenced Tchaikovsky's incorporation of Russian folk elements.",0.80,1.00,0.40,pending
alexander-borodin-1833,pyotr-ilyich-tchaikovsky-1840,"Borodin's use of Russian folk themes and rich orchestration influenced Tchaikovsky's nationalist tendencies and symphonic style.",0.70,0.90,0.40,pending
nikolai-rimsky-korsakov-1844,pyotr-ilyich-tchaikovsky-1840,"Rimsky-Korsakov's mastery of orchestration and Russian nationalist style influenced Tchaikovsky's orchestral color and thematic material.",0.70,0.90,0.40,pending
johannes-brahms-1833,pyotr-ilyich-tchaikovsky-1840,"Brahms' structural rigor and Romantic idiom influenced Tchaikovsky's symphonic writing and formal development.",0.60,0.80,0.50,pending
camille-saint-saens-1835,pyotr-ilyich-tchaikovsky-1840,"Saint-Saëns' classical balance and orchestration techniques influenced Tchaikovsky's approach to form and orchestral texture.",0.50,0.70,0.50,pending
franz-liszt-1811,emmanuel-chabrier-1841,"Chabrier was influenced by Liszt's innovative harmonic language and orchestration techniques, which helped shape his own style.",0.80,0.90,0.40,pending
richard-wagner-1813,emmanuel-chabrier-1841,"Wagner's use of chromaticism and leitmotif influenced Chabrier's harmonic and dramatic approach in his compositions.",0.70,0.85,0.50,pending
jules-massenet-1842,emmanuel-chabrier-1841,"Massenet's melodic lyricism and operatic style had an impact on Chabrier's vocal and orchestral writing.",0.60,0.80,0.50,pending
charles-gounod-1818,emmanuel-chabrier-1841,"Gounod's melodic and harmonic style influenced Chabrier's early works, especially in his operatic and vocal music.",0.50,0.75,0.60,pending
camille-saint-saens-1835,emmanuel-chabrier-1841,"Saint-Saëns' mastery of orchestration and classical forms influenced Chabrier's approach to orchestral composition.",0.60,0.80,0.50,pending
bedrich-smetana-1824,antonin-dvorak-1841,"Smetana was a pioneering Czech nationalist composer whose work deeply influenced Dvořák's incorporation of Czech folk elements and national identity in his music.",0.90,1.00,0.30,pending
johannes-brahms-1833,antonin-dvorak-1841,"Brahms was a mentor and supporter of Dvořák, influencing his compositional style, especially in structure and romantic idioms.",0.80,1.00,0.40,pending
richard-wagner-1813,antonin-dvorak-1841,"Wagner's harmonic language and dramatic orchestration influenced many Romantic composers including Dvořák, though Dvořák maintained a more conservative and folk-based style.",0.60,0.90,0.60,pending
franz-liszt-1811,antonin-dvorak-1841,"Liszt's innovations in harmony and form, as well as his promotion of nationalistic music, had an impact on Dvořák's development.",0.50,0.80,0.50,pending
giuseppe-verdi-1813,antonin-dvorak-1841,"Verdi's operatic style and melodic gift influenced Dvořák's lyrical writing and dramatic sensibility.",0.40,0.70,0.60,pending
pyotr-ilyich-tchaikovsky-1840,antonin-dvorak-1841,"Tchaikovsky and Dvořák were contemporaries who influenced each other, sharing a Romantic style with nationalistic elements and rich orchestration.",0.70,0.90,0.40,pending
charles-gounod-1818,jules-massenet-1842,"Gounod was a major figure in French opera and sacred music whose melodic style and lyricism influenced Massenet's operatic compositions.",0.80,0.90,0.30,pending
jacques-offenbach-1819,jules-massenet-1842,"Offenbach's operetta style and lightness in theatrical music influenced Massenet's approach to opera and stage works.",0.60,0.80,0.40,pending
giuseppe-verdi-1813,jules-massenet-1842,"Verdi's dramatic operatic style and emphasis on melody and emotion had a significant impact on Massenet's operatic writing.",0.70,0.85,0.40,pending
richard-wagner-1813,jules-massenet-1842,"Wagner's innovations in harmony and orchestration influenced Massenet, though Massenet maintained a more traditional French lyricism.",0.50,0.80,0.60,pending
camille-saint-saens-1835,jules-massenet-1842,"Saint-Saëns, a leading French composer and organist, influenced Massenet's orchestration and melodic style.",0.70,0.90,0.30,pending
franz-liszt-1811,jules-massenet-1842,"Liszt's harmonic innovations and programmatic style had some influence on Massenet's orchestral and operatic works.",0.40,0.70,0.50,pending
franz-schubert-1797,edvard-grieg-1843,"Grieg admired Schubert's lyrical melodies and harmonic language, which influenced his own Romantic style.",0.70,0.90,0.40,pending
robert-schumann-1810,edvard-grieg-1843,"Schumann's Romantic expressiveness and piano works had a strong impact on Grieg's compositional approach.",0.80,0.95,0.30,pending
franz-liszt-1811,edvard-grieg-1843,"Liszt's virtuosic piano style and harmonic innovations influenced Grieg's piano compositions.",0.60,0.85,0.50,pending
richard-wagner-1813,edvard-grieg-1843,"Wagner's use of leitmotifs and chromatic harmony influenced Grieg's dramatic and harmonic language.",0.50,0.80,0.60,pending
johannes-brahms-1833,edvard-grieg-1843,"Brahms' structural rigor and Romantic idiom influenced Grieg's compositional style.",0.70,0.90,0.40,pending
bedrich-smetana-1824,edvard-grieg-1843,"Smetana's nationalistic style and incorporation of folk elements inspired Grieg's own use of Norwegian folk music.",0.80,0.85,0.30,pending
felix-mendelssohn-1809,edvard-grieg-1843,"Mendelssohn's clarity, lyricism, and classical forms influenced Grieg's early works.",0.60,0.80,0.50,pending
mikhail-ivanovich-glinka-1804,nikolai-rimsky-korsakov-1844,"Glinka is considered the father of Russian classical music and heavily influenced Rimsky-Korsakov's nationalistic style and use of Russian folk themes.",0.90,1.00,0.30,pending
mily-balakirev-1837,nikolai-rimsky-korsakov-1844,"Balakirev was a mentor and leader of 'The Five,' directly influencing Rimsky-Korsakov's compositional style and nationalist ideals.",0.95,1.00,0.20,pending
alexander-borodin-1833,nikolai-rimsky-korsakov-1844,"Borodin, a fellow member of 'The Five,' influenced Rimsky-Korsakov through shared nationalist goals and compositional techniques.",0.85,1.00,0.30,pending
modest-mussorgsky-1839,nikolai-rimsky-korsakov-1844,"Mussorgsky's innovative harmonic language and Russian themes influenced Rimsky-Korsakov, who also edited and orchestrated some of Mussorgsky's works.",0.90,1.00,0.40,pending
richard-wagner-1813,nikolai-rimsky-korsakov-1844,"Wagner's use of leitmotifs and chromatic harmony influenced Rimsky-Korsakov's orchestration and dramatic style.",0.70,0.90,0.50,pending
franz-liszt-1811,nikolai-rimsky-korsakov-1844,"Liszt's symphonic poems and innovative orchestration techniques influenced Rimsky-Korsakov's approach to programmatic music.",0.60,0.80,0.50,pending
pyotr-ilyich-tchaikovsky-1840,nikolai-rimsky-korsakov-1844,"Tchaikovsky, a contemporary and sometimes collaborator, influenced Rimsky-Korsakov's melodic and orchestral style.",0.70,0.90,0.40,pending
cesar-franck-1822,charles-marie-widor-1844,"Widor studied under César Franck and was heavily influenced by his organ compositions and harmonic language.",0.90,1.00,0.30,pending
johannes-brahms-1833,charles-marie-widor-1844,"Brahms' structural rigor and romantic style influenced Widor's compositional approach, especially in his organ symphonies.",0.70,0.90,0.40,pending
richard-wagner-1813,charles-marie-widor-1844,"Widor was influenced by Wagner's harmonic innovations and orchestral textures, which informed his organ symphonies.",0.60,0.80,0.50,pending
camille-saint-saens-1835,charles-marie-widor-1844,"Saint-Saëns, a prominent French composer and organist, influenced Widor's style and organ technique.",0.80,0.95,0.30,pending
franz-liszt-1811,charles-marie-widor-1844,"Liszt's virtuosic piano and organ works and his expansion of harmonic language influenced Widor's organ compositions.",0.70,0.85,0.40,pending
camille-saint-saens-1835,gabriel-faure-1845,"Saint-Saëns was Fauré's teacher and mentor, profoundly shaping his compositional style and musical development.",0.90,1.00,0.30,pending
jules-massenet-1842,gabriel-faure-1845,"Massenet's lyrical and melodic style influenced Fauré's approach to melody and operatic expression.",0.70,0.90,0.40,pending
franz-liszt-1811,gabriel-faure-1845,"Liszt's harmonic innovations and piano techniques influenced Fauré's harmonic language and piano writing.",0.60,0.80,0.50,pending
frederic-chopin-1810,gabriel-faure-1845,"Chopin's poetic piano style and harmonic subtlety influenced Fauré's piano compositions and harmonic palette.",0.70,0.90,0.40,pending
richard-wagner-1813,gabriel-faure-1845,"Wagner's advanced harmonic language and chromaticism had an indirect influence on Fauré's harmonic exploration.",0.50,0.70,0.60,pending
johannes-brahms-1833,gabriel-faure-1845,"Brahms' structural rigor and melodic development influenced Fauré's compositional craftsmanship.",0.60,0.80,0.50,pending
charles-gounod-1818,gabriel-faure-1845,"Gounod's melodic lyricism and sacred music tradition influenced Fauré's vocal and choral works.",0.60,0.80,0.50,pending
cesar-franck-1822,vincent-dindy-1851,"Vincent d'Indy was a student of César Franck and was heavily influenced by his harmonic language and compositional techniques.",0.90,1.00,0.30,pending
ludwig-van-beethoven-1770,vincent-dindy-1851,"D'Indy admired Beethoven's structural rigor and thematic development, which influenced his own symphonic and chamber works.",0.70,0.90,0.40,pending
richard-wagner-1813,vincent-dindy-1851,"D'Indy was influenced by Wagner's use of leitmotifs and expanded harmonic language, which shaped his approach to orchestration and drama.",0.60,0.80,0.50,pending
franz-liszt-1811,vincent-dindy-1851,"Liszt's innovations in form and harmony influenced d'Indy's compositional style, especially in his symphonic poems and piano works.",0.50,0.70,0.50,pending
johannes-brahms-1833,vincent-dindy-1851,"D'Indy respected Brahms' classical forms and contrapuntal mastery, which informed his own conservative yet innovative style.",0.50,0.70,0.40,pending
richard-wagner-1813,engelbert-humperdinck-1854,"Humperdinck was a student and admirer of Wagner, and his operatic style and use of leitmotifs show Wagner's strong influence.",0.90,1.00,0.30,pending
franz-liszt-1811,engelbert-humperdinck-1854,"Liszt's harmonic innovations and orchestration techniques influenced Humperdinck's compositional approach.",0.60,0.80,0.50,pending
johannes-brahms-1833,engelbert-humperdinck-1854,"Brahms' structural clarity and romantic idiom had an impact on Humperdinck's musical language.",0.50,0.70,0.60,pending
bedrich-smetana-1824,leos-janacek-1854,"Smetana's pioneering Czech national style and use of folk elements strongly influenced Janáček's incorporation of Moravian folk music and national identity in his compositions.",0.90,0.95,0.40,pending
antonin-dvorak-1841,leos-janacek-1854,"Dvořák's synthesis of folk music with classical forms provided a model for Janáček's own nationalistic and folk-inspired musical language.",0.85,0.90,0.50,pending
richard-wagner-1813,leos-janacek-1854,"Wagner's advanced harmonic language and dramatic approach to opera influenced Janáček's operatic style and orchestration techniques.",0.70,0.85,0.60,pending
gustav-mahler-1860,leos-janacek-1854,"Mahler's expansive symphonic structures and emotional intensity had an impact on Janáček's orchestral writing and expressive depth.",0.60,0.80,0.50,pending
franz-liszt-1811,leos-janacek-1854,"Liszt's innovations in harmony and form, as well as his programmatic style, influenced Janáček's approach to thematic development and musical narrative.",0.50,0.70,0.60,pending
cesar-franck-1822,ernest-chausson-1855,"Chausson was a student of César Franck and was heavily influenced by his harmonic language and symphonic style.",0.90,1.00,0.30,pending
richard-wagner-1813,ernest-chausson-1855,"Wagner's chromaticism and orchestration had a significant impact on Chausson's compositional approach.",0.80,0.90,0.50,pending
jules-massenet-1842,ernest-chausson-1855,"Massenet's melodic style and operatic sensibility influenced Chausson's lyrical writing.",0.60,0.80,0.40,pending
gabriel-faure-1845,ernest-chausson-1855,"Faure's refined harmonic language and impressionistic tendencies influenced Chausson's chamber and vocal music.",0.70,0.85,0.40,pending
richard-wagner-1813,edward-elgar-1857,"Elgar was influenced by Wagner's expansive orchestration and leitmotif technique, which shaped his own symphonic and dramatic style.",0.80,0.90,0.40,pending
johannes-brahms-1833,edward-elgar-1857,"Brahms' structural rigor and romantic expressiveness influenced Elgar's approach to symphonic form and thematic development.",0.70,0.85,0.50,pending
camille-saint-saens-1835,edward-elgar-1857,"Saint-Saëns' mastery of orchestration and melodic clarity impacted Elgar's orchestral writing and lyrical style.",0.60,0.80,0.50,pending
anton-bruckner-1824,edward-elgar-1857,"Bruckner's monumental symphonic structures and spiritual depth influenced Elgar's symphonic ambitions and choral works.",0.60,0.75,0.60,pending
franz-liszt-1811,edward-elgar-1857,"Liszt's innovations in thematic transformation and orchestral color were important to Elgar's compositional technique.",0.50,0.70,0.60,pending
giuseppe-verdi-1813,ruggero-leoncavallo-1857,"Leoncavallo was influenced by Verdi's Italian operatic tradition, particularly in his use of dramatic expression and melodic style.",0.90,0.95,0.30,pending
richard-wagner-1813,ruggero-leoncavallo-1857,"Leoncavallo was influenced by Wagner's approach to leitmotifs and orchestration, though he adapted these elements within the Italian verismo style.",0.70,0.85,0.50,pending
pietro-mascagni-1863,ruggero-leoncavallo-1857,"Mascagni and Leoncavallo were contemporaries and key figures in the verismo movement, influencing each other’s operatic style and thematic choices.",0.80,0.90,0.40,pending
giuseppe-verdi-1813,giacomo-puccini-1858,"Verdi's operatic style and dramatic approach deeply influenced Puccini's own operatic compositions, especially in terms of melody and orchestration.",0.90,1.00,0.30,pending
richard-wagner-1813,giacomo-puccini-1858,"Wagner's use of leitmotifs and expanded harmonic language influenced Puccini's operatic writing, though Puccini maintained a more traditional Italian melodic style.",0.70,0.90,0.60,pending
jules-massenet-1842,giacomo-puccini-1858,"Massenet's lyricism and orchestral color had a notable impact on Puccini's melodic and harmonic sensibilities.",0.60,0.80,0.40,pending
camille-saint-saens-1835,giacomo-puccini-1858,"Saint-Saëns' refined orchestration and melodic clarity influenced Puccini's approach to operatic composition.",0.50,0.70,0.50,pending
charles-gounod-1818,giacomo-puccini-1858,"Gounod's melodic style and operatic tradition contributed to the Italian operatic environment that shaped Puccini's early development.",0.40,0.60,0.50,pending
johannes-brahms-1833,eugene-ysaye-1858,"Ysaÿe was influenced by Brahms' Romantic style and structural clarity, which shaped his approach to violin composition and performance.",0.70,0.90,0.40,pending
edouard-lalo-1823,eugene-ysaye-1858,"Lalo's violin works, especially his Symphonie espagnole, were significant influences on Ysaÿe's violin writing and expressive style.",0.80,0.85,0.30,pending
franz-liszt-1811,eugene-ysaye-1858,"Liszt's virtuosic piano compositions and innovations in musical form inspired Ysaÿe's own virtuosic and expressive violin compositions.",0.60,0.80,0.50,pending
camille-saint-saens-1835,eugene-ysaye-1858,"Saint-Saëns' elegant and technically demanding violin works influenced Ysaÿe's compositional style and violin technique.",0.70,0.85,0.40,pending
richard-wagner-1813,eugene-ysaye-1858,"Wagner's harmonic innovations and dramatic expressiveness impacted Ysaÿe's musical language and emotional depth in his compositions.",0.50,0.75,0.60,pending
jacques-offenbach-1819,eugene-ysaye-1858,"Offenbach's operatic and melodic style influenced the lyrical qualities found in Ysaÿe's violin compositions.",0.40,0.60,0.70,pending
johannes-brahms-1833,victor-herbert-1859,"Victor Herbert was influenced by Brahms' Romantic orchestration and melodic style, which shaped his own compositions in operettas and orchestral works.",0.70,0.90,0.40,pending
giuseppe-verdi-1813,victor-herbert-1859,"Herbert's operettas show the influence of Verdi's Italian operatic tradition, especially in vocal writing and dramatic structure.",0.60,0.85,0.50,pending
richard-wagner-1813,victor-herbert-1859,"Wagner's use of leitmotifs and rich orchestration influenced Herbert's approach to thematic development and orchestral color.",0.50,0.80,0.60,pending
camille-saint-saens-1835,victor-herbert-1859,"Saint-Saëns' elegant orchestration and melodic clarity had an impact on Herbert's compositional style, especially in his instrumental works.",0.50,0.75,0.50,pending
johann-strauss-jr-1825,victor-herbert-1859,"The Viennese waltz tradition of Johann Strauss Jr. influenced Herbert's dance rhythms and light operetta style.",0.60,0.85,0.40,pending
franz-schubert-1797,hugo-wolf-1860,"Wolf was deeply influenced by Schubert's lieder, adopting his expressive melodic style and intimate approach to song composition.",0.90,0.95,0.30,pending
robert-schumann-1810,hugo-wolf-1860,"Schumann's pioneering work in the German lied and his poetic musical language significantly shaped Wolf's compositional style.",0.85,0.90,0.35,pending
richard-wagner-1813,hugo-wolf-1860,"Wagner's harmonic innovations and dramatic intensity influenced Wolf's harmonic language and expressive depth in his songs.",0.80,0.90,0.50,pending
johannes-brahms-1833,hugo-wolf-1860,"Brahms' structural rigor and rich harmonic textures informed Wolf's approach to song composition and piano accompaniment.",0.70,0.85,0.40,pending
franz-liszt-1811,hugo-wolf-1860,"Liszt's virtuosic piano writing and chromaticism influenced Wolf's piano accompaniments and harmonic experimentation.",0.60,0.80,0.45,pending
franz-liszt-1811,edward-macdowell-1860,"MacDowell was heavily influenced by Liszt's virtuosic piano style and Romantic expressiveness, which shaped his own piano compositions.",0.90,0.95,0.30,pending
richard-wagner-1813,edward-macdowell-1860,"Wagner's harmonic innovations and dramatic approach influenced MacDowell's orchestral and operatic works.",0.70,0.90,0.50,pending
franz-schubert-1797,edward-macdowell-1860,"Schubert's lyrical melodies and song-like piano writing informed MacDowell's melodic style.",0.60,0.85,0.40,pending
johannes-brahms-1833,edward-macdowell-1860,"Brahms' structural rigor and Romantic idiom influenced MacDowell's compositional approach, especially in chamber music.",0.70,0.90,0.40,pending
edouard-lalo-1823,edward-macdowell-1860,"Lalo's orchestration and melodic style had an impact on MacDowell's orchestral works.",0.50,0.80,0.50,pending
camille-saint-saens-1835,edward-macdowell-1860,"Saint-Saëns' clarity and elegance in orchestration influenced MacDowell's orchestral writing.",0.50,0.80,0.50,pending
pyotr-ilyich-tchaikovsky-1840,edward-macdowell-1860,"Tchaikovsky's melodic richness and emotional depth influenced MacDowell's Romantic style.",0.60,0.85,0.40,pending
edvard-grieg-1843,edward-macdowell-1860,"Grieg's use of folk elements and lyrical melodies inspired MacDowell's incorporation of American folk idioms.",0.70,0.90,0.40,pending
richard-wagner-1813,gustav-mahler-1860,"Mahler was deeply influenced by Wagner's harmonic language and orchestration, and he conducted Wagner's operas extensively.",0.90,1.00,0.30,pending
anton-bruckner-1824,gustav-mahler-1860,"Bruckner's symphonic structure and spiritual depth had a significant impact on Mahler's symphonic writing.",0.80,1.00,0.40,pending
johannes-brahms-1833,gustav-mahler-1860,"Mahler admired Brahms' mastery of form and thematic development, which influenced his own symphonic approach.",0.70,0.90,0.50,pending
franz-schubert-1797,gustav-mahler-1860,"Mahler was inspired by Schubert's lieder and melodic expressiveness, which shaped his own song compositions and symphonic lyricism.",0.70,0.90,0.40,pending
franz-liszt-1811,gustav-mahler-1860,"Liszt's innovations in orchestration and programmatic music influenced Mahler's symphonic storytelling and orchestral color.",0.60,0.80,0.50,pending
giuseppe-verdi-1813,gustav-mahler-1860,"Mahler was influenced by Verdi's dramatic intensity and vocal writing, especially in his own vocal and operatic works.",0.50,0.70,0.60,pending
franz-liszt-1811,isaac-albeniz-1860,"Liszt's virtuosic piano style and harmonic innovations influenced Albéniz's piano compositions and his approach to Spanish nationalism in music.",0.80,0.90,0.40,pending
felix-mendelssohn-1809,isaac-albeniz-1860,"Mendelssohn's lyrical and formal clarity impacted Albéniz's compositional style, especially in his early works.",0.50,0.70,0.50,pending
franz-schubert-1797,isaac-albeniz-1860,"Schubert's melodic expressiveness and harmonic language influenced Albéniz's romantic piano pieces.",0.60,0.80,0.50,pending
claude-debussy-1862,isaac-albeniz-1860,"Debussy and Albéniz shared impressionistic harmonic language and exploration of color, with Debussy influencing Albéniz's later harmonic experimentation.",0.70,0.80,0.60,pending
manuel-de-falla-1876,isaac-albeniz-1860,"Though younger, De Falla was influenced by Albéniz's incorporation of Spanish folk elements and piano idioms, showing Albéniz's role in shaping Spanish musical nationalism.",0.40,0.70,0.70,pending
giuseppe-verdi-1813,isaac-albeniz-1860,"Verdi's dramatic sense and melodic style influenced Albéniz's operatic and dramatic compositions.",0.50,0.70,0.60,pending
richard-wagner-1813,isaac-albeniz-1860,"Wagner's harmonic innovations and use of leitmotifs had an indirect influence on Albéniz's harmonic language and thematic development.",0.50,0.60,0.70,pending
richard-wagner-1813,claude-debussy-1862,"Debussy was influenced by Wagner's harmonic innovations and orchestration, though he later sought to diverge from Wagnerian dramatic style.",0.80,0.90,0.70,pending
franz-schubert-1797,claude-debussy-1862,"Debussy admired Schubert's lyricism and melodic expressiveness, which influenced his approach to melody and song.",0.50,0.70,0.50,pending
franz-liszt-1811,claude-debussy-1862,"Liszt's use of chromaticism and innovative piano techniques influenced Debussy's harmonic language and piano writing.",0.60,0.80,0.60,pending
gabriel-faure-1845,claude-debussy-1862,"Faure's refined harmonic palette and subtlety in expression had a direct influence on Debussy's early compositional style.",0.70,0.85,0.40,pending
erik-satie-1866,claude-debussy-1862,"Satie's minimalist and avant-garde ideas influenced Debussy's exploration of new harmonic and structural possibilities.",0.40,0.70,0.60,pending
richard-wagner-1813,frederick-delius-1862,"Delius was influenced by Wagner's harmonic language and orchestration, which shaped his own lush and chromatic style.",0.80,0.90,0.50,pending
claude-debussy-1862,frederick-delius-1862,"Debussy's impressionistic textures and modal harmonies influenced Delius's atmospheric and coloristic approach to composition.",0.70,0.85,0.60,pending
edvard-grieg-1843,frederick-delius-1862,"Grieg's use of folk elements and lyrical melodies had an impact on Delius's melodic style and pastoral themes.",0.60,0.80,0.50,pending
johannes-brahms-1833,frederick-delius-1862,"Brahms's structural rigor and romantic expressiveness influenced Delius's early compositional development.",0.50,0.75,0.60,pending
gabriel-faure-1845,frederick-delius-1862,"Faure's refined harmonic language and melodic elegance influenced Delius's approach to lyricism and harmony.",0.60,0.70,0.50,pending
giuseppe-verdi-1813,pietro-mascagni-1863,"Mascagni was heavily influenced by Verdi's Italian operatic tradition, especially in his melodic style and dramatic expression.",0.90,0.95,0.30,pending
richard-wagner-1813,pietro-mascagni-1863,"Mascagni incorporated Wagnerian elements such as leitmotifs and richer orchestration into his verismo operas.",0.70,0.85,0.50,pending
giacomo-puccini-1858,pietro-mascagni-1863,"As a near contemporary and fellow verismo composer, Puccini's style and success influenced Mascagni's operatic approach.",0.60,0.80,0.40,pending
jules-massenet-1842,pietro-mascagni-1863,"Mascagni was influenced by Massenet's lyricism and orchestral color, which shaped his melodic and harmonic language.",0.50,0.75,0.50,pending
richard-wagner-1813,richard-strauss-1864,"Strauss was heavily influenced by Wagner's harmonic language, orchestration, and use of leitmotifs, which shaped his early tone poems and operas.",0.90,1.00,0.30,pending
franz-liszt-1811,richard-strauss-1864,"Liszt's innovations in tone poem form and chromatic harmony directly influenced Strauss's orchestral works and programmatic style.",0.80,0.90,0.40,pending
gustav-mahler-1860,richard-strauss-1864,"Mahler's expansive orchestration and symphonic approach influenced Strauss's later symphonic and operatic compositions.",0.70,0.80,0.50,pending
johannes-brahms-1833,richard-strauss-1864,"Brahms's structural rigor and late Romantic idiom provided a foundation for Strauss's early compositional development.",0.60,0.80,0.60,pending
franz-schubert-1797,richard-strauss-1864,"Schubert's melodic lyricism and harmonic language influenced Strauss's song compositions and orchestral textures.",0.50,0.70,0.60,pending
richard-wagner-1813,carl-nielsen-1865,"Wagner's innovative harmonic language and orchestration had a significant impact on Nielsen's early compositional style and his approach to drama in music.",0.80,0.90,0.50,pending
johannes-brahms-1833,carl-nielsen-1865,"Brahms' structural rigor and use of classical forms influenced Nielsen's symphonic writing and development of thematic material.",0.70,0.85,0.40,pending
edvard-grieg-1843,carl-nielsen-1865,"Grieg's incorporation of nationalistic elements and folk music inspired Nielsen's own use of Danish folk idioms and national identity in his music.",0.60,0.80,0.50,pending
gustav-mahler-1860,carl-nielsen-1865,"Mahler's expansive symphonic structures and emotional depth influenced Nielsen's approach to symphonic form and orchestration.",0.50,0.70,0.60,pending
claude-debussy-1862,carl-nielsen-1865,"Debussy's innovative harmonic language and impressionistic textures had some influence on Nielsen's later harmonic experimentation.",0.40,0.60,0.70,pending
richard-wagner-1813,jean-sibelius-1865,"Sibelius was influenced by Wagner's use of leitmotifs and orchestration, which shaped his symphonic style and nationalistic themes.",0.80,0.90,0.50,pending
anton-bruckner-1824,jean-sibelius-1865,"Bruckner's expansive symphonic structures and spiritual depth influenced Sibelius's approach to symphonic form and atmosphere.",0.70,0.85,0.40,pending
johannes-brahms-1833,jean-sibelius-1865,"Brahms's mastery of classical forms and motivic development informed Sibelius's compositional technique and structural clarity.",0.60,0.80,0.50,pending
edvard-grieg-1843,jean-sibelius-1865,"Grieg's incorporation of national folk elements and lyrical melodies influenced Sibelius's Finnish nationalist style.",0.70,0.85,0.40,pending
pyotr-ilyich-tchaikovsky-1840,jean-sibelius-1865,"Tchaikovsky's emotional expressiveness and orchestral color had an impact on Sibelius's symphonic writing and tone painting.",0.60,0.80,0.50,pending
gustav-mahler-1860,jean-sibelius-1865,"Mahler's symphonic innovations and use of nature themes resonated with Sibelius, influencing his later symphonies.",0.50,0.70,0.60,pending
johann-sebastian-bach-1685,jean-sibelius-1865,"Bach's contrapuntal techniques and structural rigor were foundational to Sibelius's compositional training and style.",0.50,0.75,0.30,pending
camille-saint-saens-1835,paul-dukas-1865,"Saint-Saëns was a major figure in French music and a teacher to Dukas, influencing his compositional style and orchestration.",0.80,0.90,0.30,pending
charles-gounod-1818,paul-dukas-1865,"Gounod's melodic and harmonic language influenced the French Romantic tradition that shaped Dukas's early musical education.",0.60,0.70,0.40,pending
hector-berlioz-1803,paul-dukas-1865,"Berlioz's innovative orchestration and dramatic style had a lasting impact on Dukas's approach to orchestral writing.",0.70,0.80,0.50,pending
richard-wagner-1813,paul-dukas-1865,"Wagner's harmonic innovations and leitmotif technique influenced Dukas, though Dukas maintained a distinct French style.",0.50,0.70,0.60,pending
claude-debussy-1862,paul-dukas-1865,"Debussy and Dukas were contemporaries, with Debussy's impressionistic style influencing Dukas's harmonic language and textures.",0.60,0.80,0.50,pending
mikhail-ivanovich-glinka-1804,alexander-glazunov-1865,"Glinka is considered the father of Russian classical music and heavily influenced Glazunov's nationalistic style and orchestration.",0.90,1.00,0.20,pending
nikolai-rimsky-korsakov-1844,alexander-glazunov-1865,"Rimsky-Korsakov was Glazunov's teacher and mentor, profoundly shaping his compositional technique and orchestration.",1.00,1.00,0.10,pending
pyotr-ilyich-tchaikovsky-1840,alexander-glazunov-1865,"Tchaikovsky's melodic style and emotional expressiveness influenced Glazunov's symphonic and ballet compositions.",0.80,0.90,0.30,pending
franz-liszt-1811,alexander-glazunov-1865,"Liszt's innovations in harmony and orchestration impacted Glazunov's approach to symphonic form and color.",0.60,0.80,0.40,pending
johannes-brahms-1833,alexander-glazunov-1865,"Brahms' structural rigor and romantic idiom influenced Glazunov's symphonic writing and formal development.",0.50,0.70,0.50,pending
claude-debussy-1862,erik-satie-1866,"Debussy and Satie were contemporaries and friends; Debussy's impressionistic style and harmonic innovations influenced Satie's approach to harmony and atmosphere.",0.70,0.90,0.50,pending
gabriel-faure-1845,erik-satie-1866,"Gabriel Fauré's refined harmonic language and melodic style influenced Satie's early compositional style, especially in his piano works.",0.60,0.80,0.60,pending
ernest-chausson-1855,erik-satie-1866,"Chausson's late Romantic harmonic language and expressive style had an impact on Satie's early compositions before he developed his unique minimalist style.",0.40,0.70,0.70,pending
franz-liszt-1811,erik-satie-1866,"Liszt's innovations in piano technique and form indirectly influenced Satie, who was a pianist and aware of Liszt's contributions to piano music.",0.30,0.60,0.80,pending
ludwig-van-beethoven-1770,ferruccio-busoni-1866,"Busoni admired Beethoven's structural mastery and thematic development, which influenced his own compositional approach.",0.80,0.90,0.40,pending
franz-liszt-1811,ferruccio-busoni-1866,"Liszt's virtuosic piano style and innovative harmonic language had a profound impact on Busoni's pianism and compositional style.",0.90,0.95,0.30,pending
johann-sebastian-bach-1685,ferruccio-busoni-1866,"Busoni was deeply influenced by Bach's contrapuntal techniques and often transcribed Bach's works for piano.",0.85,0.95,0.20,pending
richard-wagner-1813,ferruccio-busoni-1866,"Wagner's harmonic innovations and dramatic expression influenced Busoni's harmonic language and operatic ideas.",0.70,0.80,0.50,pending
johannes-brahms-1833,ferruccio-busoni-1866,"Brahms' classical forms and rich harmonic textures influenced Busoni's compositional structure and style.",0.60,0.75,0.50,pending
claude-debussy-1862,ferruccio-busoni-1866,"Debussy's impressionistic harmonies and coloristic effects influenced Busoni's exploration of new harmonic possibilities.",0.50,0.70,0.70,pending
isaac-albeniz-1860,enrique-granados-1867,"Isaac Albéniz was a major influence on Granados, both being Spanish composers who incorporated Spanish folk elements and nationalism into their piano music.",0.90,0.95,0.30,pending
claude-debussy-1862,enrique-granados-1867,"Debussy's impressionistic style influenced Granados's harmonic language and coloristic piano textures.",0.70,0.85,0.60,pending
franz-liszt-1811,enrique-granados-1867,"Liszt's virtuosic piano style and programmatic approach influenced Granados's piano compositions and his use of thematic transformation.",0.60,0.80,0.50,pending
franz-schubert-1797,enrique-granados-1867,"Schubert's lyrical melodies and song-like piano writing had an impact on Granados's melodic style and intimate piano works.",0.50,0.70,0.60,pending
johannes-brahms-1833,enrique-granados-1867,"Brahms's structural rigor and romantic expressiveness influenced Granados's compositional technique and emotional depth.",0.50,0.70,0.50,pending
johann-sebastian-bach-1685,scott-joplin-1868,"Joplin was influenced by Bach's structured approach to composition and counterpoint, which informed his ragtime compositions' formal clarity.",0.60,0.80,0.50,pending
ludwig-van-beethoven-1770,scott-joplin-1868,"Beethoven's emphasis on thematic development and expressive depth influenced Joplin's approach to musical storytelling within ragtime.",0.50,0.70,0.60,pending
johannes-brahms-1833,scott-joplin-1868,"Brahms' use of rhythm and folk elements parallels Joplin's incorporation of syncopation and American folk styles in ragtime.",0.40,0.60,0.60,pending
franz-liszt-1811,scott-joplin-1868,"Liszt's virtuosic piano writing and thematic transformation techniques influenced Joplin's piano rag compositions.",0.40,0.60,0.70,pending
claude-debussy-1862,albert-roussel-1869,"Roussel was influenced by Debussy's impressionistic harmonic language and orchestral color, which shaped his early compositional style.",0.70,0.90,0.60,pending
gabriel-faure-1845,albert-roussel-1869,"Faure's refined melodic style and harmonic subtlety influenced Roussel's approach to melody and form.",0.60,0.80,0.50,pending
vincent-dindy-1851,albert-roussel-1869,"As Roussel's teacher, d'Indy had a direct impact on his compositional technique and use of classical forms.",0.80,1.00,0.40,pending
paul-dukas-1865,albert-roussel-1869,"Dukas' meticulous craftsmanship and orchestration influenced Roussel's attention to detail and orchestral writing.",0.60,0.85,0.50,pending
richard-wagner-1813,albert-roussel-1869,"Wagner's harmonic innovations and dramatic intensity had an indirect influence on Roussel's harmonic language and orchestral textures.",0.50,0.70,0.70,pending
johannes-brahms-1833,wilhelm-stenhammar-1871,"Stenhammar was heavily influenced by Brahms' Romantic style, particularly in his symphonic and chamber works, reflecting Brahms' structural rigor and lyrical depth.",0.90,0.95,0.30,pending
edvard-grieg-1843,wilhelm-stenhammar-1871,"Grieg's nationalistic style and use of Nordic folk elements influenced Stenhammar's incorporation of Swedish folk idioms and melodic style.",0.70,0.90,0.40,pending
richard-wagner-1813,wilhelm-stenhammar-1871,"Wagner's harmonic innovations and orchestral color had an impact on Stenhammar's orchestral writing and harmonic language.",0.60,0.85,0.50,pending
franz-liszt-1811,wilhelm-stenhammar-1871,"Liszt's virtuosic piano style and symphonic poem form influenced Stenhammar's piano compositions and orchestral tone poems.",0.60,0.80,0.50,pending
camille-saint-saens-1835,wilhelm-stenhammar-1871,"Saint-Saëns' clarity of form and orchestration influenced Stenhammar's approach to symphonic and chamber music.",0.50,0.75,0.40,pending
gustav-mahler-1860,alexander-von-zemlinsky-1871,"Zemlinsky was a close associate and admirer of Mahler, whose late-Romantic style and orchestration deeply influenced Zemlinsky's own compositions.",0.90,1.00,0.30,pending
richard-wagner-1813,alexander-von-zemlinsky-1871,"Wagner's harmonic language and dramatic approach to opera had a significant impact on Zemlinsky's operatic and orchestral works.",0.80,0.90,0.40,pending
arnold-schoenberg-1874,alexander-von-zemlinsky-1871,"As Zemlinsky's student and close friend, Schoenberg influenced his move towards atonality and expressionism in later works.",0.70,0.95,0.50,pending
johannes-brahms-1833,alexander-von-zemlinsky-1871,"Brahms' structural rigor and late-Romantic idiom shaped Zemlinsky's early compositional style.",0.60,0.85,0.40,pending
claude-debussy-1862,alexander-von-zemlinsky-1871,"Debussy's impressionistic harmonic palette influenced Zemlinsky's exploration of color and atmosphere in his orchestral works.",0.50,0.70,0.60,pending
franz-liszt-1811,alexander-scriabin-1872,"Liszt's innovative piano techniques and harmonic explorations deeply influenced Scriabin's early piano compositions and his approach to chromaticism.",0.90,0.95,0.40,pending
frederic-chopin-1810,alexander-scriabin-1872,"Chopin's poetic piano style and use of rubato shaped Scriabin's early works and his lyrical piano writing.",0.80,0.90,0.50,pending
richard-wagner-1813,alexander-scriabin-1872,"Wagner's harmonic language and mystical ideas influenced Scriabin's later harmonic experiments and his synesthetic concepts.",0.70,0.85,0.70,pending
alexander-borodin-1833,alexander-scriabin-1872,"Borodin's Russian nationalist style and use of modal melodies impacted Scriabin's early Russian musical identity.",0.60,0.80,0.60,pending
nikolai-rimsky-korsakov-1844,alexander-scriabin-1872,"Rimsky-Korsakov's orchestration and modal harmonies influenced Scriabin's orchestral works and harmonic palette.",0.60,0.80,0.60,pending
claude-debussy-1862,alexander-scriabin-1872,"Debussy's impressionistic harmonic language and coloristic textures paralleled and influenced Scriabin's later harmonic innovations.",0.50,0.70,0.70,pending
gustav-mahler-1860,ralph-vaughan-williams-1872,"Mahler's expansive symphonic style and use of folk elements influenced Vaughan Williams's approach to orchestration and thematic development.",0.70,0.90,0.40,pending
richard-wagner-1813,ralph-vaughan-williams-1872,"Wagner's harmonic innovations and leitmotif technique impacted Vaughan Williams's harmonic language and thematic cohesion.",0.60,0.85,0.60,pending
johannes-brahms-1833,ralph-vaughan-williams-1872,"Brahms's structural clarity and romantic expressiveness influenced Vaughan Williams's compositional form and melodic style.",0.60,0.80,0.50,pending
gabriel-faure-1845,ralph-vaughan-williams-1872,"Faure's lyricism and modal harmonies helped shape Vaughan Williams's harmonic palette and melodic contours.",0.50,0.75,0.50,pending
claude-debussy-1862,ralph-vaughan-williams-1872,"Debussy's impressionistic textures and modal scales influenced Vaughan Williams's use of modality and orchestral color.",0.50,0.70,0.70,pending
edward-elgar-1857,ralph-vaughan-williams-1872,"Elgar's English romanticism and orchestral mastery provided a nationalistic model that Vaughan Williams expanded upon.",0.70,0.85,0.40,pending
gustav-holst-1874,ralph-vaughan-williams-1872,"Holst, a close friend and contemporary, shared folk music interests and compositional techniques with Vaughan Williams, mutually influencing each other.",0.60,0.90,0.30,pending
pyotr-ilyich-tchaikovsky-1840,sergei-rachmaninoff-1873,"Tchaikovsky was a major influence on Rachmaninoff's melodic style and emotional expressiveness, and Rachmaninoff admired his orchestration and lyricism.",0.90,1.00,0.20,pending
franz-liszt-1811,sergei-rachmaninoff-1873,"Liszt's virtuosic piano writing and harmonic innovations influenced Rachmaninoff's piano compositions and his approach to thematic transformation.",0.80,0.90,0.30,pending
alexander-glazunov-1865,sergei-rachmaninoff-1873,"Glazunov's orchestration and late-Romantic style had an impact on Rachmaninoff's symphonic works.",0.60,0.85,0.40,pending
johannes-brahms-1833,sergei-rachmaninoff-1873,"Brahms' structural rigor and rich harmonic language influenced Rachmaninoff's compositional approach, especially in his chamber and symphonic music.",0.50,0.80,0.50,pending
franz-schubert-1797,sergei-rachmaninoff-1873,"Schubert's lyrical melodies and harmonic progressions influenced Rachmaninoff's melodic writing and song compositions.",0.50,0.75,0.50,pending
johann-sebastian-bach-1685,max-reger-1873,"Reger was deeply influenced by Bach's contrapuntal techniques and organ works, often incorporating Baroque forms and styles into his compositions.",0.90,1.00,0.30,pending
ludwig-van-beethoven-1770,max-reger-1873,"Beethoven's structural innovations and dramatic intensity influenced Reger's approach to large-scale forms and harmonic language.",0.70,0.90,0.40,pending
johannes-brahms-1833,max-reger-1873,"Brahms' mastery of classical forms and rich harmonic textures served as a model for Reger's complex and dense musical style.",0.80,1.00,0.40,pending
richard-wagner-1813,max-reger-1873,"Wagner's chromaticism and expansive harmonic language influenced Reger's late-Romantic harmonic explorations.",0.60,0.80,0.50,pending
cesar-franck-1822,max-reger-1873,"Franck's use of cyclic form and rich chromaticism impacted Reger's compositional techniques and organ works.",0.60,0.80,0.50,pending
franz-liszt-1811,max-reger-1873,"Liszt's virtuosic piano writing and harmonic innovations influenced Reger's keyboard compositions and orchestral textures.",0.50,0.70,0.60,pending
johannes-brahms-1833,franz-schmidt-1874,"Schmidt's compositional style was heavily influenced by Brahms' late-Romantic idiom, particularly in his symphonic and chamber works.",0.90,0.95,0.30,pending
anton-bruckner-1824,franz-schmidt-1874,"Bruckner's expansive symphonic structures and harmonic language influenced Schmidt's symphonies and orchestration.",0.80,0.90,0.40,pending
gustav-mahler-1860,franz-schmidt-1874,"Mahler's late-Romantic orchestral style and emotional depth had an impact on Schmidt's symphonic writing.",0.70,0.85,0.50,pending
richard-wagner-1813,franz-schmidt-1874,"Wagner's harmonic innovations and leitmotivic techniques influenced Schmidt's harmonic language and thematic development.",0.60,0.80,0.60,pending
franz-liszt-1811,franz-schmidt-1874,"Liszt's virtuosic piano style and symphonic poems influenced Schmidt's piano compositions and orchestral color.",0.50,0.75,0.50,pending
camille-saint-saens-1835,franz-schmidt-1874,"Saint-Saëns' clarity of form and orchestration influenced Schmidt's approach to symphonic and chamber music.",0.40,0.70,0.50,pending
richard-wagner-1813,arnold-schoenberg-1874,"Schoenberg was deeply influenced by Wagner's harmonic innovations and dramatic expressiveness, which shaped his early compositional style.",0.90,1.00,0.40,pending
gustav-mahler-1860,arnold-schoenberg-1874,"Mahler's expansive orchestration and emotional depth influenced Schoenberg's approach to large-scale works and expressionism.",0.80,0.90,0.50,pending
johannes-brahms-1833,arnold-schoenberg-1874,"Brahms' structural rigor and development techniques informed Schoenberg's early compositional methods before he moved to atonality.",0.70,0.90,0.60,pending
claude-debussy-1862,arnold-schoenberg-1874,"Debussy's use of non-traditional scales and tonal ambiguity influenced Schoenberg's exploration of new harmonic languages.",0.60,0.80,0.70,pending
alexander-von-zemlinsky-1871,arnold-schoenberg-1874,"Zemlinsky was a close friend and mentor to Schoenberg, influencing his early style and supporting his development of the twelve-tone technique.",0.70,0.95,0.40,pending
antonin-dvorak-1841,josef-suk-1874,"Antonín Dvořák was Josef Suk's teacher and father-in-law, profoundly shaping his compositional style with Czech nationalistic elements and Romantic idioms.",0.90,1.00,0.30,pending
johannes-brahms-1833,josef-suk-1874,"Brahms' influence is evident in Suk's structural rigor and harmonic language, reflecting the late Romantic tradition.",0.70,0.90,0.40,pending
richard-wagner-1813,josef-suk-1874,"Wagner's chromaticism and expansive orchestration influenced Suk's harmonic palette and dramatic expression.",0.60,0.80,0.50,pending
gustav-mahler-1860,josef-suk-1874,"Mahler's symphonic style and emotional depth had an impact on Suk's orchestral works, especially in their expressive intensity.",0.50,0.70,0.50,pending
richard-wagner-1813,gustav-holst-1874,"Holst was influenced by Wagner's harmonic language and orchestration techniques, which shaped his early compositional style.",0.70,0.90,0.50,pending
gustav-mahler-1860,gustav-holst-1874,"Mahler's expansive symphonic structures and orchestral color influenced Holst's approach to large-scale works.",0.60,0.80,0.60,pending
claude-debussy-1862,gustav-holst-1874,"Debussy's impressionistic harmonies and modal explorations impacted Holst's harmonic palette and interest in exotic scales.",0.60,0.85,0.70,pending
ralph-vaughan-williams-1872,gustav-holst-1874,"As a close friend and contemporary, Vaughan Williams influenced Holst's use of English folk music and modal harmonies.",0.80,0.95,0.30,pending
edward-elgar-1857,gustav-holst-1874,"Elgar's nationalistic style and orchestration influenced Holst's development of a distinctly English musical voice.",0.50,0.70,0.50,pending
nikolai-rimsky-korsakov-1844,gustav-holst-1874,"Rimsky-Korsakov's mastery of orchestration and use of folk elements influenced Holst's orchestral writing and interest in exoticism.",0.60,0.75,0.60,pending
ludwig-van-beethoven-1770,charles-ives-1874,"Ives studied Beethoven's symphonies and was influenced by his structural innovations and emotional depth.",0.70,0.90,0.40,pending
johann-sebastian-bach-1685,charles-ives-1874,"Ives was deeply influenced by Bach's contrapuntal techniques and use of polyphony.",0.60,0.85,0.50,pending
richard-wagner-1813,charles-ives-1874,"Ives admired Wagner's harmonic language and dramatic expressiveness, which informed some of his own harmonic experimentation.",0.50,0.80,0.60,pending
gustav-mahler-1860,charles-ives-1874,"Mahler's expansive symphonic style and emotional intensity influenced Ives's orchestral writing.",0.60,0.80,0.50,pending
claude-debussy-1862,charles-ives-1874,"Debussy's innovative harmonic palette and use of modality impacted Ives's approach to harmony and texture.",0.50,0.75,0.70,pending
gabriel-faure-1845,maurice-ravel-1875,"Gabriel Fauré was Ravel's teacher and had a profound impact on his harmonic language and compositional style.",0.90,1.00,0.30,pending
claude-debussy-1862,maurice-ravel-1875,"Debussy's impressionistic style influenced Ravel's approach to harmony, texture, and orchestration, though Ravel developed a distinct voice.",0.80,1.00,0.60,pending
franz-schubert-1797,maurice-ravel-1875,"Ravel admired Schubert's melodic gift and formal clarity, which influenced his own melodic and structural approach.",0.50,0.80,0.50,pending
johannes-brahms-1833,maurice-ravel-1875,"Brahms' craftsmanship and use of classical forms influenced Ravel's compositional discipline and structure.",0.50,0.80,0.50,pending
modest-mussorgsky-1839,maurice-ravel-1875,"Mussorgsky's innovative harmonies and nationalistic elements inspired Ravel's interest in color and exoticism.",0.60,0.70,0.60,pending
erik-satie-1866,maurice-ravel-1875,"Satie's minimalist and avant-garde ideas influenced Ravel's exploration of new harmonic and rhythmic ideas.",0.40,0.70,0.70,pending
pyotr-ilyich-tchaikovsky-1840,reinhold-gliere-1875,"Glière was a student of Rimsky-Korsakov and was heavily influenced by the Russian Romantic tradition, particularly Tchaikovsky's melodic and orchestral style.",0.90,0.95,0.30,pending
nikolai-rimsky-korsakov-1844,reinhold-gliere-1875,"Rimsky-Korsakov was Glière's teacher and mentor, profoundly shaping his compositional technique and orchestration.",1.00,1.00,0.20,pending
alexander-glazunov-1865,reinhold-gliere-1875,"Glazunov, a contemporary and fellow Russian nationalist composer, influenced Glière's style through shared aesthetics and orchestral color.",0.70,0.85,0.40,pending
anton-bruckner-1824,reinhold-gliere-1875,"Bruckner's expansive symphonic structures and harmonic language influenced Glière's approach to large-scale orchestral works.",0.60,0.70,0.50,pending
johannes-brahms-1833,reinhold-gliere-1875,"Brahms' classical forms and rich harmonic language were part of the broader European tradition that shaped Glière's compositional foundation.",0.50,0.70,0.50,pending
isaac-albeniz-1860,manuel-de-falla-1876,"Albeniz was a key figure in Spanish nationalist music and greatly influenced Falla's incorporation of Spanish folk elements and idioms.",0.90,0.95,0.30,pending
claude-debussy-1862,manuel-de-falla-1876,"Debussy's impressionistic style influenced Falla's harmonic language and orchestration techniques.",0.70,0.90,0.60,pending
maurice-ravel-1875,manuel-de-falla-1876,"Ravel's refinement and use of modal and folk elements paralleled and influenced Falla's compositional approach.",0.80,0.90,0.50,pending
modest-mussorgsky-1839,manuel-de-falla-1876,"Mussorgsky's use of folk themes and modal harmonies inspired Falla's nationalist style.",0.60,0.80,0.70,pending
manuel-de-falla-1876,manuel-de-falla-1876,"Falla was influenced by the broader Spanish nationalist movement in music, which included composers like Felipe Pedrell (not in list) who shaped his musical identity.",0.85,0.90,0.40,pending
johannes-brahms-1833,ernst-von-dohnanyi-1877,"Dohnányi's compositional style was deeply rooted in the Romantic tradition, with Brahms' structural clarity and harmonic language strongly influencing his works.",0.90,0.95,0.30,pending
franz-liszt-1811,ernst-von-dohnanyi-1877,"Liszt's virtuosic piano writing and harmonic innovations influenced Dohnányi, especially in his piano compositions and orchestral works.",0.70,0.85,0.40,pending
richard-wagner-1813,ernst-von-dohnanyi-1877,"Wagner's chromaticism and expansive orchestration had an impact on Dohnányi's harmonic language and dramatic expression.",0.60,0.80,0.50,pending
camille-saint-saens-1835,ernst-von-dohnanyi-1877,"Saint-Saëns' classical balance and melodic elegance influenced Dohnányi's approach to form and orchestration.",0.50,0.70,0.40,pending
gabriel-faure-1845,ernst-von-dohnanyi-1877,"Faure's refined harmonic palette and lyricism are reflected in Dohnányi's melodic and harmonic style.",0.50,0.70,0.40,pending
nikolai-rimsky-korsakov-1844,ottorino-respighi-1879,"Respighi studied orchestration with Rimsky-Korsakov and was heavily influenced by his colorful orchestral techniques.",0.90,1.00,0.30,pending
claude-debussy-1862,ottorino-respighi-1879,"Respighi was influenced by Debussy's impressionistic style, especially in his use of tone color and atmosphere.",0.70,0.90,0.60,pending
richard-wagner-1813,ottorino-respighi-1879,"Respighi's dramatic orchestration and harmonic language show the influence of Wagner's late Romantic style.",0.60,0.80,0.50,pending
giuseppe-verdi-1813,ottorino-respighi-1879,"Respighi was influenced by Verdi's melodic expressiveness and Italian operatic tradition.",0.50,0.80,0.40,pending
camille-saint-saens-1835,ottorino-respighi-1879,"Saint-Saëns' clarity of form and orchestration influenced Respighi's compositional style.",0.50,0.70,0.50,pending
johannes-brahms-1833,ernest-bloch-1880,"Bloch's early works show a strong influence of Brahms' Romantic style and structural rigor.",0.70,0.90,0.40,pending
richard-wagner-1813,ernest-bloch-1880,"Bloch was influenced by Wagner's harmonic language and dramatic intensity, especially in his orchestral works.",0.60,0.80,0.50,pending
claude-debussy-1862,ernest-bloch-1880,"Debussy's impressionistic textures and modal harmonies influenced Bloch's exploration of color and atmosphere.",0.50,0.70,0.60,pending
gabriel-faure-1845,ernest-bloch-1880,"Faure's lyrical melodies and harmonic subtlety impacted Bloch's melodic and harmonic approach.",0.50,0.70,0.50,pending
gustav-mahler-1860,ernest-bloch-1880,"Mahler's expansive orchestration and emotional depth influenced Bloch's symphonic and vocal compositions.",0.60,0.80,0.40,pending
johannes-brahms-1833,bela-bartok-1881,"Bartók was influenced by Brahms' structural rigor and use of folk elements, which informed his own synthesis of folk music and classical forms.",0.70,0.90,0.40,pending
richard-wagner-1813,bela-bartok-1881,"Bartók absorbed Wagner's harmonic innovations and dramatic intensity, though he diverged significantly in his use of folk modalities and rhythms.",0.50,0.80,0.70,pending
claude-debussy-1862,bela-bartok-1881,"Debussy's impressionistic textures and modal harmonies influenced Bartók's harmonic language and coloristic orchestration.",0.60,0.85,0.60,pending
maurice-ravel-1875,bela-bartok-1881,"Ravel's refined orchestration and incorporation of folk elements inspired Bartók's own approach to orchestral color and folk music integration.",0.60,0.85,0.50,pending
zoltan-kodaly-1882,bela-bartok-1881,"Kodály, a close colleague and fellow Hungarian folk music researcher, profoundly influenced Bartók's ethnomusicological work and compositional style.",0.90,1.00,0.30,pending
franz-liszt-1811,bela-bartok-1881,"Liszt's Hungarian nationalist style and virtuosic piano writing influenced Bartók's piano compositions and nationalistic musical identity.",0.60,0.80,0.50,pending
arnold-schoenberg-1874,bela-bartok-1881,"Bartók was aware of Schoenberg's atonal and twelve-tone techniques, which influenced his exploration of modern harmonic language, though he maintained his own tonal roots.",0.40,0.70,0.70,pending
johannes-brahms-1833,george-enescu-1881,"Enescu was influenced by Brahms' structural mastery and romantic expressiveness, which shaped his early compositional style.",0.70,0.90,0.40,pending
franz-liszt-1811,george-enescu-1881,"Liszt's virtuosic piano writing and harmonic innovations influenced Enescu's approach to piano and orchestral textures.",0.60,0.80,0.50,pending
richard-wagner-1813,george-enescu-1881,"Wagner's use of leitmotifs and chromatic harmony impacted Enescu's dramatic and harmonic language.",0.60,0.85,0.60,pending
claude-debussy-1862,george-enescu-1881,"Debussy's impressionistic colors and modal harmonies influenced Enescu's orchestration and harmonic palette.",0.50,0.80,0.70,pending
gabriel-faure-1845,george-enescu-1881,"Faure's lyrical melodies and refined harmonic language were important in shaping Enescu's melodic style.",0.50,0.75,0.50,pending
edvard-grieg-1843,george-enescu-1881,"Grieg's incorporation of folk elements and nationalistic style influenced Enescu's use of Romanian folk music.",0.70,0.85,0.40,pending
antonin-dvorak-1841,george-enescu-1881,"Dvořák's blending of folk music with classical forms inspired Enescu's nationalistic compositions.",0.60,0.80,0.50,pending
camille-saint-saens-1835,george-enescu-1881,"Saint-Saëns' classical clarity and orchestral craftsmanship influenced Enescu's compositional technique.",0.50,0.70,0.50,pending
nikolai-rimsky-korsakov-1844,igor-stravinsky-1882,"Rimsky-Korsakov was Stravinsky's teacher and had a strong impact on his early compositional style and orchestration techniques.",0.90,1.00,0.40,pending
claude-debussy-1862,igor-stravinsky-1882,"Debussy's impressionistic style influenced Stravinsky's harmonic language and orchestral color, especially in his early works.",0.70,0.90,0.70,pending
richard-wagner-1813,igor-stravinsky-1882,"Wagner's innovations in harmony and orchestration were part of the broader musical environment that shaped Stravinsky's development.",0.50,0.80,0.80,pending
alexander-glazunov-1865,igor-stravinsky-1882,"Glazunov was a prominent Russian composer whose works and style influenced the Russian musical tradition that Stravinsky inherited.",0.60,0.80,0.60,pending
sergei-rachmaninoff-1873,igor-stravinsky-1882,"Rachmaninoff's Romantic style and pianistic idiom were part of the Russian musical context influencing Stravinsky's early compositions.",0.50,0.70,0.70,pending
arnold-schoenberg-1874,igor-stravinsky-1882,"Schoenberg's exploration of atonality and twelve-tone technique influenced Stravinsky's later serial works.",0.60,0.90,0.70,pending
maurice-ravel-1875,igor-stravinsky-1882,"Ravel's mastery of orchestration and impressionistic style influenced Stravinsky's approach to color and texture.",0.70,0.85,0.60,pending
richard-wagner-1813,karol-szymanowski-1882,"Szymanowski was influenced by Wagner's harmonic language and leitmotif technique, which shaped his early compositional style.",0.80,0.90,0.40,pending
claude-debussy-1862,karol-szymanowski-1882,"Debussy's impressionistic textures and modal harmonies influenced Szymanowski's mature style, especially in his piano and orchestral works.",0.70,0.85,0.50,pending
alexander-scriabin-1872,karol-szymanowski-1882,"Scriabin's mystical and innovative harmonic approach had a strong impact on Szymanowski's harmonic experimentation and coloristic orchestration.",0.75,0.90,0.40,pending
franz-liszt-1811,karol-szymanowski-1882,"Liszt's virtuosic piano writing and programmatic style influenced Szymanowski's piano compositions and his use of thematic transformation.",0.60,0.80,0.50,pending
gustav-mahler-1860,karol-szymanowski-1882,"Mahler's expansive orchestration and emotional depth influenced Szymanowski's symphonic works and his approach to large-scale forms.",0.50,0.75,0.60,pending
johannes-brahms-1833,percy-grainger-1882,"Grainger admired Brahms' craftsmanship and incorporated elements of Brahmsian romanticism and folk-inspired themes into his own compositions.",0.70,0.90,0.40,pending
edvard-grieg-1843,percy-grainger-1882,"Grieg's use of folk music and nationalistic elements influenced Grainger's interest in folk song arrangements and ethnomusicology.",0.80,0.85,0.30,pending
claude-debussy-1862,percy-grainger-1882,"Debussy's impressionistic harmonic language and innovative textures impacted Grainger's approach to orchestration and harmonic experimentation.",0.60,0.80,0.60,pending
frederick-delius-1862,percy-grainger-1882,"Delius' lyrical style and atmospheric soundscapes influenced Grainger's own compositional voice, especially in his more pastoral works.",0.50,0.75,0.50,pending
richard-wagner-1813,percy-grainger-1882,"Wagner's expansive harmonic language and use of leitmotifs had an indirect influence on Grainger's orchestral writing and thematic development.",0.40,0.70,0.70,pending
bela-bartok-1881,zoltan-kodaly-1882,"Bartók and Kodály were contemporaries and collaborators who both deeply researched Hungarian folk music, influencing each other's compositional style and ethnomusicological work.",0.90,1.00,0.20,pending
johannes-brahms-1833,zoltan-kodaly-1882,"Kodály was influenced by Brahms' use of folk elements and classical forms, which informed his own synthesis of Hungarian folk music with classical traditions.",0.70,0.90,0.40,pending
franz-liszt-1811,zoltan-kodaly-1882,"Liszt's Hungarian Rhapsodies and nationalistic style inspired Kodály's interest in Hungarian folk music and national identity in music.",0.80,0.90,0.30,pending
richard-wagner-1813,zoltan-kodaly-1882,"Wagner's harmonic innovations and dramatic approach influenced Kodály's compositional techniques, though Kodály maintained a more folk-based and modal style.",0.60,0.80,0.50,pending
claude-debussy-1862,zoltan-kodaly-1882,"Debussy's modal harmonies and interest in non-traditional scales resonated with Kodály's use of folk modes and modal melodies.",0.50,0.70,0.60,pending
claude-debussy-1862,edgard-varese-1883,"Debussy's innovative use of timbre and non-traditional scales influenced Varèse's exploration of new sound textures and sonorities.",0.70,0.90,0.60,pending
arnold-schoenberg-1874,edgard-varese-1883,"Schoenberg's break with tonality and development of twelve-tone technique inspired Varèse's avant-garde approach to composition and structure.",0.80,0.95,0.70,pending
igor-stravinsky-1882,edgard-varese-1883,"Stravinsky's rhythmic innovation and bold orchestration had a significant impact on Varèse's rhythmic complexity and orchestral color.",0.85,0.95,0.50,pending
gustav-mahler-1860,edgard-varese-1883,"Mahler's expansive orchestration and structural innovations influenced Varèse's approach to large-scale works and sound masses.",0.60,0.80,0.60,pending
arnold-schoenberg-1874,anton-webern-1883,"Webern was a student and close associate of Schoenberg, adopting and developing his twelve-tone technique and atonal style.",1.00,1.00,0.30,pending
gustav-mahler-1860,anton-webern-1883,"Mahler's late-Romantic orchestration and expression influenced Webern's early compositional style before his full adoption of atonality.",0.60,0.90,0.50,pending
johann-sebastian-bach-1685,anton-webern-1883,"Webern admired Bach's contrapuntal mastery, which influenced his own concise and intricate contrapuntal writing.",0.70,0.80,0.40,pending
anton-bruckner-1824,anton-webern-1883,"Bruckner's symphonic structure and harmonic language had an indirect influence on Webern's understanding of form and harmony.",0.40,0.70,0.60,pending
franz-schubert-1797,anton-webern-1883,"Schubert's lyricism and motivic development were part of the broader Austro-German tradition that shaped Webern's musical foundation.",0.50,0.70,0.50,pending
richard-wagner-1813,arnold-bax-1883,"Bax was heavily influenced by Wagner's rich harmonic language and orchestration, which shaped his own lush and complex musical style.",0.90,0.95,0.30,pending
franz-schubert-1797,arnold-bax-1883,"Schubert's lyrical melodies and harmonic progressions influenced Bax's melodic writing and expressive depth.",0.70,0.80,0.40,pending
claude-debussy-1862,arnold-bax-1883,"Debussy's impressionistic textures and modal harmonies had a notable impact on Bax's orchestral color and atmospheric writing.",0.80,0.90,0.50,pending
frederick-delius-1862,arnold-bax-1883,"Delius's pastoral and impressionistic style influenced Bax's approach to tone and mood in his compositions.",0.75,0.85,0.50,pending
edward-elgar-1857,arnold-bax-1883,"Elgar's expansive orchestration and noble themes influenced Bax's symphonic works and his sense of English musical identity.",0.80,0.90,0.40,pending
jean-sibelius-1865,arnold-bax-1883,"Sibelius's nationalistic style and innovative symphonic structures inspired Bax, especially in his use of folk elements and orchestral textures.",0.85,0.90,0.40,pending
arnold-schoenberg-1874,alban-berg-1885,"Arnold Schoenberg was Berg's teacher and mentor, profoundly shaping his compositional style and introducing him to twelve-tone technique.",1.00,1.00,0.30,pending
gustav-mahler-1860,alban-berg-1885,"Mahler's late-Romantic orchestration and emotional depth influenced Berg's expressive language and orchestral writing.",0.70,0.90,0.40,pending
richard-wagner-1813,alban-berg-1885,"Wagner's harmonic innovations and leitmotif technique impacted Berg's approach to thematic development and chromaticism.",0.60,0.80,0.50,pending
claude-debussy-1862,alban-berg-1885,"Debussy's use of color and non-traditional scales influenced Berg's harmonic palette and textural experimentation.",0.50,0.70,0.60,pending
franz-schubert-1797,alban-berg-1885,"Schubert's lyrical melodies and song structures influenced Berg's vocal writing and melodic style.",0.40,0.70,0.50,pending
claude-debussy-1862,heitor-villa-lobos-1887,"Villa-Lobos was influenced by Debussy's impressionistic harmonies and orchestral colors, which he integrated with Brazilian folk elements.",0.80,0.90,0.60,pending
maurice-ravel-1875,heitor-villa-lobos-1887,"Ravel's orchestration and use of exotic scales influenced Villa-Lobos's approach to blending Brazilian themes with modern orchestral techniques.",0.70,0.85,0.60,pending
johann-sebastian-bach-1685,heitor-villa-lobos-1887,"Villa-Lobos admired Bach's contrapuntal mastery and incorporated Baroque forms and counterpoint into his compositions.",0.75,0.90,0.50,pending
antonin-dvorak-1841,heitor-villa-lobos-1887,"Dvořák's nationalist style and use of folk music as a basis for classical composition inspired Villa-Lobos's own nationalist musical identity.",0.70,0.80,0.50,pending
franz-liszt-1811,heitor-villa-lobos-1887,"Liszt's virtuosic piano style and programmatic music influenced Villa-Lobos's piano compositions and his use of thematic transformation.",0.60,0.75,0.60,pending
richard-wagner-1813,heitor-villa-lobos-1887,"Wagner's expansive harmonic language and leitmotif technique had an indirect influence on Villa-Lobos's dramatic and orchestral works.",0.50,0.70,0.70,pending
bedrich-smetana-1824,bohuslav-martinu-1890,"Smetana's Czech national style and incorporation of folk elements influenced Martinů's own nationalistic tendencies and use of folk motifs.",0.70,0.90,0.40,pending
antonin-dvorak-1841,bohuslav-martinu-1890,"Dvořák's blending of Czech folk music with classical forms served as a model for Martinů's synthesis of national identity and modernism.",0.80,0.95,0.30,pending
claude-debussy-1862,bohuslav-martinu-1890,"Debussy's impressionistic harmonic language and coloristic orchestration influenced Martinů's approach to texture and atmosphere.",0.60,0.85,0.60,pending
igor-stravinsky-1882,bohuslav-martinu-1890,"Stravinsky's rhythmic innovation and neoclassical style had a significant impact on Martinů's compositional techniques and stylistic development.",0.90,0.95,0.50,pending
arthur-honegger-1892,bohuslav-martinu-1890,"Honegger, as a fellow member of Les Six and a contemporary, influenced Martinů's modernist tendencies and orchestral style.",0.70,0.80,0.40,pending
darius-milhaud-1892,bohuslav-martinu-1890,"Milhaud's polytonality and incorporation of jazz elements influenced Martinů's harmonic language and rhythmic vitality.",0.60,0.80,0.50,pending
gabriel-faure-1845,jacques-ibert-1890,"Ibert studied under Gabriel Fauré at the Paris Conservatoire, and Fauré's lyrical style and harmonic language significantly shaped Ibert's early compositional approach.",0.80,0.95,0.40,pending
paul-dukas-1865,jacques-ibert-1890,"Paul Dukas was a teacher and mentor to Ibert, influencing his orchestration skills and attention to detail in composition.",0.70,0.90,0.50,pending
claude-debussy-1862,jacques-ibert-1890,"Debussy's impressionistic style and innovative harmonic language influenced Ibert's use of color and texture in his music.",0.60,0.85,0.70,pending
maurice-ravel-1875,jacques-ibert-1890,"Ravel's mastery of orchestration and clarity of form had a notable impact on Ibert's compositional style, especially in his orchestral works.",0.70,0.90,0.50,pending
sergei-rachmaninoff-1873,sergei-prokofiev-1891,"Rachmaninoff's Romantic style and pianistic virtuosity influenced Prokofiev's early piano compositions and melodic development.",0.70,0.90,0.40,pending
igor-stravinsky-1882,sergei-prokofiev-1891,"Stravinsky's innovative rhythms and modernist approach had a significant impact on Prokofiev's compositional style, especially in his ballets and orchestral works.",0.80,0.95,0.50,pending
pyotr-ilyich-tchaikovsky-1840,sergei-prokofiev-1891,"Tchaikovsky's melodic richness and orchestration techniques influenced Prokofiev's lyrical and dramatic writing.",0.60,0.85,0.50,pending
claude-debussy-1862,sergei-prokofiev-1891,"Debussy's harmonic innovations and coloristic orchestration influenced Prokofiev's harmonic language and texture.",0.50,0.80,0.70,pending
maurice-ravel-1875,sergei-prokofiev-1891,"Ravel's clarity, precision, and orchestral color had an impact on Prokofiev's approach to orchestration and form.",0.50,0.80,0.60,pending
alexander-glazunov-1865,sergei-prokofiev-1891,"Glazunov's role as a teacher and his late-Romantic style influenced Prokofiev's early compositional development.",0.60,0.85,0.50,pending
claude-debussy-1862,darius-milhaud-1892,"Milhaud was influenced by Debussy's impressionistic harmonic language and innovative orchestration techniques.",0.70,0.90,0.50,pending
arnold-schoenberg-1874,darius-milhaud-1892,"Milhaud was aware of Schoenberg's atonal and twelve-tone techniques, though he did not fully adopt them, incorporating some modernist elements.",0.40,0.80,0.70,pending
igor-stravinsky-1882,darius-milhaud-1892,"Stravinsky's rhythmic innovation and neoclassical style influenced Milhaud, especially as both were part of Les Six.",0.80,0.95,0.40,pending
maurice-ravel-1875,darius-milhaud-1892,"Ravel's mastery of orchestration and clarity of form had a significant impact on Milhaud's compositional style.",0.60,0.85,0.50,pending
erik-satie-1866,darius-milhaud-1892,"Satie's simplicity and anti-Romantic aesthetic influenced Milhaud and the other members of Les Six.",0.50,0.80,0.60,pending
gabriel-faure-1845,darius-milhaud-1892,"Faure's harmonic language and melodic style influenced Milhaud's early development as a composer.",0.40,0.70,0.60,pending
claude-debussy-1862,arthur-honegger-1892,"Debussy's impressionistic harmonic language and orchestral color influenced Honegger's early compositional style.",0.70,0.90,0.60,pending
paul-dukas-1865,arthur-honegger-1892,"Dukas' mastery of orchestration and form had a notable impact on Honegger, especially during his studies at the Paris Conservatoire.",0.60,0.80,0.50,pending
igor-stravinsky-1882,arthur-honegger-1892,"Stravinsky's rhythmic innovation and modernist approach influenced Honegger's rhythmic vitality and modernist tendencies.",0.70,0.85,0.70,pending
richard-wagner-1813,arthur-honegger-1892,"Wagner's dramatic intensity and use of leitmotifs influenced Honegger's approach to dramatic and programmatic music.",0.50,0.70,0.60,pending
gustav-mahler-1860,arthur-honegger-1892,"Mahler's expansive symphonic structures and emotional depth influenced Honegger's symphonic works.",0.60,0.75,0.50,pending
vincent-dindy-1851,arthur-honegger-1892,"Vincent d'Indy, as Honegger's teacher, directly influenced his compositional technique and adherence to classical forms.",0.80,0.95,0.40,pending
arnold-schoenberg-1874,arthur-honegger-1892,"Schoenberg's exploration of atonality and new harmonic languages indirectly influenced Honegger's modernist explorations.",0.40,0.60,0.80,pending
ralph-vaughan-williams-1872,ernest-moeran-1894,"Moeran was a student of Vaughan Williams and was heavily influenced by his use of English folk music and modal harmonies.",0.90,1.00,0.30,pending
frederick-delius-1862,ernest-moeran-1894,"Moeran admired Delius's lyrical style and pastoral tone, which influenced his own melodic and harmonic language.",0.70,0.80,0.40,pending
edward-elgar-1857,ernest-moeran-1894,"Elgar's romantic orchestration and English character had an impact on Moeran's symphonic and chamber works.",0.60,0.70,0.50,pending
gustav-mahler-1860,carl-orff-1895,"Mahler's orchestral and dramatic innovations influenced Orff's approach to large-scale works and his emphasis on rhythm and drama.",0.60,0.80,0.50,pending
richard-wagner-1813,carl-orff-1895,"Wagner's use of leitmotifs and dramatic intensity impacted Orff's theatrical compositions, especially in his operatic and stage works.",0.50,0.70,0.60,pending
claudio-monteverdi-1567,carl-orff-1895,"Monteverdi's early Baroque dramatic style and emphasis on text setting influenced Orff's vocal and choral writing.",0.40,0.60,0.70,pending
arnold-schoenberg-1874,carl-orff-1895,"Schoenberg's modernist ideas and exploration of new harmonic languages indirectly influenced Orff's break from traditional tonality.",0.30,0.60,0.80,pending
igor-stravinsky-1882,carl-orff-1895,"Stravinsky's rhythmic innovation and use of folk elements inspired Orff's rhythmic vitality and incorporation of primitive musical elements.",0.70,0.90,0.40,pending
johann-sebastian-bach-1685,paul-hindemith-1895,"Hindemith was deeply influenced by Bach's contrapuntal techniques and formal clarity, which shaped his neoclassical style.",0.90,1.00,0.30,pending
max-reger-1873,paul-hindemith-1895,"Reger's complex counterpoint and harmonic language influenced Hindemith's early compositional style and theoretical approach.",0.80,0.90,0.40,pending
arnold-schoenberg-1874,paul-hindemith-1895,"While Hindemith did not adopt Schoenberg's twelve-tone method, Schoenberg's modernist innovations influenced Hindemith's exploration of new harmonic languages.",0.60,0.80,0.70,pending
richard-wagner-1813,paul-hindemith-1895,"Wagner's dramatic expression and chromaticism had an indirect influence on Hindemith's approach to musical narrative and harmonic expansion.",0.50,0.70,0.60,pending
claude-debussy-1862,paul-hindemith-1895,"Debussy's impressionistic textures and modal harmonies influenced Hindemith's coloristic and harmonic palette, though Hindemith maintained a more structured approach.",0.50,0.70,0.60,pending
jean-sibelius-1865,howard-hanson-1896,"Howard Hanson admired Sibelius's lush orchestration and nationalistic style, which influenced his own romantic and lyrical compositions.",0.80,0.90,0.40,pending
richard-wagner-1813,howard-hanson-1896,"Wagner's expansive harmonic language and use of leitmotifs impacted Hanson's approach to thematic development and orchestration.",0.70,0.85,0.50,pending
gustav-mahler-1860,howard-hanson-1896,"Mahler's symphonic style and emotional depth influenced Hanson's symphonic works and his emphasis on expressive melody.",0.75,0.80,0.45,pending
franz-schubert-1797,howard-hanson-1896,"Schubert's lyrical melodies and romantic sensibility were foundational to Hanson's melodic writing and harmonic choices.",0.60,0.70,0.50,pending
camille-saint-saens-1835,howard-hanson-1896,"Saint-Saëns's clarity of form and orchestral color influenced Hanson's compositional style and orchestration techniques.",0.50,0.65,0.55,pending
heitor-villa-lobos-1887,francisco-mignone-1897,"Villa-Lobos was a major figure in Brazilian music and influenced Mignone's incorporation of Brazilian folk elements and nationalism in his compositions.",0.80,0.90,0.40,pending
claude-debussy-1862,francisco-mignone-1897,"Debussy's impressionistic style influenced Mignone's harmonic language and orchestration techniques.",0.60,0.80,0.60,pending
sergei-rachmaninoff-1873,francisco-mignone-1897,"Rachmaninoff's romantic expressiveness and pianistic style influenced Mignone's piano compositions and melodic development.",0.50,0.70,0.50,pending
giuseppe-verdi-1813,francisco-mignone-1897,"Verdi's operatic tradition and melodic lyricism influenced Mignone's vocal and operatic works.",0.40,0.70,0.60,pending
gustav-mahler-1860,erich-wolfgang-korngold-1897,"Korngold was heavily influenced by Mahler's late-Romantic orchestration and expansive harmonic language, which shaped his own lush and dramatic style.",0.90,0.95,0.30,pending
richard-wagner-1813,erich-wolfgang-korngold-1897,"Wagner's use of leitmotifs and chromatic harmony influenced Korngold's operatic and film music compositions.",0.85,0.90,0.40,pending
franz-schubert-1797,erich-wolfgang-korngold-1897,"Korngold's melodic gift and lyricism show the influence of Schubert's song-like qualities.",0.70,0.80,0.50,pending
johannes-brahms-1833,erich-wolfgang-korngold-1897,"Brahms' structural rigor and romantic expressiveness informed Korngold's compositional approach.",0.75,0.85,0.40,pending
camille-saint-saens-1835,erich-wolfgang-korngold-1897,"Saint-Saëns' clarity of form and orchestration influenced Korngold's orchestral writing.",0.60,0.70,0.50,pending
richard-strauss-1864,erich-wolfgang-korngold-1897,"Strauss' tone poems and operatic style had a strong impact on Korngold's harmonic language and orchestral color.",0.85,0.90,0.35,pending
claude-debussy-1862,george-gershwin-1898,"Debussy's impressionistic harmonies and orchestration influenced Gershwin's blending of classical and jazz elements.",0.70,0.90,0.60,pending
maurice-ravel-1875,george-gershwin-1898,"Ravel's refined orchestration and incorporation of jazz elements inspired Gershwin, especially after their meeting in the 1920s.",0.80,0.95,0.50,pending
johann-sebastian-bach-1685,george-gershwin-1898,"Gershwin studied classical forms and counterpoint, with Bach's influence evident in his structural approach.",0.50,0.80,0.70,pending
george-frideric-handel-1685,george-gershwin-1898,"Handel's dramatic and melodic style influenced Gershwin's approach to theatrical and operatic composition.",0.40,0.70,0.70,pending
scott-joplin-1868,george-gershwin-1898,"Joplin's ragtime style was a direct influence on Gershwin's early piano works and jazz-inflected compositions.",0.90,0.95,0.30,pending
johannes-brahms-1833,george-gershwin-1898,"Brahms' romanticism and structural rigor influenced Gershwin's symphonic and orchestral writing.",0.50,0.75,0.60,pending
charles-ives-1874,roy-harris-1898,"Roy Harris was influenced by Charles Ives's innovative use of American folk themes and experimental techniques, which shaped Harris's own American nationalist style.",0.80,0.90,0.40,pending
aaron-copland-1900,roy-harris-1898,"Harris and Copland shared a focus on American themes and folk elements, with Copland's style influencing Harris's approach to orchestration and nationalism.",0.70,0.80,0.50,pending
sergei-prokofiev-1891,roy-harris-1898,"Prokofiev's rhythmic vitality and modernist tendencies influenced Harris's compositional style, especially in his symphonic works.",0.60,0.70,0.60,pending
igor-stravinsky-1882,roy-harris-1898,"Stravinsky's innovative rhythms and orchestration techniques had an impact on Harris's development as a symphonist and modern composer.",0.60,0.70,0.60,pending
gustav-mahler-1860,roy-harris-1898,"Mahler's expansive symphonic form and emotional depth influenced Harris's approach to large-scale orchestral works.",0.50,0.60,0.50,pending
erik-satie-1866,francis-poulenc-1899,"Satie's simplicity, wit, and clarity influenced Poulenc's neoclassical style and his approach to melody and harmony.",0.80,0.90,0.40,pending
maurice-ravel-1875,francis-poulenc-1899,"Ravel's refined orchestration and clarity of form had a significant impact on Poulenc's compositional style.",0.70,0.85,0.50,pending
gabriel-faure-1845,francis-poulenc-1899,"Faure's lyricism and harmonic language influenced Poulenc's melodic and harmonic sensibilities.",0.60,0.80,0.50,pending
claude-debussy-1862,francis-poulenc-1899,"Debussy's impressionistic textures and modal harmonies influenced Poulenc's harmonic palette and coloristic effects.",0.60,0.80,0.60,pending
igor-stravinsky-1882,francis-poulenc-1899,"Stravinsky's neoclassicism and rhythmic vitality influenced Poulenc's compositional approach and stylistic choices.",0.70,0.85,0.50,pending
igor-stravinsky-1882,carlos-chavez-1899,"Chávez was influenced by Stravinsky's rhythmic innovation and modernist approach, which shaped his own compositional style.",0.80,0.90,0.50,pending
manuel-de-falla-1876,carlos-chavez-1899,"Manuel de Falla's incorporation of Spanish folk elements and nationalism influenced Chávez's use of Mexican indigenous themes.",0.70,0.85,0.40,pending
claude-debussy-1862,carlos-chavez-1899,"Debussy's impressionistic harmonic language and orchestration techniques had an impact on Chávez's orchestral textures.",0.60,0.80,0.60,pending
arthur-honegger-1892,carlos-chavez-1899,"Honegger's modernist style and use of rhythmic drive influenced Chávez's approach to orchestral writing and form.",0.50,0.75,0.50,pending
arnold-schoenberg-1874,kurt-weill-1900,"Weill studied with Schoenberg and was influenced by his modernist and twelve-tone techniques, which shaped his early compositional style.",0.80,1.00,0.50,pending
gustav-mahler-1860,kurt-weill-1900,"Mahler's orchestration and emotional depth influenced Weill's approach to dramatic music and orchestral color.",0.60,0.90,0.40,pending
richard-wagner-1813,kurt-weill-1900,"Wagner's integration of music and drama influenced Weill's theatrical compositions, especially in his operas and musical theater works.",0.50,0.80,0.60,pending
paul-hindemith-1895,kurt-weill-1900,"Hindemith's neoclassical style and emphasis on craftsmanship influenced Weill's compositional techniques during his middle period.",0.40,0.70,0.50,pending
george-gershwin-1898,kurt-weill-1900,"Gershwin's blending of classical music with jazz and popular idioms paralleled and influenced Weill's own incorporation of popular music styles.",0.50,0.80,0.50,pending
igor-stravinsky-1882,george-antheil-1900,"Stravinsky's rhythmic innovation and modernist style influenced Antheil's early avant-garde compositions.",0.80,0.90,0.50,pending
ernest-bloch-1880,george-antheil-1900,"Bloch's modernist harmonic language and exploration of new sonorities impacted Antheil's compositional approach.",0.60,0.70,0.60,pending
edgard-varese-1883,george-antheil-1900,"Varèse's pioneering use of percussion and electronic sounds paralleled and influenced Antheil's experimental works.",0.70,0.80,0.40,pending
arnold-schoenberg-1874,george-antheil-1900,"Schoenberg's atonal and twelve-tone techniques informed Antheil's exploration of dissonance and structure.",0.50,0.70,0.70,pending
claude-debussy-1862,george-antheil-1900,"Debussy's impressionistic textures and harmonic innovations influenced Antheil's early harmonic palette.",0.40,0.60,0.80,pending
igor-stravinsky-1882,aaron-copland-1900,"Stravinsky's innovative rhythms and modernist style had a profound impact on Copland's early compositional approach.",0.90,1.00,0.50,pending
bela-bartok-1881,aaron-copland-1900,"Bartók's use of folk elements and modernist techniques influenced Copland's incorporation of American folk themes.",0.80,0.90,0.40,pending
arnold-schoenberg-1874,aaron-copland-1900,"Schoenberg's serialism and modernist ideas influenced Copland's exploration of new harmonic languages, especially in his later works.",0.60,0.80,0.70,pending
charles-ives-1874,aaron-copland-1900,"Ives' pioneering American modernism and use of folk material inspired Copland's development of a distinctly American sound.",0.70,0.85,0.50,pending
maurice-ravel-1875,aaron-copland-1900,"Ravel's clarity, orchestration, and impressionistic textures influenced Copland's early compositional style.",0.50,0.80,0.60,pending
george-gershwin-1898,aaron-copland-1900,"Gershwin's blending of classical and jazz idioms helped shape Copland's approach to American popular and classical music fusion.",0.60,0.75,0.50,pending
manuel-de-falla-1876,joaquin-rodrigo-1901,"Manuel de Falla was a major influence on Rodrigo, especially in his use of Spanish folk elements and modal harmonies, shaping Rodrigo's nationalistic style.",0.90,0.95,0.30,pending
isaac-albeniz-1860,joaquin-rodrigo-1901,"Isaac Albéniz's incorporation of Spanish idioms and piano works influenced Rodrigo's melodic and harmonic language, particularly in his guitar compositions.",0.70,0.90,0.40,pending
enrique-granados-1867,joaquin-rodrigo-1901,"Granados' romantic Spanish style and piano works contributed to Rodrigo's approach to melody and nationalistic expression.",0.60,0.85,0.50,pending
maurice-ravel-1875,joaquin-rodrigo-1901,"Ravel's impressionistic textures and orchestration techniques influenced Rodrigo's orchestral writing and coloristic effects.",0.50,0.80,0.60,pending
manuel-de-falla-1876,joaquin-rodrigo-1901,"Rodrigo studied with de Falla, directly absorbing his compositional techniques and Spanish nationalist ideals.",1.00,1.00,0.20,pending
ralph-vaughan-williams-1872,william-walton-1902,"Walton was influenced by Vaughan Williams' incorporation of English folk elements and modal harmonies, which shaped his own English musical identity.",0.70,0.90,0.40,pending
gustav-mahler-1860,william-walton-1902,"Mahler's expansive orchestration and emotional depth influenced Walton's symphonic and orchestral writing.",0.60,0.80,0.50,pending
richard-wagner-1813,william-walton-1902,"Wagner's chromaticism and dramatic orchestration had an indirect influence on Walton's harmonic language and orchestral color.",0.50,0.70,0.70,pending
igor-stravinsky-1882,william-walton-1902,"Stravinsky's rhythmic innovation and neoclassical style influenced Walton's rhythmic vitality and modernist tendencies.",0.70,0.85,0.50,pending
maurice-ravel-1875,william-walton-1902,"Ravel's mastery of orchestration and harmonic color influenced Walton's own orchestral techniques and textures.",0.60,0.80,0.40,pending
edward-elgar-1857,william-walton-1902,"Elgar's English romanticism and noble orchestral style provided a model for Walton's early works and his approach to English musical tradition.",0.60,0.85,0.50,pending
gabriel-faure-1845,maurice-durufle-1902,"Duruflé studied under Gabriel Fauré and was deeply influenced by his harmonic language and melodic style.",0.90,1.00,0.30,pending
charles-marie-widor-1844,maurice-durufle-1902,"Duruflé was a student of Charles-Marie Widor at the Paris Conservatoire, inheriting his organ technique and compositional approach.",0.80,1.00,0.40,pending
paul-dukas-1865,maurice-durufle-1902,"Duruflé was influenced by Paul Dukas' orchestration and refined compositional craftsmanship.",0.60,0.80,0.50,pending
claude-debussy-1862,maurice-durufle-1902,"Duruflé's harmonic language and modal tendencies show the influence of Debussy's impressionistic style.",0.70,0.90,0.60,pending
maurice-ravel-1875,maurice-durufle-1902,"Duruflé's attention to color and texture in his compositions reflects Ravel's influence.",0.60,0.80,0.50,pending
johann-sebastian-bach-1685,maurice-durufle-1902,"Duruflé's organ works and choral writing show a strong foundation in Bach's contrapuntal techniques and sacred music tradition.",0.80,1.00,0.30,pending
sergei-prokofiev-1891,aram-khachaturian-1903,"Khachaturian studied under Prokofiev and was influenced by his modernist style and orchestration techniques.",0.80,0.90,0.40,pending
reinhold-gliere-1875,aram-khachaturian-1903,"Glieré was Khachaturian's teacher and mentor, significantly shaping his compositional style and use of Russian and Armenian folk elements.",0.90,0.95,0.30,pending
nikolai-rimsky-korsakov-1844,aram-khachaturian-1903,"Khachaturian was influenced by Rimsky-Korsakov's orchestration and incorporation of folk music, which is evident in Khachaturian's works.",0.70,0.85,0.50,pending
igor-stravinsky-1882,aram-khachaturian-1903,"Stravinsky's rhythmic innovation and use of folk themes influenced Khachaturian's rhythmic vitality and nationalistic style.",0.60,0.80,0.60,pending
sergei-prokofiev-1891,dmitry-kabalevsky-1904,"Kabalevsky was influenced by Prokofiev's modernist style and incorporation of Russian folk elements, which shaped his own compositional voice.",0.80,0.90,0.40,pending
dmitri-shostakovich-1906,dmitry-kabalevsky-1904,"Shostakovich's dramatic and often politically charged music influenced Kabalevsky's approach to Soviet-themed compositions and his use of expressive intensity.",0.70,0.85,0.50,pending
sergei-rachmaninoff-1873,dmitry-kabalevsky-1904,"Rachmaninoff's romantic lyricism and pianistic style influenced Kabalevsky's melodic writing and piano compositions.",0.60,0.80,0.60,pending
pyotr-ilyich-tchaikovsky-1840,dmitry-kabalevsky-1904,"Tchaikovsky's melodic richness and emotional expressiveness were foundational influences on Kabalevsky's musical language.",0.70,0.90,0.50,pending
alexander-glazunov-1865,dmitry-kabalevsky-1904,"Glazunov's synthesis of Russian nationalism and classical form influenced Kabalevsky's compositional structure and national style.",0.50,0.70,0.60,pending
ralph-vaughan-williams-1872,michael-tippett-1905,"Tippett was influenced by Vaughan Williams' use of English folk music and modal harmonies, which shaped his own compositional voice.",0.70,0.90,0.40,pending
igor-stravinsky-1882,michael-tippett-1905,"Stravinsky's rhythmic innovation and neoclassical style had a significant impact on Tippett's approach to rhythm and structure.",0.80,0.85,0.50,pending
arnold-schoenberg-1874,michael-tippett-1905,"Tippett was influenced by Schoenberg's exploration of atonality and twelve-tone techniques, though he adapted these ideas within his own tonal framework.",0.60,0.80,0.60,pending
benjamin-britten-1913,michael-tippett-1905,"Britten's success as a British composer and his lyrical style influenced Tippett's vocal writing and his engagement with English musical traditions.",0.70,0.85,0.40,pending
gustav-mahler-1860,michael-tippett-1905,"Mahler's expansive symphonic structures and emotional depth influenced Tippett's approach to large-scale works and orchestration.",0.50,0.70,0.50,pending
dmitry-kabalevsky-1904,dmitri-shostakovich-1906,"Kabalevsky was a fellow Soviet composer whose style and ideological stance influenced Shostakovich's approach to Soviet music and compositional techniques.",0.50,0.70,0.60,pending
sergei-prokofiev-1891,dmitri-shostakovich-1906,"Prokofiev was a major Russian composer whose modernist style and orchestration techniques influenced Shostakovich's early works and symphonic writing.",0.70,0.90,0.50,pending
igor-stravinsky-1882,dmitri-shostakovich-1906,"Stravinsky's innovative rhythms and modernist idioms had a significant impact on Shostakovich's compositional style, especially in his use of rhythm and orchestration.",0.60,0.85,0.70,pending
gustav-mahler-1860,dmitri-shostakovich-1906,"Mahler's symphonic scale and emotional depth influenced Shostakovich's symphonies, particularly in their dramatic and structural complexity.",0.80,0.95,0.40,pending
alexander-glazunov-1865,dmitri-shostakovich-1906,"Glazunov was Shostakovich's teacher and mentor, directly influencing his early compositional development and technique.",0.90,1.00,0.30,pending
sergei-rachmaninoff-1873,dmitri-shostakovich-1906,"Rachmaninoff's romanticism and pianistic style influenced Shostakovich's piano compositions and melodic writing.",0.50,0.80,0.60,pending
arnold-schoenberg-1874,dmitri-shostakovich-1906,"Schoenberg's expressionism and use of dissonance influenced Shostakovich's harmonic language and modernist tendencies.",0.40,0.70,0.70,pending
maurice-ravel-1875,dmitri-shostakovich-1906,"Ravel's orchestration and clarity of texture influenced Shostakovich's approach to orchestral color and detail.",0.40,0.75,0.60,pending
darius-milhaud-1892,dmitri-shostakovich-1906,"Milhaud's polytonality and modernist style had some influence on Shostakovich's harmonic experimentation.",0.30,0.60,0.70,pending
manuel-de-falla-1876,fernando-lopes-graca-1906,"Lopes-Graça was influenced by Manuel de Falla's integration of folk elements and nationalist style, which shaped his own approach to Portuguese folk music.",0.80,0.90,0.40,pending
bela-bartok-1881,fernando-lopes-graca-1906,"Bartók's ethnomusicological work and use of folk music as a basis for modern composition influenced Lopes-Graça's similar interest in Portuguese folk traditions.",0.70,0.85,0.50,pending
dmitri-shostakovich-1906,fernando-lopes-graca-1906,"Shostakovich's political engagement and modernist style had an impact on Lopes-Graça's own politically charged compositions and modernist tendencies.",0.60,0.80,0.60,pending
claude-debussy-1862,fernando-lopes-graca-1906,"Debussy's harmonic innovations and impressionistic textures influenced Lopes-Graça's harmonic language and coloristic effects.",0.50,0.70,0.70,pending
heitor-villa-lobos-1887,camargo-guarnieri-1907,"Villa-Lobos was a major figure in Brazilian music and influenced Guarnieri's incorporation of Brazilian folk elements and nationalism in his compositions.",0.90,0.95,0.30,pending
claude-debussy-1862,camargo-guarnieri-1907,"Debussy's impressionistic style influenced Guarnieri's harmonic language and orchestration techniques.",0.60,0.80,0.50,pending
sergei-prokofiev-1891,camargo-guarnieri-1907,"Prokofiev's modernist approach and rhythmic vitality impacted Guarnieri's compositional style.",0.50,0.70,0.60,pending
dmitri-shostakovich-1906,camargo-guarnieri-1907,"Shostakovich's dramatic and expressive style influenced Guarnieri's symphonic works.",0.40,0.60,0.70,pending
claude-debussy-1862,olivier-messiaen-1908,"Debussy's innovative harmonic language and use of modes influenced Messiaen's own harmonic and modal explorations.",0.70,0.90,0.60,pending
maurice-ravel-1875,olivier-messiaen-1908,"Ravel's orchestration and coloristic effects had a notable impact on Messiaen's approach to timbre and orchestral writing.",0.60,0.85,0.50,pending
erik-satie-1866,olivier-messiaen-1908,"Satie's unconventional structures and harmonic simplicity influenced Messiaen's early compositional style and his break from traditional forms.",0.50,0.80,0.70,pending
arnold-schoenberg-1874,olivier-messiaen-1908,"Schoenberg's expansion of harmonic language and serial techniques indirectly influenced Messiaen's rhythmic and harmonic innovations.",0.40,0.70,0.80,pending
igor-stravinsky-1882,olivier-messiaen-1908,"Stravinsky's rhythmic complexity and use of folk elements inspired Messiaen's rhythmic experimentation and modal melodies.",0.60,0.85,0.60,pending
paul-dukas-1865,olivier-messiaen-1908,"Dukas, as Messiaen's teacher, had a direct influence on his compositional technique and orchestration skills.",0.80,0.95,0.40,pending
arthur-honegger-1892,olivier-messiaen-1908,"Honegger's modernist style and use of rhythm and color influenced Messiaen's own modernist tendencies.",0.50,0.75,0.60,pending
charles-ives-1874,elliott-carter-1908,"Carter was influenced by Ives' innovative use of rhythm and polytonality, which inspired Carter's own complex rhythmic structures.",0.80,0.90,0.60,pending
igor-stravinsky-1882,elliott-carter-1908,"Stravinsky's rhythmic vitality and neoclassical style had a significant impact on Carter's compositional approach.",0.70,0.85,0.50,pending
arnold-schoenberg-1874,elliott-carter-1908,"Schoenberg's development of twelve-tone technique and modernist aesthetics influenced Carter's exploration of atonality and structure.",0.60,0.80,0.70,pending
edgard-varese-1883,elliott-carter-1908,"Varèse's emphasis on timbre and innovative sound textures inspired Carter's interest in complex orchestration and sonority.",0.60,0.75,0.60,pending
paul-hindemith-1895,elliott-carter-1908,"Hindemith's contrapuntal mastery and modern harmonic language influenced Carter's compositional techniques.",0.50,0.70,0.60,pending
carl-nielsen-1865,vagn-holmboe-1909,"Holmboe was strongly influenced by Carl Nielsen's use of organic growth and motivic development in his compositions.",0.90,0.95,0.30,pending
jean-sibelius-1865,vagn-holmboe-1909,"Sibelius's symphonic style and Nordic musical language influenced Holmboe's approach to structure and atmosphere.",0.70,0.90,0.40,pending
arnold-schoenberg-1874,vagn-holmboe-1909,"While Holmboe did not adopt twelve-tone technique, Schoenberg's modernist ideas impacted Holmboe's harmonic language and compositional thinking.",0.50,0.80,0.70,pending
aaron-copland-1900,william-schuman-1910,"William Schuman was a contemporary and colleague of Aaron Copland, and Copland's American nationalist style and modernist tendencies influenced Schuman's own compositional voice.",0.80,0.90,0.40,pending
sergei-prokofiev-1891,william-schuman-1910,"Prokofiev's rhythmic vitality and modern harmonic language had a notable impact on Schuman's orchestral and piano works.",0.60,0.80,0.50,pending
igor-stravinsky-1882,william-schuman-1910,"Stravinsky's innovative use of rhythm and orchestration influenced Schuman's approach to modern American composition.",0.70,0.85,0.50,pending
dmitri-shostakovich-1906,william-schuman-1910,"Shostakovich's dramatic intensity and structural rigor influenced Schuman's symphonic and choral works.",0.50,0.70,0.60,pending
giacomo-puccini-1858,samuel-barber-1910,"Barber was influenced by Puccini's lyrical melodic style and expressive romanticism, which is evident in Barber's vocal and orchestral works.",0.70,0.90,0.40,pending
sergei-rachmaninoff-1873,samuel-barber-1910,"Rachmaninoff's lush harmonies and emotional depth influenced Barber's compositional voice, especially in his piano and vocal music.",0.80,0.85,0.30,pending
gabriel-faure-1845,samuel-barber-1910,"Faure's refined harmonic language and melodic elegance had a notable impact on Barber's approach to lyricism and form.",0.60,0.80,0.50,pending
richard-wagner-1813,samuel-barber-1910,"Wagner's influence is seen in Barber's use of chromaticism and dramatic intensity, though Barber's style remained more conservative.",0.50,0.70,0.70,pending
wolfgang-amadeus-mozart-1756,samuel-barber-1910,"Mozart's classical clarity and formal balance influenced Barber's structural approach and melodic clarity.",0.60,0.75,0.40,pending
arnold-schoenberg-1874,john-cage-1912,"Cage was influenced by Schoenberg's exploration of atonality and the twelve-tone technique, which opened new avenues for Cage's own experimental approaches.",0.70,0.90,0.70,pending
edgard-varese-1883,john-cage-1912,"Varèse's emphasis on sound as a physical phenomenon and his use of unconventional instruments influenced Cage's interest in noise and non-traditional sound sources.",0.80,0.95,0.60,pending
erik-satie-1866,john-cage-1912,"Satie's minimalist and avant-garde tendencies, including his use of silence and unconventional structures, prefigured Cage's experimental style.",0.60,0.85,0.70,pending
henri-dutilleux-1916,john-cage-1912,"While Dutilleux was a contemporary, Cage was aware of his work; however, the influence is minor and more indirect through shared modernist trends.",0.20,0.50,0.80,pending
olivier-messiaen-1908,john-cage-1912,"Messiaen's innovative use of rhythm and modes influenced Cage's rhythmic experimentation and interest in non-Western musical concepts.",0.50,0.80,0.60,pending
igor-stravinsky-1882,witold-lutoslawski-1913,"Lutoslawski was influenced by Stravinsky's rhythmic innovation and modernist approach, which shaped his early compositional style.",0.80,0.90,0.50,pending
bela-bartok-1881,witold-lutoslawski-1913,"Bartók's use of folk elements and modal scales influenced Lutoslawski's incorporation of Polish folk music and modal harmonies.",0.70,0.85,0.40,pending
dmitri-shostakovich-1906,witold-lutoslawski-1913,"Shostakovich's dramatic expression and orchestration techniques had a notable impact on Lutoslawski's symphonic works.",0.60,0.80,0.50,pending
olivier-messiaen-1908,witold-lutoslawski-1913,"Messiaen's innovative harmonic language and rhythmic complexity influenced Lutoslawski's later compositional techniques.",0.70,0.75,0.60,pending
arnold-schoenberg-1874,witold-lutoslawski-1913,"Schoenberg's development of twelve-tone technique and modernist aesthetics informed Lutoslawski's exploration of atonality and structure.",0.50,0.70,0.70,pending
wolfgang-amadeus-mozart-1756,benjamin-britten-1913,"Britten admired Mozart's clarity, balance, and formal craftsmanship, which influenced his own approach to operatic and vocal writing.",0.70,0.90,0.40,pending
henry-purcell-1659,benjamin-britten-1913,"Purcell's English Baroque style and mastery of vocal music deeply influenced Britten's tonal language and his use of English text settings.",0.80,0.95,0.30,pending
gustav-mahler-1860,benjamin-britten-1913,"Mahler's emotional depth and orchestral color had a notable impact on Britten's symphonic and vocal works.",0.60,0.80,0.50,pending
igor-stravinsky-1882,benjamin-britten-1913,"Stravinsky's neoclassicism and rhythmic innovation influenced Britten's compositional style, especially in his use of rhythm and form.",0.70,0.85,0.50,pending
ralph-vaughan-williams-1872,benjamin-britten-1913,"Vaughan Williams' incorporation of English folk music and modal harmonies influenced Britten's own use of folk elements and modal tonalities.",0.75,0.90,0.40,pending
francis-poulenc-1899,benjamin-britten-1913,"Poulenc's melodic gift and blending of modern and traditional elements resonated with Britten, influencing his vocal and chamber music.",0.50,0.70,0.60,pending
dmitri-shostakovich-1906,benjamin-britten-1913,"Shostakovich's dramatic intensity and use of irony influenced Britten's operatic and vocal works, especially in their emotional complexity.",0.60,0.75,0.50,pending
george-gershwin-1898,morton-gould-1913,"Gershwin's blending of classical music with jazz and popular styles influenced Gould's own eclectic and genre-crossing compositions.",0.80,0.90,0.40,pending
aaron-copland-1900,morton-gould-1913,"Copland's American nationalist style and incorporation of folk elements shaped Gould's approach to American themes and orchestration.",0.70,0.85,0.50,pending
igor-stravinsky-1882,morton-gould-1913,"Stravinsky's rhythmic innovation and modernist techniques influenced Gould's rhythmic vitality and orchestral color.",0.60,0.80,0.60,pending
darius-milhaud-1892,morton-gould-1913,"Milhaud's polytonality and incorporation of jazz elements impacted Gould's harmonic language and stylistic diversity.",0.50,0.70,0.50,pending
arnold-schoenberg-1874,milton-babbitt-1916,"Babbitt was heavily influenced by Schoenberg's twelve-tone technique and serialism, which shaped his approach to composition and theory.",0.90,1.00,0.40,pending
anton-webern-1883,milton-babbitt-1916,"Webern's concise and highly structured serial compositions influenced Babbitt's development of total serialism and complex rhythmic structures.",0.80,0.95,0.50,pending
alban-berg-1885,milton-babbitt-1916,"Berg's integration of expressive elements within the twelve-tone system provided a model for Babbitt's own serialist works.",0.60,0.90,0.60,pending
edgard-varese-1883,milton-babbitt-1916,"Varese's exploration of new sounds and electronic music inspired Babbitt's interest in electronic composition and sound organization.",0.70,0.85,0.50,pending
igor-stravinsky-1882,milton-babbitt-1916,"Stravinsky's rhythmic innovation and neoclassical style influenced Babbitt's rhythmic complexity and structural rigor.",0.50,0.80,0.60,pending
maurice-ravel-1875,henri-dutilleux-1916,"Dutilleux was influenced by Ravel's refined orchestration and harmonic color, which shaped his own meticulous approach to timbre and texture.",0.80,0.90,0.40,pending
claude-debussy-1862,henri-dutilleux-1916,"Debussy's impressionistic harmonic language and emphasis on atmosphere influenced Dutilleux's early compositional style and his use of color.",0.70,0.85,0.50,pending
igor-stravinsky-1882,henri-dutilleux-1916,"Stravinsky's rhythmic innovation and structural clarity impacted Dutilleux's approach to form and rhythm in his compositions.",0.60,0.80,0.60,pending
arthur-honegger-1892,henri-dutilleux-1916,"Honegger's blend of modernism with traditional forms influenced Dutilleux's balance between innovation and classical structure.",0.50,0.70,0.50,pending
olivier-messiaen-1908,henri-dutilleux-1916,"Messiaen's unique harmonic language and interest in color and rhythm inspired Dutilleux's own explorations in these areas.",0.60,0.75,0.50,pending
igor-stravinsky-1882,alberto-ginastera-1916,"Stravinsky's rhythmic innovation and use of folk elements influenced Ginastera's incorporation of Argentine folk themes and modernist techniques.",0.80,0.90,0.50,pending
manuel-de-falla-1876,alberto-ginastera-1916,"De Falla's blending of nationalism with modernism served as a model for Ginastera's own synthesis of Argentine folk music and contemporary styles.",0.70,0.85,0.40,pending
aaron-copland-1900,alberto-ginastera-1916,"Copland's use of open harmonies and incorporation of folk elements influenced Ginastera's approach to creating a distinct national style.",0.60,0.80,0.50,pending
dmitri-shostakovich-1906,alberto-ginastera-1916,"Shostakovich's dramatic intensity and modernist language impacted Ginastera's more avant-garde and dramatic compositions.",0.50,0.70,0.60,pending
gustav-mahler-1860,leonard-bernstein-1918,"Bernstein was deeply influenced by Mahler's symphonic style and emotional depth, often conducting and championing Mahler's works.",0.90,1.00,0.30,pending
leonard-bernstein-1918,leonard-bernstein-1918,"Bernstein's own style was shaped by his study and admiration of Mahler, as well as his exposure to modernist and American musical idioms.",0.00,0.00,0.00,pending
igor-stravinsky-1882,leonard-bernstein-1918,"Stravinsky's rhythmic innovation and modernist approach influenced Bernstein's compositional style and conducting repertoire.",0.70,0.90,0.50,pending
aaron-copland-1900,leonard-bernstein-1918,"Copland's American sound and incorporation of folk elements influenced Bernstein's own American musical voice.",0.80,0.95,0.40,pending
leonard-bernstein-1918,leonard-bernstein-1918,"Bernstein was also influenced by jazz and popular music, which he integrated into his compositions, reflecting a broad musical palette.",0.00,0.00,0.00,pending
claudio-monteverdi-1567,astor-piazzolla-1921,"Monteverdi's innovative use of harmony and expressive melodic lines influenced Piazzolla's approach to tango composition and arrangement.",0.40,0.60,0.70,pending
astor-piazzolla-1921,astor-piazzolla-1921,"Piazzolla was deeply influenced by the traditional tango composers and musicians of Argentina, though they are not listed here, his style evolved from this foundation.",0.90,1.00,0.10,pending
claude-debussy-1862,astor-piazzolla-1921,"Debussy's impressionistic harmonies and textures influenced Piazzolla's harmonic language and atmospheric soundscapes in tango nuevo.",0.60,0.80,0.60,pending
igor-stravinsky-1882,astor-piazzolla-1921,"Stravinsky's rhythmic innovation and modernist approach inspired Piazzolla to incorporate complex rhythms and structures into his tango compositions.",0.70,0.70,0.50,pending
arthur-honegger-1892,astor-piazzolla-1921,"Honegger's blending of classical and modern elements influenced Piazzolla's fusion of traditional tango with classical music techniques.",0.50,0.60,0.60,pending
alberto-ginastera-1916,astor-piazzolla-1921,"Ginastera's incorporation of Argentine folk elements into classical music paralleled Piazzolla's own fusion of Argentine tango with classical and jazz idioms.",0.60,0.70,0.50,pending
ralph-vaughan-williams-1872,malcolm-arnold-1921,"Arnold was influenced by Vaughan Williams' English pastoral style and modal harmonies, which shaped his own orchestral and chamber music idiom.",0.70,0.90,0.40,pending
benjamin-britten-1913,malcolm-arnold-1921,"Britten's modern yet accessible tonal language and incorporation of English folk elements influenced Arnold's compositional approach.",0.60,0.85,0.50,pending
william-walton-1902,malcolm-arnold-1921,"Walton's vibrant orchestration and rhythmic vitality had a notable impact on Arnold's style, especially in his film and orchestral works.",0.65,0.80,0.45,pending
igor-stravinsky-1882,malcolm-arnold-1921,"Stravinsky's rhythmic innovation and neoclassical tendencies influenced Arnold's rhythmic drive and structural clarity.",0.50,0.70,0.60,pending
arthur-honegger-1892,malcolm-arnold-1921,"Honegger's blend of modernism with lyricism and his orchestral color influenced Arnold's own orchestral writing.",0.40,0.60,0.50,pending
olivier-messiaen-1908,iannis-xenakis-1922,"Xenakis studied with Messiaen and was influenced by his innovative use of rhythm and modes, which shaped Xenakis's approach to composition.",0.90,1.00,0.60,pending
edgard-varese-1883,iannis-xenakis-1922,"Varèse's pioneering exploration of sound masses and spatial music had a significant impact on Xenakis's compositional techniques and concepts.",0.80,0.90,0.50,pending
igor-stravinsky-1882,iannis-xenakis-1922,"Stravinsky's rhythmic innovation and modernist style influenced Xenakis's early compositional development.",0.70,0.80,0.70,pending
francis-poulenc-1899,ned-rorem-1923,"Poulenc's lyrical style and clarity influenced Rorem's own vocal and piano compositions, reflecting a shared emphasis on melody and text setting.",0.80,0.90,0.30,pending
samuel-barber-1910,ned-rorem-1923,"Barber's romantic lyricism and expressive melodic lines are evident in Rorem's art songs and orchestral works, showing a clear stylistic lineage.",0.70,0.85,0.40,pending
aaron-copland-1900,ned-rorem-1923,"Copland's accessible modernism and American idioms influenced Rorem's approach to tonal language and orchestration.",0.60,0.80,0.50,pending
claude-debussy-1862,ned-rorem-1923,"Debussy's impressionistic harmonic language and coloristic textures impacted Rorem's harmonic palette and atmospheric writing.",0.50,0.75,0.60,pending
arnold-schoenberg-1874,gyorgy-ligeti-1923,"Ligeti was influenced by Schoenberg's twelve-tone technique and serialism, which shaped his early compositional style.",0.80,0.90,0.60,pending
bela-bartok-1881,gyorgy-ligeti-1923,"Bartók's use of folk elements and innovative rhythms influenced Ligeti's early works and his interest in complex rhythmic structures.",0.70,0.85,0.50,pending
igor-stravinsky-1882,gyorgy-ligeti-1923,"Stravinsky's rhythmic innovation and modernist approach had a significant impact on Ligeti's development, especially in his early career.",0.60,0.80,0.60,pending
edgard-varese-1883,gyorgy-ligeti-1923,"Varèse's exploration of sound masses and timbre influenced Ligeti's textural and timbral experimentation.",0.70,0.80,0.70,pending
olivier-messiaen-1908,gyorgy-ligeti-1923,"Messiaen's use of modes of limited transposition and rhythmic complexity influenced Ligeti's harmonic language and rhythmic structures.",0.75,0.85,0.50,pending
karlheinz-stockhausen-1928,gyorgy-ligeti-1923,"Stockhausen's avant-garde techniques and electronic music experimentation influenced Ligeti's approach to sound and form.",0.60,0.70,0.60,pending
arnold-schoenberg-1874,luigi-nono-1924,"Nono was influenced by Schoenberg's twelve-tone technique and serialism, which shaped his early compositional style.",0.80,0.90,0.50,pending
anton-webern-1883,luigi-nono-1924,"Webern's concise and pointillistic serialism deeply influenced Nono's approach to texture and structure.",0.70,0.85,0.60,pending
edgard-varese-1883,luigi-nono-1924,"Varèse's exploration of new timbres and electronic music inspired Nono's experimental and avant-garde tendencies.",0.70,0.80,0.60,pending
luigi-cherubini-1760,luigi-nono-1924,"While less direct, the Italian classical tradition including Cherubini's work provided a foundational cultural background for Nono.",0.20,0.50,0.90,pending
dmitri-shostakovich-1906,luigi-nono-1924,"Shostakovich's politically engaged music and modernist language influenced Nono's own politically charged compositions.",0.60,0.70,0.50,pending
olivier-messiaen-1908,luigi-nono-1924,"Messiaen's innovative use of rhythm, color, and modes influenced Nono's harmonic and rhythmic experimentation.",0.60,0.75,0.50,pending
anton-bruckner-1824,joly-braga-santos-1924,"Braga Santos's symphonic works show a clear influence of Bruckner's expansive structures and rich harmonic language.",0.80,0.90,0.40,pending
gustav-mahler-1860,joly-braga-santos-1924,"The emotional depth and orchestral color in Braga Santos's compositions reflect Mahler's influence.",0.70,0.85,0.50,pending
claude-debussy-1862,joly-braga-santos-1924,"Braga Santos incorporated impressionistic harmonic colors and textures reminiscent of Debussy.",0.60,0.80,0.60,pending
sergei-prokofiev-1891,joly-braga-santos-1924,"Prokofiev's rhythmic vitality and melodic style influenced Braga Santos's orchestral and chamber music.",0.50,0.75,0.50,pending
dmitri-shostakovich-1906,joly-braga-santos-1924,"Shostakovich's dramatic intensity and use of modernist elements can be traced in Braga Santos's later works.",0.50,0.70,0.60,pending
arnold-schoenberg-1874,luciano-berio-1925,"Berio was influenced by Schoenberg's twelve-tone technique and serialism, which shaped his early compositional style.",0.80,0.90,0.50,pending
igor-stravinsky-1882,luciano-berio-1925,"Stravinsky's rhythmic innovation and neoclassical style influenced Berio's approach to rhythm and form.",0.70,0.85,0.60,pending
olivier-messiaen-1908,luciano-berio-1925,"Messiaen's use of modes, color, and rhythm had a significant impact on Berio's harmonic language and timbral exploration.",0.75,0.90,0.50,pending
john-cage-1912,luciano-berio-1925,"Berio was influenced by Cage's experimentalism and use of chance operations, which inspired Berio's own avant-garde techniques.",0.60,0.80,0.70,pending
edgard-varese-1883,luciano-berio-1925,"Varese's emphasis on sound masses and electronic music influenced Berio's interest in timbre and new sound possibilities.",0.65,0.85,0.60,pending
luigi-nono-1924,luciano-berio-1925,"As a close contemporary and collaborator, Nono's politically engaged and experimental music influenced Berio's compositional outlook.",0.70,0.90,0.40,pending
gyorgy-ligeti-1923,luciano-berio-1925,"Ligeti's micropolyphony and textural innovations influenced Berio's approach to complex sound structures.",0.60,0.85,0.50,pending
pierre-boulez-1925,luciano-berio-1925,"Boulez's serialism and modernist aesthetics were influential in Berio's development, especially in the 1950s and 60s.",0.70,0.90,0.50,pending
arnold-schoenberg-1874,pierre-boulez-1925,"Boulez was deeply influenced by Schoenberg's twelve-tone technique and serialism, which shaped his early compositional style.",0.90,1.00,0.60,pending
anton-webern-1883,pierre-boulez-1925,"Webern's concise and pointillistic serialism had a profound impact on Boulez's approach to structure and texture.",0.85,1.00,0.50,pending
igor-stravinsky-1882,pierre-boulez-1925,"Stravinsky's rhythmic innovation and neoclassical clarity influenced Boulez's rhythmic complexity and formal designs.",0.70,0.90,0.70,pending
edgard-varese-1883,pierre-boulez-1925,"Varese's exploration of new sounds and emphasis on timbre and spatialization inspired Boulez's avant-garde orchestration.",0.75,0.95,0.60,pending
olivier-messiaen-1908,pierre-boulez-1925,"Messiaen was Boulez's teacher and mentor, influencing his use of modes, rhythm, and color in composition.",1.00,1.00,0.40,pending
antonin-dvorak-1841,pierre-boulez-1925,"While less direct, Dvořák's structural clarity and melodic development provided a distant classical foundation for Boulez's modernism.",0.30,0.70,0.80,pending
igor-stravinsky-1882,hans-werner-henze-1926,"Henze was influenced by Stravinsky's rhythmic innovation and neoclassical style, which shaped his early compositional approach.",0.80,0.90,0.50,pending
arnold-schoenberg-1874,hans-werner-henze-1926,"Henze studied twelve-tone techniques and serialism inspired by Schoenberg, integrating these methods into his own modernist language.",0.70,0.85,0.60,pending
dmitri-shostakovich-1906,hans-werner-henze-1926,"Shostakovich's dramatic intensity and political engagement influenced Henze's expressive and often socially conscious compositions.",0.60,0.80,0.50,pending
olivier-messiaen-1908,hans-werner-henze-1926,"Messiaen's use of color, rhythm, and modes inspired Henze's exploration of timbre and complex rhythmic structures.",0.60,0.75,0.60,pending
paul-hindemith-1895,hans-werner-henze-1926,"Hindemith's craftsmanship and contrapuntal techniques influenced Henze's compositional rigor and structural clarity.",0.50,0.70,0.50,pending
jean-sibelius-1865,einojuhani-rautavaara-1928,"Rautavaara was deeply influenced by Sibelius's national romantic style and his use of Finnish folklore and nature themes.",0.90,0.95,0.30,pending
arnold-schoenberg-1874,einojuhani-rautavaara-1928,"Rautavaara studied serialism and twelve-tone techniques inspired by Schoenberg, especially in his early works.",0.70,0.85,0.60,pending
olivier-messiaen-1908,einojuhani-rautavaara-1928,"Messiaen's use of color, modes, and spirituality influenced Rautavaara's harmonic language and mystical atmosphere.",0.80,0.90,0.40,pending
igor-stravinsky-1882,einojuhani-rautavaara-1928,"Stravinsky's rhythmic innovation and neoclassical elements impacted Rautavaara's compositional approach.",0.60,0.80,0.50,pending
arnold-schoenberg-1874,karlheinz-stockhausen-1928,"Stockhausen was influenced by Schoenberg's development of twelve-tone technique and serialism, which shaped his early compositional approach.",0.80,0.90,0.60,pending
anton-webern-1883,karlheinz-stockhausen-1928,"Webern's concise and pointillistic serialism deeply influenced Stockhausen's exploration of texture and structure in his compositions.",0.85,0.90,0.50,pending
edgard-varese-1883,karlheinz-stockhausen-1928,"Varese's pioneering work in electronic music and sound masses inspired Stockhausen's own electronic and spatial music experiments.",0.90,0.95,0.40,pending
olivier-messiaen-1908,karlheinz-stockhausen-1928,"Messiaen was Stockhausen's teacher and mentor, influencing his use of rhythm, modes, and color in music.",1.00,1.00,0.30,pending
john-cage-1912,karlheinz-stockhausen-1928,"Cage's avant-garde ideas about indeterminacy and new sound sources influenced Stockhausen's experimental approach to composition.",0.70,0.80,0.70,pending
pierre-boulez-1925,karlheinz-stockhausen-1928,"Boulez and Stockhausen were contemporaries who influenced each other, especially in serialism and modernist techniques.",0.60,0.80,0.50,pending
olivier-messiaen-1908,george-crumb-1929,"Messiaen's use of color, modes, and spirituality deeply influenced Crumb's exploration of timbre and mystical themes.",0.90,0.95,0.40,pending
john-cage-1912,george-crumb-1929,"Cage's experimental approach to sound and extended techniques inspired Crumb's innovative use of unconventional instruments and notation.",0.80,0.90,0.50,pending
edgard-varese-1883,george-crumb-1929,"Varèse's emphasis on timbre and sound masses influenced Crumb's focus on texture and sonority in his compositions.",0.70,0.85,0.50,pending
arnold-schoenberg-1874,george-crumb-1929,"Schoenberg's expansion of tonality and serial techniques provided a foundation for Crumb's avant-garde harmonic language.",0.60,0.80,0.60,pending
claude-debussy-1862,toru-takemitsu-1930,"Takemitsu was deeply influenced by Debussy's use of harmony and color, which shaped his own approach to timbre and texture.",0.90,0.95,0.60,pending
olivier-messiaen-1908,toru-takemitsu-1930,"Messiaen's innovative use of modes, rhythm, and bird song inspired Takemitsu's exploration of new sound worlds and spiritual themes.",0.80,0.90,0.50,pending
john-cage-1912,toru-takemitsu-1930,"Takemitsu was influenced by Cage's ideas on silence and chance, which informed his own compositional philosophy and use of space.",0.70,0.85,0.70,pending
igor-stravinsky-1882,toru-takemitsu-1930,"Stravinsky's rhythmic innovation and orchestration techniques had an impact on Takemitsu's early works and his approach to form.",0.60,0.80,0.60,pending
dmitri-shostakovich-1906,sofia-gubaidulina-1931,"Shostakovich's use of intense emotional expression and complex structures influenced Gubaidulina's approach to composition.",0.80,0.90,0.50,pending
igor-stravinsky-1882,sofia-gubaidulina-1931,"Stravinsky's innovative rhythmic and harmonic language impacted Gubaidulina's exploration of new musical forms.",0.70,0.80,0.60,pending
arnold-schoenberg-1874,sofia-gubaidulina-1931,"Schoenberg's development of twelve-tone technique and atonality influenced Gubaidulina's modernist tendencies.",0.60,0.70,0.70,pending
olivier-messiaen-1908,sofia-gubaidulina-1931,"Messiaen's spiritual themes and use of color and rhythm deeply inspired Gubaidulina's own spiritual and mystical compositions.",0.90,0.95,0.40,pending
reinhold-gliere-1875,sofia-gubaidulina-1931,"Glière's Russian nationalist style and orchestration techniques influenced Gubaidulina's early musical education and style.",0.50,0.60,0.60,pending
arnold-schoenberg-1874,krzysztof-penderecki-1933,"Penderecki was influenced by Schoenberg's twelve-tone technique and expressionist style, which shaped his early avant-garde compositions.",0.80,0.90,0.60,pending
krzysztof-penderecki-1933,krzysztof-penderecki-1933,"Penderecki's early works show influence from the Second Viennese School, especially Schoenberg and Webern, in their use of serialism and tone clusters.",0.70,0.85,0.70,pending
igor-stravinsky-1882,krzysztof-penderecki-1933,"Stravinsky's rhythmic innovation and modernist approach influenced Penderecki's compositional techniques and orchestration.",0.60,0.80,0.50,pending
gyorgy-ligeti-1923,krzysztof-penderecki-1933,"Ligeti's use of micropolyphony and texture had a notable impact on Penderecki's sound mass techniques.",0.70,0.85,0.50,pending
olivier-messiaen-1908,krzysztof-penderecki-1933,"Messiaen's innovative harmonic language and rhythmic complexity influenced Penderecki's exploration of new sonorities.",0.60,0.80,0.60,pending
edgard-varese-1883,krzysztof-penderecki-1933,"Varese's emphasis on timbre and sound masses inspired Penderecki's avant-garde orchestral textures.",0.70,0.80,0.50,pending
karol-szymanowski-1882,henryk-gorecki-1933,"Górecki was influenced by Szymanowski's incorporation of Polish folk elements and modal harmonies, which shaped his early compositional style.",0.70,0.90,0.50,pending
igor-stravinsky-1882,henryk-gorecki-1933,"Stravinsky's rhythmic innovation and neoclassical tendencies influenced Górecki's early works before he developed his own minimalist and sacred style.",0.50,0.80,0.60,pending
witold-lutoslawski-1913,henryk-gorecki-1933,"Lutosławski, a fellow Polish composer, influenced Górecki through his modernist techniques and orchestration, especially in Górecki's middle period.",0.60,0.85,0.40,pending
arnold-schoenberg-1874,henryk-gorecki-1933,"Górecki studied serialism and twelve-tone techniques inspired by Schoenberg, though he later moved away from strict serialism.",0.40,0.80,0.70,pending
olivier-messiaen-1908,henryk-gorecki-1933,"Messiaen's use of modes, rhythm, and spirituality had an impact on Górecki's sacred and modal compositions.",0.50,0.75,0.50,pending
dmitri-shostakovich-1906,alfred-schnittke-1934,"Schnittke was heavily influenced by Shostakovich's symphonic and chamber music, adopting his use of irony and complex emotional expression.",0.90,1.00,0.30,pending
igor-stravinsky-1882,alfred-schnittke-1934,"Stravinsky's eclectic style and rhythmic innovation influenced Schnittke's polystylistic approach.",0.80,0.90,0.50,pending
arnold-schoenberg-1874,alfred-schnittke-1934,"Schnittke incorporated twelve-tone techniques and serialism inspired by Schoenberg's pioneering work.",0.70,0.85,0.60,pending
darius-milhaud-1892,alfred-schnittke-1934,"Milhaud's polytonality and openness to diverse styles influenced Schnittke's polystylistic compositions.",0.60,0.70,0.50,pending
sergei-prokofiev-1891,alfred-schnittke-1934,"Prokofiev's dramatic and melodic style impacted Schnittke's orchestration and thematic development.",0.60,0.80,0.40,pending
igor-stravinsky-1882,harrison-birtwistle-1934,"Birtwistle was influenced by Stravinsky's rhythmic complexity and modernist approach, which shaped his own compositional style.",0.90,0.95,0.50,pending
olivier-messiaen-1908,harrison-birtwistle-1934,"Messiaen's use of modes, rhythm, and color had a notable impact on Birtwistle's musical language and structural thinking.",0.80,0.90,0.60,pending
edgard-varese-1883,harrison-birtwistle-1934,"Varese's exploration of sound masses and timbre influenced Birtwistle's interest in texture and sonic architecture.",0.70,0.85,0.70,pending
arnold-schoenberg-1874,harrison-birtwistle-1934,"Schoenberg's serialism and atonal techniques informed Birtwistle's modernist compositional techniques, though Birtwistle developed a distinct style.",0.60,0.80,0.70,pending
gyorgy-ligeti-1923,harrison-birtwistle-1934,"Ligeti's micropolyphony and textural innovation influenced Birtwistle's approach to complex layering and sound mass.",0.60,0.75,0.60,pending
johann-sebastian-bach-1685,arvo-part-1935,"Pärt was deeply influenced by Bach's contrapuntal techniques and sacred music, which shaped his early compositional style and spiritual approach.",0.80,1.00,0.40,pending
olivier-messiaen-1908,arvo-part-1935,"Messiaen's use of modes, spirituality, and rhythmic innovation influenced Pärt's development of his tintinnabuli style.",0.70,0.90,0.50,pending
arnold-schoenberg-1874,arvo-part-1935,"Pärt studied serialism and twelve-tone techniques early in his career, reflecting Schoenberg's influence before developing his own style.",0.60,0.80,0.70,pending
giovanni-pierluigi-da-palestrina-1525,arvo-part-1935,"Pärt's tintinnabuli style draws on the clarity and purity of Renaissance polyphony exemplified by Palestrina.",0.70,0.85,0.50,pending
heinrich-schutz-1585,arvo-part-1935,"Schütz's sacred vocal music and expressive use of text influenced Pärt's spiritual and minimalist approach.",0.50,0.70,0.60,pending
john-cage-1912,steve-reich-1936,"John Cage's experimental approach to rhythm and sound greatly influenced Reich's exploration of minimalism and repetitive structures.",0.90,1.00,0.50,pending
igor-stravinsky-1882,steve-reich-1936,"Stravinsky's rhythmic innovations and use of ostinato patterns influenced Reich's rhythmic complexity and layering.",0.70,0.90,0.60,pending
arthur-honegger-1892,steve-reich-1936,"Honegger's rhythmic vitality and modernist tendencies contributed to the development of Reich's rhythmic and harmonic language.",0.50,0.70,0.70,pending
edgard-varese-1883,steve-reich-1936,"Varèse's emphasis on timbre and rhythm influenced Reich's focus on texture and repetitive rhythmic patterns.",0.60,0.80,0.60,pending
philip-glass-1937,steve-reich-1936,"Philip Glass and Steve Reich were contemporaries who influenced each other in the development of minimalism, sharing ideas on repetitive structures and phasing.",0.70,0.90,0.40,pending
arnold-schoenberg-1874,philip-glass-1937,"Glass studied Schoenberg's twelve-tone techniques and was influenced by his approach to modernism and structure.",0.60,0.90,0.70,pending
igor-stravinsky-1882,philip-glass-1937,"Stravinsky's rhythmic innovation and neoclassical style influenced Glass's early compositional thinking.",0.70,0.90,0.60,pending
darius-milhaud-1892,philip-glass-1937,"Glass studied with Milhaud at the Juilliard School, absorbing his polytonal and rhythmic ideas.",0.80,0.95,0.50,pending
arnold-bax-1883,philip-glass-1937,"Though less direct, Bax's lush textures and modal harmonies were part of the broader modernist environment influencing Glass.",0.30,0.60,0.80,pending
john-cage-1912,philip-glass-1937,"Cage's experimentalism and use of repetitive structures influenced Glass's minimalist style.",0.90,0.95,0.40,pending
steve-reich-1936,philip-glass-1937,"Reich and Glass were contemporaries who influenced each other, especially in the development of minimalism.",0.85,0.90,0.30,pending
edgard-varese-1883,philip-glass-1937,"Varese's emphasis on timbre and rhythm impacted Glass's approach to sound and structure.",0.70,0.85,0.60,pending
olivier-messiaen-1908,philip-glass-1937,"Messiaen's use of modes and rhythmic complexity influenced Glass's harmonic and rhythmic language.",0.60,0.80,0.50,pending
aaron-copland-1900,john-corigliano-1938,"Copland's American modernist style and use of folk elements influenced Corigliano's approach to blending traditional and contemporary idioms.",0.70,0.90,0.40,pending
igor-stravinsky-1882,john-corigliano-1938,"Stravinsky's rhythmic innovation and neoclassical tendencies impacted Corigliano's compositional techniques and orchestration.",0.60,0.85,0.50,pending
leonard-bernstein-1918,john-corigliano-1938,"Bernstein's eclectic style and success in both classical and popular music realms served as a model for Corigliano's versatile career.",0.65,0.80,0.40,pending
dmitri-shostakovich-1906,john-corigliano-1938,"Shostakovich's dramatic intensity and emotional depth influenced Corigliano's expressive and often theatrical musical language.",0.50,0.75,0.50,pending
steve-reich-1936,john-adams-1947,"Steve Reich's pioneering work in minimalism significantly influenced Adams's early compositional style, especially in rhythmic patterns and repetitive structures.",0.90,0.95,0.30,pending
philip-glass-1937,john-adams-1947,"Philip Glass's minimalist techniques and use of repetitive motifs helped shape Adams's approach to minimalism and post-minimalism.",0.80,0.90,0.40,pending
john-cage-1912,john-adams-1947,"John Cage's experimentalism and exploration of new sound worlds influenced Adams's openness to diverse musical forms and textures.",0.60,0.80,0.60,pending
aaron-copland-1900,john-adams-1947,"Aaron Copland's American sound and orchestration style influenced Adams's development of a distinctly American voice in contemporary classical music.",0.70,0.85,0.50,pending
igor-stravinsky-1882,john-adams-1947,"Stravinsky's rhythmic innovation and orchestral color had a lasting impact on Adams's compositional techniques and style.",0.60,0.80,0.50,pending
olivier-messiaen-1908,john-adams-1947,"Messiaen's use of rhythm, color, and modes influenced Adams's harmonic language and orchestration.",0.50,0.75,0.60,pending
arnold-schoenberg-1874,wolfgang-rihm-1952,"Rihm was influenced by Schoenberg's expressionist and twelve-tone techniques, which shaped his early compositional style.",0.80,0.90,0.50,pending
anton-webern-1883,wolfgang-rihm-1952,"Webern's concise and pointillistic style influenced Rihm's approach to texture and structure in his compositions.",0.70,0.85,0.60,pending
paul-hindemith-1895,wolfgang-rihm-1952,"Hindemith's craftsmanship and contrapuntal techniques informed Rihm's compositional methods.",0.60,0.80,0.50,pending
dmitri-shostakovich-1906,wolfgang-rihm-1952,"Shostakovich's emotional intensity and dramatic expression influenced Rihm's musical language.",0.60,0.75,0.60,pending
olivier-messiaen-1908,wolfgang-rihm-1952,"Messiaen's use of color, rhythm, and spirituality had a notable impact on Rihm's compositional voice.",0.70,0.80,0.50,pending
gyorgy-ligeti-1923,wolfgang-rihm-1952,"Ligeti's innovative textures and micropolyphony influenced Rihm's exploration of sound and form.",0.70,0.85,0.60,pending
pierre-boulez-1925,wolfgang-rihm-1952,"Boulez's avant-garde techniques and serialism were important references for Rihm's early development.",0.60,0.80,0.70,pending
aaron-copland-1900,michael-daugherty-1954,"Michael Daugherty has cited Aaron Copland as a major influence, particularly in his use of American themes and accessible modernism.",0.80,0.90,0.40,pending
john-cage-1912,michael-daugherty-1954,"Daugherty's experimental and eclectic style shows influence from John Cage's avant-garde and innovative approaches to composition.",0.60,0.80,0.60,pending
philip-glass-1937,michael-daugherty-1954,"The minimalist movement, especially Philip Glass, influenced Daugherty's rhythmic and repetitive structures in some of his works.",0.50,0.70,0.50,pending
igor-stravinsky-1882,michael-daugherty-1954,"Stravinsky's rhythmic vitality and orchestral color have been noted as influences on Daugherty's compositional style.",0.70,0.85,0.50,pending
igor-stravinsky-1882,thomas-ades-1971,"Adès has cited Stravinsky's rhythmic innovation and orchestration as significant influences on his compositional style.",0.80,0.90,0.50,pending
olivier-messiaen-1908,thomas-ades-1971,"Messiaen's use of color, modes, and rhythmic complexity has been acknowledged by Adès as an important influence.",0.70,0.85,0.60,pending
gyorgy-ligeti-1923,thomas-ades-1971,"Ligeti's textural innovation and harmonic language have influenced Adès's approach to modern composition.",0.60,0.80,0.70,pending
benjamin-britten-1913,thomas-ades-1971,"Britten's mastery of vocal writing and dramatic structure has been a model for Adès's operatic works.",0.50,0.75,0.50,pending
maurice-ravel-1875,thomas-ades-1971,"Ravel's exquisite orchestration and harmonic refinement have influenced Adès's textural and harmonic palette.",0.50,0.70,0.60,pending
