composer_id,technique_id,reason,strength,confidence,status
leonin-1135,organum,"Léonin is credited with developing early polyphonic organum, layering a sustained chant melody with one or more added voices in parallel motion.",0.90,1.00,pending
leonin-1135,isorhythm,"Léonin's compositions show early use of repeated rhythmic patterns underlying melodic lines, a precursor to isorhythmic techniques.",0.60,0.80,pending
leonin-1135,modalism,"His works are based on medieval church modes, employing modal scales rather than modern major/minor tonality.",0.80,1.00,pending
leonin-1135,cantus-firmus,"Léonin used the cantus firmus technique by placing a pre-existing chant melody in the tenor voice as the foundation for polyphonic elaboration.",0.85,1.00,pending
leonin-1135,counterpoint,"His compositions involve the combination of independent melodic lines, an early form of counterpoint.",0.90,1.00,pending
perotin-1160,isorhythm,"Pérotin used isorhythmic techniques in his compositions, structuring repeated rhythmic patterns combined with melodic lines, especially in motets.",0.70,0.90,pending
perotin-1160,cantus-firmus,"He employed cantus firmus technique by using a pre-existing chant melody as the foundation for polyphonic elaboration.",0.80,0.95,pending
perotin-1160,counterpoint,"Pérotin was a master of early polyphonic counterpoint, developing complex interweaving vocal lines in his organum and motets.",1.00,1.00,pending
perotin-1160,modalism,"His music is based on medieval modal systems rather than tonal harmony, reflecting the modal technique of the time.",0.90,1.00,pending
perotin-1160,polyrhythm,"Pérotin's compositions often feature simultaneous contrasting rhythmic patterns, an early form of polyrhythm.",0.60,0.85,pending
guillaume-de-machaut-1300,isorhythm,"Machaut extensively used isorhythm in his motets, structuring repeated rhythmic patterns with varying melodic lines.",0.90,1.00,pending
guillaume-de-machaut-1300,cantus-firmus,"He employed cantus firmus technique by using pre-existing chant melodies as a foundation for polyphonic compositions.",0.80,1.00,pending
guillaume-de-machaut-1300,counterpoint,"Machaut's compositions demonstrate sophisticated counterpoint, weaving multiple independent melodic lines.",0.85,1.00,pending
guillaume-de-machaut-1300,modalism,"His music is based on medieval modal systems rather than tonal harmony, reflecting the modal technique of the period.",0.90,1.00,pending
guillaume-dufay-1400,isorhythm,"Dufay employed isorhythmic techniques in his motets, using repeating rhythmic patterns combined with melodic lines to structure his compositions.",0.80,0.90,pending
guillaume-dufay-1400,cantus-firmus,"He frequently used cantus firmus technique, incorporating pre-existing chant melodies as a structural basis for his polyphonic works.",0.90,1.00,pending
guillaume-dufay-1400,counterpoint,"Counterpoint was central to Dufay's style, as he skillfully interwove independent melodic lines in his sacred and secular compositions.",1.00,1.00,pending
guillaume-dufay-1400,modalism,"Dufay composed within the modal system typical of the 15th century, using church modes as the basis for melody and harmony.",0.90,1.00,pending
johannes-ockeghem-1420,counterpoint,"Ockeghem was renowned for his complex and fluid contrapuntal writing, often weaving multiple independent melodic lines with great skill.",1.00,1.00,pending
johannes-ockeghem-1420,cantus-firmus,"He frequently used cantus firmus technique, building masses and motets around a pre-existing melody, often drawn from Gregorian chant.",0.90,1.00,pending
johannes-ockeghem-1420,modalism,"His compositions are grounded in the modal system of the Renaissance, employing modes rather than tonal harmony.",0.80,1.00,pending
johannes-ockeghem-1420,isorhythm,"Ockeghem occasionally used isorhythmic techniques, especially in his motets, where repeating rhythmic patterns structure the tenor voice.",0.50,0.80,pending
jacob-obrecht-1450,cantus-firmus,"Jacob Obrecht frequently used cantus firmus technique, building polyphonic compositions around a pre-existing melody, often a Gregorian chant.",0.80,0.90,pending
jacob-obrecht-1450,counterpoint,"Obrecht was renowned for his complex and skillful use of counterpoint, weaving multiple independent melodic lines together.",1.00,1.00,pending
jacob-obrecht-1450,isorhythm,"He employed isorhythmic techniques in some of his motets, structuring repeated rhythmic patterns with varying melodic lines.",0.60,0.80,pending
jacob-obrecht-1450,modalism,"Obrecht composed within the modal system typical of the late medieval and early Renaissance periods, using church modes as the basis for his melodies and harmonies.",0.90,1.00,pending
josquin-des-prez-1450,cantus-firmus,"Josquin frequently used cantus firmus technique by incorporating pre-existing melodies as structural foundations in his masses and motets.",0.80,1.00,pending
josquin-des-prez-1450,counterpoint,"He was renowned for his mastery of counterpoint, skillfully interweaving independent melodic lines to create rich polyphonic textures.",1.00,1.00,pending
josquin-des-prez-1450,modalism,"Josquin composed within the modal system typical of the Renaissance, employing modes rather than tonal harmony.",0.90,1.00,pending
josquin-des-prez-1450,isorhythm,"He occasionally used isorhythmic techniques, especially in earlier motets, structuring repeated rhythmic patterns with varying melodic lines.",0.40,0.80,pending
josquin-des-prez-1450,ostinato,"Josquin sometimes employed ostinato patterns to provide rhythmic or melodic repetition within his compositions.",0.30,0.70,pending
josquin-des-prez-1450,theme-and-variations,"He used theme and variations techniques in some secular and sacred works, elaborating on melodic material through variation.",0.30,0.70,pending
clement-janequin-1485,counterpoint,"Janequin extensively used polyphonic counterpoint, a hallmark of Renaissance vocal music, to create intricate interweaving vocal lines.",0.90,1.00,pending
clement-janequin-1485,cantus-firmus,"He employed cantus firmus technique by basing compositions on pre-existing melodies, often plainchant or popular tunes, as structural foundations.",0.70,0.90,pending
clement-janequin-1485,modalism,"His music is grounded in the modal system typical of the Renaissance period, using church modes rather than tonal harmony.",0.80,1.00,pending
clement-janequin-1485,ostinato,"Janequin occasionally used repeated melodic or rhythmic patterns to provide structural and textural unity in his chansons.",0.50,0.80,pending
clement-janequin-1485,through-composed,"Many of his programmatic chansons are through-composed, with continuous development of musical material to depict narrative or sound effects.",0.60,0.85,pending
john-taverner-1490,cantus-firmus,"Taverner frequently used cantus firmus technique, incorporating pre-existing chant melodies as structural foundations in his masses.",0.80,0.90,pending
john-taverner-1490,counterpoint,"His compositions are characterized by intricate polyphonic counterpoint, a hallmark of Renaissance sacred music.",1.00,1.00,pending
john-taverner-1490,modalism,"Taverner's music is firmly rooted in the modal system typical of early 16th-century English sacred music.",0.90,1.00,pending
john-taverner-1490,isorhythm,"Some of his works show use of isorhythmic techniques, especially in motets, reflecting medieval compositional practices.",0.30,0.70,pending
thomas-tallis-1505,cantus-firmus,"Talllis frequently used a cantus firmus as a structural basis in his polyphonic compositions, especially in his early works.",0.80,0.90,pending
thomas-tallis-1505,counterpoint,"He was a master of Renaissance counterpoint, employing intricate interweaving of independent melodic lines.",1.00,1.00,pending
thomas-tallis-1505,modalism,"Tallis composed within the modal system typical of the Renaissance period, using church modes rather than tonal harmony.",0.90,1.00,pending
thomas-tallis-1505,isorhythm,"In some of his earlier motets, Tallis used isorhythmic techniques, repeating rhythmic patterns in the tenor voice.",0.40,0.70,pending
giovanni-pierluigi-da-palestrina-1525,counterpoint,"Palestrina is renowned for his mastery of Renaissance polyphonic counterpoint, carefully balancing independent melodic lines to create harmonious textures.",1.00,1.00,pending
giovanni-pierluigi-da-palestrina-1525,cantus-firmus,"He frequently used cantus firmus technique, building complex polyphony around a pre-existing melody, often a Gregorian chant.",0.80,1.00,pending
giovanni-pierluigi-da-palestrina-1525,modalism,"His compositions are grounded in the modal system of the Renaissance, employing church modes rather than tonal harmony.",0.90,1.00,pending
orlande-de-lassus-1532,counterpoint,"Orlande de Lassus was renowned for his mastery of Renaissance polyphonic counterpoint, skillfully interweaving independent melodic lines.",1.00,1.00,pending
orlande-de-lassus-1532,cantus-firmus,"He frequently used cantus firmus technique, basing compositions on pre-existing melodies as structural foundations.",0.70,0.90,pending
orlande-de-lassus-1532,modalism,"His works are grounded in the modal system typical of the Renaissance period, employing church modes rather than tonal harmony.",0.90,1.00,pending
orlande-de-lassus-1532,isorhythm,"Some of his motets exhibit isorhythmic structures, a technique inherited from earlier medieval traditions.",0.40,0.70,pending
orlande-de-lassus-1532,ostinato,"Occasionally used repeating melodic or rhythmic patterns (ostinato) to unify sections of his compositions.",0.30,0.60,pending
william-byrd-1540,counterpoint,"William Byrd extensively used intricate counterpoint in his vocal and instrumental compositions, a hallmark of Renaissance polyphony.",1.00,1.00,pending
william-byrd-1540,cantus-firmus,"Byrd employed cantus firmus technique in many of his masses and motets, building polyphonic textures around a fixed melody.",0.80,1.00,pending
william-byrd-1540,modalism,"His music is grounded in the modal system typical of the Renaissance period, using church modes rather than tonal harmony.",0.90,1.00,pending
william-byrd-1540,ground-bass,"Byrd used ground bass patterns in some of his keyboard and consort music to create repeating harmonic foundations.",0.60,0.80,pending
william-byrd-1540,ostinato,"Ostinato figures appear in Byrd's instrumental works, providing rhythmic and harmonic repetition.",0.50,0.70,pending
tomas-luis-de-victoria-1549,counterpoint,"Victoria extensively used intricate counterpoint, a hallmark of Renaissance polyphony, to create complex interweaving vocal lines.",1.00,1.00,pending
tomas-luis-de-victoria-1549,cantus-firmus,"He employed cantus firmus technique by basing compositions on pre-existing chant melodies as structural foundations.",0.80,0.90,pending
tomas-luis-de-victoria-1549,modalism,"Victoria's music is grounded in modal systems typical of the Renaissance, using church modes rather than tonal harmony.",1.00,1.00,pending
tomas-luis-de-victoria-1549,ostinato,"Some of his motets and masses feature repeated melodic or rhythmic patterns functioning as ostinatos to unify sections.",0.40,0.70,pending
carlo-gesualdo-1561,counterpoint,"Gesualdo extensively used complex counterpoint in his madrigals, combining multiple independent vocal lines with intricate harmonic interplay.",0.90,1.00,pending
carlo-gesualdo-1561,modalism,"His compositions often employ modal techniques characteristic of late Renaissance music, using modes rather than strict major/minor tonality.",0.80,1.00,pending
carlo-gesualdo-1561,atonality,"Gesualdo is noted for his daring chromaticism and dissonances that sometimes approach atonality, creating intense emotional effects.",0.70,0.90,pending
carlo-gesualdo-1561,through-composed,"Many of Gesualdo's madrigals are through-composed, avoiding repetitive forms and continuously developing musical material.",0.60,0.80,pending
jan-pieterszoon-sweelinck-1562,counterpoint,"Sweelinck was renowned for his mastery of contrapuntal writing, especially in his keyboard and vocal works, reflecting the polyphonic style of the late Renaissance and early Baroque periods.",1.00,1.00,pending
jan-pieterszoon-sweelinck-1562,cantus-firmus,"He frequently used cantus firmus techniques in his compositions, building elaborate polyphonic structures around a fixed melody.",0.70,0.90,pending
jan-pieterszoon-sweelinck-1562,ostinato,"Sweelinck employed ostinato patterns, particularly in his keyboard works, to create rhythmic and harmonic foundations.",0.60,0.80,pending
jan-pieterszoon-sweelinck-1562,theme-and-variations,"He developed theme and variations techniques in his keyboard compositions, elaborating on melodic material through successive transformations.",0.70,0.85,pending
jan-pieterszoon-sweelinck-1562,modalism,"Sweelinck's music is grounded in modal practice, typical of the Renaissance tradition, before the full establishment of tonal harmony.",0.90,1.00,pending
john-dowland-1563,counterpoint,"Dowland extensively used counterpoint in his lute songs and consort music, weaving independent melodic lines together.",0.90,1.00,pending
john-dowland-1563,ground-bass,"He frequently employed ground bass patterns as a structural foundation in his compositions, especially in his instrumental works.",0.80,1.00,pending
john-dowland-1563,modalism,"Dowland's music is characterized by the use of modal scales typical of the Renaissance period, rather than tonal harmony.",0.85,1.00,pending
john-dowland-1563,theme-and-variations,"He used theme and variations form in some of his lute pieces, elaborating on melodic material with variations.",0.60,0.90,pending
claudio-monteverdi-1567,counterpoint,"Monteverdi extensively used counterpoint in his madrigals and sacred music, blending multiple independent melodic lines.",0.90,1.00,pending
claudio-monteverdi-1567,ground-bass,"He employed ground bass patterns, especially in his operas and sacred works, to provide harmonic foundation and continuity.",0.70,1.00,pending
claudio-monteverdi-1567,modalism,"Monteverdi's music reflects the modal system of the late Renaissance transitioning into early Baroque tonality.",0.80,1.00,pending
claudio-monteverdi-1567,ostinato,"He used ostinato figures to create rhythmic and harmonic repetition, particularly in vocal and instrumental pieces.",0.60,0.90,pending
claudio-monteverdi-1567,through-composed,"Monteverdi often composed madrigals and operatic scenes in a through-composed style to follow the text expressively without strict repetition.",0.70,0.95,pending
claudio-monteverdi-1567,theme-and-variations,"Some of Monteverdi's instrumental works and vocal pieces show variation techniques on melodic or harmonic material.",0.40,0.80,pending
michael-praetorius-1571,cantus-firmus,"Praetorius frequently used cantus firmus techniques in his sacred vocal compositions, building polyphonic textures around a fixed melody.",0.70,0.90,pending
michael-praetorius-1571,counterpoint,"His works demonstrate extensive use of counterpoint, typical of late Renaissance and early Baroque sacred music.",1.00,1.00,pending
michael-praetorius-1571,modalism,"Praetorius composed within modal frameworks, reflecting the modal system prevalent before the full establishment of tonal harmony.",0.80,0.95,pending
michael-praetorius-1571,ostinato,"Some of his instrumental and vocal pieces employ ostinato patterns to provide rhythmic and harmonic foundation.",0.40,0.70,pending
girolamo-frescobaldi-1583,counterpoint,"Frescobaldi extensively used counterpoint in his keyboard and vocal compositions, reflecting the polyphonic style of the late Renaissance and early Baroque periods.",0.90,1.00,pending
girolamo-frescobaldi-1583,ground-bass,"He employed ground bass patterns as a structural foundation in many of his toccatas and variations, a common Baroque compositional device.",0.70,0.90,pending
girolamo-frescobaldi-1583,theme-and-variations,"Frescobaldi composed variations on themes, showcasing his skill in elaborating and transforming melodic material.",0.60,0.90,pending
girolamo-frescobaldi-1583,modalism,"His music often reflects modal tonalities characteristic of the early Baroque era, before the full establishment of tonal harmony.",0.80,1.00,pending
girolamo-frescobaldi-1583,ostinato,"Repetitive ostinato figures appear in his keyboard works, providing rhythmic and harmonic stability.",0.60,0.80,pending
orlando-gibbons-1583,counterpoint,"Orlando Gibbons extensively used intricate counterpoint in his choral and keyboard works, reflecting the Renaissance polyphonic tradition.",0.90,1.00,pending
orlando-gibbons-1583,cantus-firmus,"He employed cantus firmus technique in some of his sacred compositions, using a pre-existing melody as the structural basis.",0.60,0.80,pending
orlando-gibbons-1583,modalism,"Gibbons composed within modal frameworks typical of late Renaissance and early Baroque music, using church modes rather than tonal harmony.",0.80,1.00,pending
orlando-gibbons-1583,ground-bass,"He used ground bass patterns in some keyboard and vocal works to provide a repeating harmonic foundation.",0.50,0.70,pending
orlando-gibbons-1583,ostinato,"Ostinato figures appear in his keyboard music, creating rhythmic and harmonic repetition.",0.50,0.70,pending
heinrich-schutz-1585,counterpoint,"Schütz extensively used counterpoint in his vocal and choral compositions, reflecting the influence of the Renaissance polyphonic tradition.",0.90,1.00,pending
heinrich-schutz-1585,cantus-firmus,"He employed cantus firmus techniques in some of his sacred works, using pre-existing melodies as structural foundations.",0.60,0.80,pending
heinrich-schutz-1585,modalism,"Modal techniques were central to Schütz's harmonic language, as he composed during the transition from modal to tonal systems.",0.80,1.00,pending
heinrich-schutz-1585,ostinato,"Schütz occasionally used ostinato patterns to provide rhythmic and harmonic grounding in his compositions.",0.40,0.70,pending
heinrich-schutz-1585,ground-bass,"He utilized ground bass patterns in some sacred and secular works, a common Baroque compositional device.",0.50,0.80,pending
heinrich-schutz-1585,through-composed,"Many of Schütz's vocal works are through-composed, avoiding strict repetition to follow the text's expressive needs.",0.70,0.90,pending
jean-baptiste-lully-1632,counterpoint,"Lully employed counterpoint in his sacred and theatrical compositions to create intricate polyphonic textures typical of Baroque music.",0.70,0.90,pending
jean-baptiste-lully-1632,ground-bass,"He used ground bass patterns as a structural foundation in some of his instrumental and vocal works, a common Baroque compositional device.",0.50,0.80,pending
jean-baptiste-lully-1632,ostinato,"Ostinato figures were frequently used in Lully's dance music and operatic overtures to provide rhythmic drive and continuity.",0.60,0.85,pending
jean-baptiste-lully-1632,theme-and-variations,"Lully occasionally employed theme and variations in his instrumental suites and ballets to develop musical ideas.",0.40,0.70,pending
jean-baptiste-lully-1632,modalism,"His music reflects modal influences characteristic of the early Baroque period, blending modal and emerging tonal practices.",0.30,0.75,pending
marc-antoine-charpentier-1636,counterpoint,"Charpentier extensively used counterpoint in his sacred and secular vocal compositions, reflecting the Baroque style's emphasis on polyphonic texture.",0.90,1.00,pending
marc-antoine-charpentier-1636,ground-bass,"He employed ground bass patterns as a structural foundation in many of his vocal and instrumental works, a common Baroque compositional device.",0.70,0.90,pending
marc-antoine-charpentier-1636,cantus-firmus,"Charpentier used cantus firmus technique in some of his sacred music, integrating pre-existing melodies as a basis for polyphonic elaboration.",0.50,0.80,pending
marc-antoine-charpentier-1636,modalism,"His music often reflects modal influences, consistent with the transitional period between Renaissance modal and Baroque tonal practices.",0.60,0.85,pending
marc-antoine-charpentier-1636,ostinato,"Ostinato figures appear in Charpentier's compositions to create rhythmic and harmonic continuity, especially in instrumental and vocal dance movements.",0.60,0.80,pending
marc-antoine-charpentier-1636,theme-and-variations,"Charpentier occasionally used theme and variations form to develop melodic material in instrumental suites and vocal works.",0.40,0.70,pending
dietrich-buxtehude-1637,counterpoint,"Buxtehude extensively used counterpoint in his organ and vocal works, employing intricate interweaving of independent melodic lines typical of Baroque music.",0.90,1.00,pending
dietrich-buxtehude-1637,cantus-firmus,"He often based compositions on a cantus firmus, especially in his vocal and organ works, using a fixed melody as the structural foundation.",0.70,0.90,pending
dietrich-buxtehude-1637,ostinato,"Buxtehude used ostinato patterns, particularly in his chaconnes and passacaglias, repeating bass lines to create harmonic and rhythmic structure.",0.80,1.00,pending
dietrich-buxtehude-1637,ground-bass,"He frequently employed ground bass techniques, especially in his organ works, where a repeating bass line underpins variations above.",0.80,1.00,pending
dietrich-buxtehude-1637,modalism,"Buxtehude's music reflects modal influences, as he composed during the transition from modal to tonal systems, often using church modes in his compositions.",0.60,0.90,pending
dietrich-buxtehude-1637,theme-and-variations,"He composed works based on theme and variations, elaborating melodic material through successive transformations, especially in keyboard music.",0.70,0.95,pending
heinrich-franz-von-biber-1644,counterpoint,"Biber extensively used intricate counterpoint in his polyphonic compositions, especially in his sacred music and violin works.",0.90,1.00,pending
heinrich-franz-von-biber-1644,ground-bass,"He employed ground bass patterns as a structural foundation in several instrumental and vocal pieces.",0.70,0.90,pending
heinrich-franz-von-biber-1644,theme-and-variations,"Biber composed works featuring theme and variations, notably in his violin sonatas and partitas.",0.60,0.80,pending
heinrich-franz-von-biber-1644,modalism,"His music often reflects modal tonalities characteristic of the late Renaissance and early Baroque periods.",0.80,0.90,pending
heinrich-franz-von-biber-1644,ostinato,"Biber used ostinato figures to create rhythmic and harmonic continuity in his compositions.",0.60,0.80,pending
heinrich-franz-von-biber-1644,cantus-firmus,"He incorporated cantus firmus techniques in some of his sacred vocal works, layering pre-existing melodies.",0.50,0.70,pending
johann-pachelbel-1653,ground-bass,"Pachelbel famously used a repeating bass line as the foundation for variations, most notably in his Canon in D.",1.00,1.00,pending
johann-pachelbel-1653,ostinato,"He employed persistent repeated motifs, especially in the bass, to create structural coherence.",0.90,1.00,pending
johann-pachelbel-1653,counterpoint,"Pachelbel was a master of contrapuntal writing, weaving independent melodic lines together in his compositions.",0.90,1.00,pending
johann-pachelbel-1653,cantus-firmus,"He often used a fixed melody as a structural basis in his sacred vocal and keyboard works.",0.70,0.90,pending
johann-pachelbel-1653,theme-and-variations,"Pachelbel composed variations on themes, elaborating melodic and harmonic material over a repeated structure.",0.80,0.90,pending
johann-pachelbel-1653,modalism,"His music frequently employs modal scales and harmonies characteristic of the Baroque transitional style.",0.60,0.80,pending
arcangelo-corelli-1653,counterpoint,"Corelli extensively used counterpoint in his trio sonatas and concerti grossi, weaving independent melodic lines together.",0.90,1.00,pending
arcangelo-corelli-1653,ground-bass,"He employed ground bass patterns as a structural foundation in some of his works, typical of Baroque practice.",0.60,0.90,pending
arcangelo-corelli-1653,theme-and-variations,"Corelli used theme and variations form in his sonatas and concerti grossi to develop musical ideas.",0.70,0.90,pending
arcangelo-corelli-1653,modalism,"His harmonic language reflects the modal practices transitioning into tonal harmony characteristic of the late 17th century.",0.50,0.80,pending
arcangelo-corelli-1653,ostinato,"Ostinato figures appear in his compositions, providing rhythmic and harmonic repetition.",0.50,0.80,pending
marin-marais-1656,ground-bass,"Marin Marais frequently used ground bass patterns as a structural foundation in his compositions, a common Baroque practice.",0.80,0.90,pending
marin-marais-1656,counterpoint,"His works exhibit intricate counterpoint, reflecting the Baroque emphasis on polyphonic texture.",0.90,0.95,pending
marin-marais-1656,theme-and-variations,"Marais often employed theme and variations form, especially in his suites and character pieces for viola da gamba.",0.70,0.85,pending
marin-marais-1656,modalism,"His music shows use of modal scales and modal inflections typical of French Baroque style.",0.60,0.80,pending
marin-marais-1656,ostinato,"Ostinato figures appear in his compositions, providing rhythmic and harmonic drive.",0.50,0.75,pending
henry-purcell-1659,ground-bass,"Purcell frequently used ground bass patterns as a structural foundation in his compositions, notably in his chaconnes and passacaglias.",0.80,1.00,pending
henry-purcell-1659,counterpoint,"He employed counterpoint extensively, weaving independent melodic lines together in his vocal and instrumental works.",0.70,1.00,pending
henry-purcell-1659,modalism,"Purcell's music often reflects modal influences, blending Renaissance modal practices with emerging tonal harmony.",0.60,0.90,pending
henry-purcell-1659,ostinato,"He used ostinato figures to create rhythmic and harmonic repetition, especially in instrumental and vocal music.",0.50,0.90,pending
henry-purcell-1659,theme-and-variations,"Purcell composed theme and variations, developing melodic material through successive alterations.",0.40,0.80,pending
alessandro-scarlatti-1660,counterpoint,"Alessandro Scarlatti extensively used counterpoint in his vocal and instrumental compositions, reflecting the Baroque style's emphasis on polyphonic texture.",0.90,1.00,pending
alessandro-scarlatti-1660,ground-bass,"He frequently employed ground bass patterns as a structural foundation in his arias and instrumental works.",0.70,0.90,pending
alessandro-scarlatti-1660,ostinato,"Ostinato figures were used in his compositions to create rhythmic and harmonic repetition, typical of Baroque music.",0.60,0.80,pending
alessandro-scarlatti-1660,theme-and-variations,"Scarlatti used theme and variations form in some instrumental works, showcasing his skill in elaboration and ornamentation.",0.50,0.70,pending
alessandro-scarlatti-1660,modalism,"His music shows traces of modal usage, especially in early works, reflecting the transition from Renaissance to Baroque tonal language.",0.40,0.60,pending
francois-couperin-1668,counterpoint,"François Couperin extensively used counterpoint in his keyboard and chamber music, reflecting the Baroque tradition of interweaving independent melodic lines.",0.80,1.00,pending
francois-couperin-1668,theme-and-variations,"Couperin employed theme and variations in many of his harpsichord pieces, elaborating on melodic material with ornamentation and variation.",0.70,1.00,pending
francois-couperin-1668,ostinato,"He used ostinato patterns, particularly in dance movements and character pieces, to provide rhythmic and harmonic foundation.",0.50,0.90,pending
francois-couperin-1668,ground-bass,"Couperin utilized ground bass structures in some compositions, repeating a bass line as a foundation for variations above.",0.40,0.80,pending
francois-couperin-1668,modalism,"His music often reflects modal influences, blending modal and tonal elements typical of late Baroque French style.",0.30,0.70,pending
tomaso-albinoni-1671,counterpoint,"Albinoni extensively used counterpoint in his Baroque compositions, weaving independent melodic lines together.",0.90,1.00,pending
tomaso-albinoni-1671,ground-bass,"He employed ground bass patterns as a structural foundation in many of his instrumental works.",0.70,0.90,pending
tomaso-albinoni-1671,ostinato,"Ostinato figures were frequently used to create rhythmic and harmonic repetition in his music.",0.60,0.90,pending
tomaso-albinoni-1671,theme-and-variations,"Albinoni composed variations on themes, a common Baroque practice to develop musical ideas.",0.50,0.80,pending
tomaso-albinoni-1671,sonata-principle,"His instrumental works often followed early sonata principles, organizing movements with contrasting themes.",0.60,0.80,pending
tomaso-albinoni-1671,modalism,"Modal techniques influenced his harmonic language, reflecting the transition from modal to tonal systems in the Baroque era.",0.40,0.70,pending
antonio-vivaldi-1678,counterpoint,"Vivaldi extensively used counterpoint in his compositions, especially in his concertos and sacred music, to create intricate interweaving melodic lines.",0.90,1.00,pending
antonio-vivaldi-1678,ostinato,"He frequently employed ostinato patterns, particularly in the basso continuo, to provide rhythmic and harmonic foundation in his works.",0.80,1.00,pending
antonio-vivaldi-1678,ground-bass,"Vivaldi used ground bass structures in some of his compositions, repeating a bass line to underpin variations and melodic development.",0.70,0.90,pending
antonio-vivaldi-1678,theme-and-variations,"He applied theme and variations technique in several instrumental works, elaborating on a main theme through successive variations.",0.60,0.80,pending
antonio-vivaldi-1678,sonata-principle,"Vivaldi's concertos often follow the sonata principle, with clear exposition, development, and recapitulation sections.",0.70,0.90,pending
antonio-vivaldi-1678,modalism,"His music shows use of modal techniques inherited from Baroque practice, blending modal and tonal elements.",0.50,0.70,pending
antonio-vivaldi-1678,polyrhythm,"Vivaldi occasionally used polyrhythmic textures to add rhythmic complexity and drive in his fast movements.",0.40,0.60,pending
georg-philipp-telemann-1681,counterpoint,"Telemann extensively used counterpoint in his compositions, reflecting the Baroque tradition of interweaving independent melodic lines.",0.90,1.00,pending
georg-philipp-telemann-1681,cantus-firmus,"He employed cantus firmus techniques in some sacred and instrumental works, using a fixed melody as the basis for polyphonic elaboration.",0.60,0.80,pending
georg-philipp-telemann-1681,ostinato,"Telemann used ostinato patterns, especially in instrumental and dance movements, to create rhythmic and harmonic foundations.",0.50,0.70,pending
georg-philipp-telemann-1681,ground-bass,"Ground bass was a common Baroque compositional device that Telemann used to structure pieces with repeating bass lines.",0.50,0.80,pending
georg-philipp-telemann-1681,theme-and-variations,"Telemann composed works employing theme and variations, showcasing his skill in elaborating melodic material.",0.60,0.90,pending
georg-philipp-telemann-1681,modalism,"He occasionally used modal techniques, reflecting the transitional nature of Baroque harmony and his interest in older musical styles.",0.30,0.70,pending
jean-philippe-rameau-1683,counterpoint,"Rameau extensively used counterpoint in his compositions, integrating complex polyphonic textures typical of Baroque music.",0.80,1.00,pending
jean-philippe-rameau-1683,ground-bass,"He employed ground bass patterns as a structural foundation in many of his works, a common Baroque compositional device.",0.70,1.00,pending
jean-philippe-rameau-1683,theme-and-variations,"Rameau used theme and variations technique to develop musical ideas, showcasing his skill in ornamentation and variation.",0.60,0.90,pending
jean-philippe-rameau-1683,modalism,"His harmonic language often reflects modal influences, bridging Renaissance modal practice and emerging tonal harmony.",0.50,0.80,pending
jean-philippe-rameau-1683,ostinato,"Rameau utilized ostinato figures to create rhythmic and harmonic continuity in his operatic and instrumental works.",0.50,0.90,pending
jean-philippe-rameau-1683,cantus-firmus,"He occasionally incorporated cantus firmus techniques, embedding fixed melodic lines within contrapuntal textures.",0.30,0.70,pending
alessandro-marcello-1684,counterpoint,"Alessandro Marcello extensively used counterpoint, a hallmark of Baroque composition, to create intricate interweaving melodic lines.",0.90,1.00,pending
alessandro-marcello-1684,ground-bass,"He employed ground bass patterns, especially in his instrumental works, to provide a repeating harmonic foundation.",0.70,0.90,pending
alessandro-marcello-1684,theme-and-variations,"Marcello used theme and variations technique, notably in his slow movements, to develop melodic material with expressive elaboration.",0.60,0.80,pending
alessandro-marcello-1684,modalism,"His compositions reflect modal influences typical of early Baroque style, blending modal and tonal elements.",0.50,0.70,pending
domenico-scarlatti-1685,counterpoint,"Domenico Scarlatti extensively used counterpoint in his keyboard sonatas, reflecting Baroque compositional practices.",0.80,1.00,pending
domenico-scarlatti-1685,ostinato,"He frequently employed ostinato patterns, especially in repeated bass or melodic figures to create rhythmic drive.",0.60,0.90,pending
domenico-scarlatti-1685,theme-and-variations,"Scarlatti's sonatas often explore variations on thematic material within single movements.",0.50,0.80,pending
domenico-scarlatti-1685,modalism,"Some of his works incorporate modal elements, reflecting older musical traditions alongside emerging tonal harmony.",0.30,0.70,pending
johann-sebastian-bach-1685,counterpoint,"Bach is renowned for his mastery of counterpoint, especially in fugues and complex polyphonic textures.",1.00,1.00,pending
johann-sebastian-bach-1685,cantus-firmus,"He frequently used cantus firmus technique, embedding a fixed melody as the basis for contrapuntal elaboration.",0.80,0.90,pending
johann-sebastian-bach-1685,ostinato,"Bach employed ostinato patterns, particularly in his chaconnes and passacaglias, to create repeating harmonic and rhythmic foundations.",0.70,0.90,pending
johann-sebastian-bach-1685,ground-bass,"He used ground bass extensively, especially in works like the Passacaglia in C minor, where a repeating bass line underpins variations.",0.80,0.95,pending
johann-sebastian-bach-1685,theme-and-variations,"Bach composed many works based on theme and variations, elaborating a melodic idea through successive transformations.",0.70,0.90,pending
johann-sebastian-bach-1685,modalism,"His music often reflects modal influences, especially in chorales and early works, blending modal and tonal elements.",0.50,0.80,pending
george-frideric-handel-1685,counterpoint,"Handel extensively used counterpoint in his choral and instrumental works, weaving independent melodic lines together to create rich textures.",0.90,1.00,pending
george-frideric-handel-1685,ground-bass,"He employed ground bass patterns as a structural foundation in many compositions, notably in his chaconnes and passacaglias.",0.70,0.90,pending
george-frideric-handel-1685,ostinato,"Ostinato figures frequently appear in Handel's music, providing rhythmic and harmonic repetition that supports melodic development.",0.80,1.00,pending
george-frideric-handel-1685,theme-and-variations,"Handel used theme and variations form to explore melodic and harmonic possibilities, especially in keyboard and instrumental works.",0.60,0.95,pending
george-frideric-handel-1685,cantus-firmus,"He occasionally incorporated cantus firmus techniques, particularly in sacred vocal music, using pre-existing melodies as structural bases.",0.50,0.80,pending
george-frideric-handel-1685,sonata-principle,"Handel's instrumental works often follow the sonata principle, with clear exposition, development, and recapitulation sections.",0.70,0.90,pending
george-frideric-handel-1685,modalism,"While primarily tonal, Handel's music sometimes reflects modal influences inherited from earlier Renaissance and Baroque practices.",0.30,0.70,pending
benedetto-marcello-1686,counterpoint,"Marcello was known for his mastery of contrapuntal writing, often employing intricate interweaving of independent melodic lines in his vocal and instrumental works.",0.90,1.00,pending
benedetto-marcello-1686,cantus-firmus,"He used cantus firmus techniques in some sacred compositions, integrating pre-existing melodies as structural foundations.",0.60,0.80,pending
benedetto-marcello-1686,ground-bass,"Marcello employed ground bass patterns as a harmonic and structural device in several instrumental and vocal pieces.",0.70,0.90,pending
benedetto-marcello-1686,theme-and-variations,"He composed works based on theme and variations, showcasing his skill in elaborating melodic material.",0.50,0.80,pending
benedetto-marcello-1686,modalism,"Marcello's music reflects the use of modal techniques typical of the late Baroque period, blending modal and tonal elements.",0.40,0.70,pending
giuseppe-tartini-1692,counterpoint,"Tartini extensively used counterpoint in his compositions, reflecting Baroque practices of interweaving independent melodic lines.",0.90,1.00,pending
giuseppe-tartini-1692,ground-bass,"He employed ground bass patterns as a structural foundation in some of his works, a common Baroque technique.",0.70,0.90,pending
giuseppe-tartini-1692,theme-and-variations,"Tartini composed pieces using theme and variations, showcasing his skill in elaborating melodic material.",0.60,0.80,pending
giuseppe-tartini-1692,modalism,"His music often reflects modal influences, consistent with late Baroque harmonic language transitioning from modal to tonal systems.",0.50,0.70,pending
giovanni-battista-pergolesi-1710,counterpoint,"Pergolesi employed counterpoint extensively in his sacred and secular vocal works, reflecting the Baroque tradition of interweaving independent melodic lines.",0.80,1.00,pending
giovanni-battista-pergolesi-1710,ground-bass,"He used ground bass patterns, especially in his famous Stabat Mater and other vocal compositions, to create a repeating harmonic foundation.",0.70,0.90,pending
giovanni-battista-pergolesi-1710,theme-and-variations,"Pergolesi composed variations on themes, a common practice in Baroque and early Classical music, showcasing his skill in elaboration and ornamentation.",0.60,0.80,pending
giovanni-battista-pergolesi-1710,ostinato,"He frequently used ostinato figures in instrumental and vocal music to provide rhythmic and harmonic drive.",0.60,0.85,pending
giovanni-battista-pergolesi-1710,sonata-principle,"Though primarily a Baroque composer, Pergolesi's later works show early Classical influences, including the use of sonata principle in structuring movements.",0.40,0.70,pending
carl-philipp-emanuel-bach-1714,counterpoint,"C.P.E. Bach extensively used counterpoint, continuing the Baroque tradition inherited from his father J.S. Bach, especially in his keyboard and chamber works.",0.80,1.00,pending
carl-philipp-emanuel-bach-1714,sonata-principle,"He was a key figure in the development of the sonata principle, structuring movements with clear thematic development and contrasting sections.",0.90,1.00,pending
carl-philipp-emanuel-bach-1714,theme-and-variations,"C.P.E. Bach frequently employed theme and variations, showcasing his inventive melodic and harmonic transformations.",0.70,1.00,pending
carl-philipp-emanuel-bach-1714,ostinato,"He used ostinato patterns in some keyboard works to create rhythmic and harmonic foundations.",0.40,0.80,pending
carl-philipp-emanuel-bach-1714,ground-bass,"Ground bass was occasionally used by C.P.E. Bach, reflecting Baroque influences in his compositions.",0.30,0.70,pending
carl-philipp-emanuel-bach-1714,modalism,"He sometimes incorporated modal elements, blending Baroque and emerging Classical harmonic language.",0.30,0.60,pending
christoph-willibald-von-gluck-1714,counterpoint,"Gluck employed counterpoint to structure vocal and instrumental lines, reflecting Baroque and early Classical compositional practices.",0.70,0.90,pending
christoph-willibald-von-gluck-1714,sonata-principle,"He used sonata principle forms in his instrumental and operatic overtures, aligning with Classical era formal developments.",0.60,0.85,pending
christoph-willibald-von-gluck-1714,leitmotif,"Gluck introduced early use of leitmotifs to unify operatic drama and music, anticipating later Romantic opera techniques.",0.50,0.80,pending
christoph-willibald-von-gluck-1714,theme-and-variations,"He utilized theme and variations in instrumental works and operatic passages to develop musical ideas.",0.40,0.70,pending
christoph-willibald-von-gluck-1714,ostinato,"Gluck occasionally used ostinato patterns to create rhythmic drive and dramatic tension in his operas.",0.30,0.60,pending
franz-joseph-haydn-1732,counterpoint,"Haydn extensively used counterpoint in his compositions, especially in his string quartets and symphonies, to create intricate interweaving melodic lines.",0.80,1.00,pending
franz-joseph-haydn-1732,theme-and-variations,"He frequently employed theme-and-variations form, developing a simple theme through multiple variations in many works such as his piano sonatas and symphonies.",0.70,1.00,pending
franz-joseph-haydn-1732,sonata-principle,"Haydn was a key figure in the development and use of the sonata principle, structuring movements with exposition, development, and recapitulation sections.",1.00,1.00,pending
franz-joseph-haydn-1732,ostinato,"He occasionally used ostinato patterns to provide rhythmic or harmonic foundation, notably in some symphonic and chamber works.",0.30,0.80,pending
franz-joseph-haydn-1732,ground-bass,"Haydn used ground bass techniques in certain slow movements and variations, building elaborate textures over repeating bass lines.",0.40,0.70,pending
franz-joseph-haydn-1732,cantus-firmus,"In some sacred works, Haydn incorporated cantus firmus techniques, embedding pre-existing melodies within contrapuntal textures.",0.30,0.60,pending
johann-christian-bach-1735,counterpoint,"Johann Christian Bach employed counterpoint extensively, reflecting the Baroque tradition and influencing the Classical style with clear, balanced polyphonic textures.",0.70,0.90,pending
johann-christian-bach-1735,sonata-principle,"He used the sonata principle in his instrumental works, structuring movements with exposition, development, and recapitulation typical of early Classical forms.",0.80,0.95,pending
johann-christian-bach-1735,theme-and-variations,"Theme and variations technique appears in his keyboard and orchestral compositions, showcasing his skill in melodic development and variation.",0.60,0.85,pending
johann-christian-bach-1735,ostinato,"Occasionally used ostinato patterns to provide rhythmic and harmonic foundation in his compositions, especially in dance movements.",0.40,0.70,pending
karl-ditters-von-dittersdorf-1739,counterpoint,"Dittersdorf employed counterpoint extensively in his symphonies and chamber works, reflecting the classical style's emphasis on interweaving melodic lines.",0.80,0.90,pending
karl-ditters-von-dittersdorf-1739,theme-and-variations,"He frequently used theme and variations form, especially in his violin concertos and symphonies, showcasing his skill in developing melodic material.",0.70,0.85,pending
karl-ditters-von-dittersdorf-1739,sonata-principle,"Dittersdorf's symphonies and chamber works often follow the sonata principle, with clear exposition, development, and recapitulation sections.",0.90,0.95,pending
karl-ditters-von-dittersdorf-1739,cantus-firmus,"In some sacred and orchestral works, Dittersdorf used cantus firmus techniques, integrating pre-existing melodies as structural elements.",0.40,0.70,pending
karl-ditters-von-dittersdorf-1739,ostinato,"Occasionally, Dittersdorf employed ostinato patterns in his orchestral writing to create rhythmic drive and cohesion.",0.30,0.60,pending
luigi-boccherini-1743,counterpoint,"Boccherini employed counterpoint in his chamber music and string quartets, reflecting the classical style's emphasis on interweaving melodic lines.",0.70,0.90,pending
luigi-boccherini-1743,theme-and-variations,"He frequently used theme and variations form, notably in his cello concertos and chamber works, showcasing melodic development.",0.80,0.95,pending
luigi-boccherini-1743,sonata-principle,"Boccherini's compositions often follow the sonata principle, with clear exposition, development, and recapitulation sections typical of the Classical era.",0.85,0.95,pending
luigi-boccherini-1743,ostinato,"He used ostinato patterns in some of his dance movements and minuets to create rhythmic drive and continuity.",0.50,0.70,pending
luigi-boccherini-1743,ground-bass,"Boccherini occasionally employed ground bass patterns, especially in slow movements, to provide harmonic foundation and structural coherence.",0.40,0.60,pending
carl-stamitz-1745,sonata-principle,"Carl Stamitz composed many works following the classical sonata form structure, which was central to his symphonies and concertos.",0.90,1.00,pending
carl-stamitz-1745,counterpoint,"Stamitz employed counterpoint in his compositions, reflecting the influence of the Mannheim school and classical traditions.",0.70,0.90,pending
carl-stamitz-1745,theme-and-variations,"He used theme and variations technique in several chamber and orchestral works, a common practice in the classical period.",0.60,0.80,pending
carl-stamitz-1745,ostinato,"Ostinato patterns appear occasionally in Stamitz's works, particularly in accompaniment figures to support melodic lines.",0.40,0.70,pending
antonio-salieri-1750,counterpoint,"Salieri employed counterpoint extensively in his operas and sacred music, reflecting the classical tradition of interweaving independent melodic lines.",0.80,0.90,pending
antonio-salieri-1750,cantus-firmus,"He used cantus firmus techniques in his sacred compositions, building polyphonic textures around a fixed melody.",0.60,0.80,pending
antonio-salieri-1750,theme-and-variations,"Salieri composed works featuring theme and variations, a common classical form to showcase compositional creativity and virtuosity.",0.70,0.85,pending
antonio-salieri-1750,sonata-principle,"His instrumental works often followed the sonata principle, organizing movements with exposition, development, and recapitulation sections.",0.90,0.95,pending
antonio-salieri-1750,ostinato,"Salieri occasionally used ostinato patterns to provide rhythmic and harmonic foundation in his operatic and orchestral music.",0.40,0.70,pending
antonio-salieri-1750,leitmotif,"In his operas, Salieri sometimes employed leitmotifs to represent characters or ideas, anticipating later Romantic operatic techniques.",0.50,0.75,pending
wolfgang-amadeus-mozart-1756,counterpoint,"Mozart extensively used counterpoint, especially in his later works, to create intricate interweaving melodic lines.",0.80,1.00,pending
wolfgang-amadeus-mozart-1756,sonata-principle,"Mozart was a master of the sonata principle, structuring many of his symphonies, sonatas, and concertos around exposition, development, and recapitulation.",1.00,1.00,pending
wolfgang-amadeus-mozart-1756,theme-and-variations,"He frequently employed theme and variations form, showcasing his skill in elaborating and transforming melodic material.",0.70,1.00,pending
wolfgang-amadeus-mozart-1756,ostinato,"Mozart occasionally used ostinato patterns to provide rhythmic or harmonic foundation, notably in some operatic and instrumental works.",0.40,0.90,pending
wolfgang-amadeus-mozart-1756,ground-bass,"Mozart used ground bass patterns in certain compositions, such as variations and arias, to create a repeating harmonic foundation.",0.30,0.80,pending
wolfgang-amadeus-mozart-1756,cantus-firmus,"Mozart sometimes incorporated cantus firmus techniques, especially in sacred music, embedding a fixed melody within contrapuntal textures.",0.30,0.70,pending
luigi-cherubini-1760,counterpoint,"Cherubini was renowned for his mastery of counterpoint, employing intricate contrapuntal textures in his operas and sacred music.",0.90,1.00,pending
luigi-cherubini-1760,sonata-principle,"He frequently used the sonata principle in his instrumental works, structuring movements with exposition, development, and recapitulation.",0.80,1.00,pending
luigi-cherubini-1760,theme-and-variations,"Cherubini composed theme and variations, particularly in his chamber and orchestral music, showcasing his skill in variation technique.",0.60,0.90,pending
luigi-cherubini-1760,cantus-firmus,"He occasionally used cantus firmus technique in his sacred compositions, integrating pre-existing melodies as structural elements.",0.40,0.80,pending
luigi-cherubini-1760,modalism,"Modal elements appear in Cherubini's sacred music, reflecting the influence of earlier church modes in his harmonic language.",0.30,0.70,pending
ludwig-van-beethoven-1770,sonata-principle,"Beethoven extensively developed and transformed the sonata form, using it as a structural foundation in many of his symphonies, sonatas, and chamber works.",1.00,1.00,pending
ludwig-van-beethoven-1770,theme-and-variations,"He frequently employed theme and variations to explore melodic and harmonic development, as seen in works like the Diabelli Variations and many slow movements.",0.90,1.00,pending
ludwig-van-beethoven-1770,counterpoint,"Beethoven used counterpoint extensively, especially in his late string quartets and fugues, integrating complex contrapuntal textures into classical forms.",0.80,1.00,pending
ludwig-van-beethoven-1770,ostinato,"He used ostinato patterns to create rhythmic drive and tension, notably in works like the Fifth Symphony and the Hammerklavier Sonata.",0.60,0.90,pending
ludwig-van-beethoven-1770,ground-bass,"Beethoven occasionally used ground bass patterns as a structural device, for example in the slow movement of the Pathétique Sonata.",0.40,0.80,pending
ludwig-van-beethoven-1770,modalism,"While primarily tonal, Beethoven sometimes incorporated modal elements to add color and expressivity, especially in his early and folk-influenced works.",0.30,0.70,pending
ludwig-van-beethoven-1770,leitmotif,"Beethoven used recurring motifs to unify movements and entire works, such as the famous four-note motif in the Fifth Symphony acting as a unifying thematic idea.",0.70,1.00,pending
ludwig-van-beethoven-1770,polyrhythm,"He occasionally employed polyrhythmic textures to enhance rhythmic complexity and tension, particularly in his later works.",0.30,0.70,pending
fernando-sor-1778,counterpoint,"Fernando Sor employed counterpoint extensively in his guitar compositions, reflecting classical traditions and enhancing melodic interplay.",0.80,1.00,pending
fernando-sor-1778,theme-and-variations,"Sor frequently used theme and variations form, showcasing his skill in developing melodic material through variation.",0.70,1.00,pending
fernando-sor-1778,sonata-principle,"His larger works often follow sonata form principles, structuring movements with exposition, development, and recapitulation.",0.60,0.90,pending
fernando-sor-1778,ostinato,"Sor used ostinato patterns in accompaniment to create rhythmic and harmonic foundations in his guitar pieces.",0.50,0.80,pending
fernando-sor-1778,cantus-firmus,"Some of Sor's compositions incorporate cantus firmus techniques, embedding a fixed melody within contrapuntal textures.",0.40,0.70,pending
johann-nepomuk-hummel-1778,counterpoint,"Hummel extensively used counterpoint in his compositions, reflecting the classical tradition and his training under Mozart and Haydn.",0.80,1.00,pending
johann-nepomuk-hummel-1778,theme-and-variations,"He frequently employed theme and variations form, showcasing his skill in developing melodic material.",0.70,1.00,pending
johann-nepomuk-hummel-1778,sonata-principle,"Hummel's works often follow the sonata principle, with clear exposition, development, and recapitulation sections typical of the Classical era.",0.90,1.00,pending
johann-nepomuk-hummel-1778,ostinato,"He occasionally used ostinato patterns to provide rhythmic and harmonic foundation in his piano and chamber works.",0.40,0.80,pending
johann-nepomuk-hummel-1778,ground-bass,"Hummel utilized ground bass techniques in some compositions, continuing Baroque traditions into the Classical style.",0.30,0.70,pending
niccolo-paganini-1782,theme-and-variations,"Paganini frequently composed works based on theme and variations, showcasing virtuosic elaborations on simple melodies.",0.80,1.00,pending
niccolo-paganini-1782,ostinato,"He used repeated musical patterns or ostinatos, especially in his Caprices, to build tension and virtuosity.",0.60,0.90,pending
niccolo-paganini-1782,counterpoint,"Paganini incorporated contrapuntal textures in his compositions, demonstrating polyphonic interplay between voices.",0.50,0.80,pending
niccolo-paganini-1782,sonata-principle,"His larger works, such as violin concertos, often follow sonata form principles with exposition, development, and recapitulation.",0.70,0.90,pending
niccolo-paganini-1782,extended-techniques,"Paganini pioneered extended violin techniques like left-hand pizzicato and harmonics to expand expressive possibilities.",0.90,1.00,pending
john-field-1782,sonata-principle,"John Field composed piano sonatas that follow the classical sonata form structure, which was central to his compositional style.",0.80,0.90,pending
john-field-1782,theme-and-variations,"Field often used theme and variations in his piano works, elaborating melodic material with expressive variation.",0.60,0.80,pending
john-field-1782,ostinato,"He employed ostinato patterns in his nocturnes and other piano pieces to create a hypnotic, lyrical effect.",0.50,0.70,pending
john-field-1782,counterpoint,"Field incorporated counterpoint in his piano compositions, though less prominently than melody and harmony.",0.30,0.60,pending
john-field-1782,modalism,"Some of Field's melodic writing shows modal inflections, contributing to the lyrical and expressive character of his nocturnes.",0.40,0.60,pending
louis-spohr-1784,counterpoint,"Spohr extensively used counterpoint in his chamber music and symphonies, reflecting classical and early romantic compositional practices.",0.80,1.00,pending
louis-spohr-1784,theme-and-variations,"He frequently employed theme and variations form, especially in his violin works and orchestral compositions.",0.70,1.00,pending
louis-spohr-1784,sonata-principle,"Spohr's symphonies and chamber works often follow the sonata principle, with clear exposition, development, and recapitulation sections.",0.90,1.00,pending
louis-spohr-1784,ostinato,"Occasionally used ostinato patterns in his orchestral and chamber music to create rhythmic drive and thematic unity.",0.40,0.80,pending
louis-spohr-1784,cantus-firmus,"Spohr sometimes incorporated cantus firmus techniques, especially in his sacred music compositions.",0.30,0.70,pending
carl-maria-von-weber-1786,leitmotif,"Weber used recurring musical themes to represent characters or ideas, notably in his operas such as Der Freischütz.",0.80,0.90,pending
carl-maria-von-weber-1786,sonata-principle,"His instrumental works, including piano sonatas and symphonies, follow the classical sonata form structure with exposition, development, and recapitulation.",0.90,0.95,pending
carl-maria-von-weber-1786,counterpoint,"Weber employed contrapuntal techniques in his compositions, integrating independent melodic lines especially in his chamber and orchestral works.",0.60,0.85,pending
carl-maria-von-weber-1786,theme-and-variations,"He composed works based on theme and variations, showcasing his skill in developing melodic material through variation.",0.50,0.80,pending
carl-maria-von-weber-1786,ostinato,"Weber used repeated rhythmic or melodic patterns, particularly in his operatic and orchestral music to build tension and atmosphere.",0.40,0.75,pending
gioachino-rossini-1792,counterpoint,"Rossini employed counterpoint in his operatic ensembles and finales to create complex interweaving vocal lines.",0.70,0.90,pending
gioachino-rossini-1792,ostinato,"He used ostinato patterns in orchestral accompaniments to build rhythmic drive and momentum.",0.60,0.80,pending
gioachino-rossini-1792,theme-and-variations,"Rossini often developed themes through variations, especially in his instrumental works and overtures.",0.50,0.85,pending
gioachino-rossini-1792,sonata-principle,"His overtures and instrumental pieces frequently follow sonata form structures with exposition, development, and recapitulation.",0.60,0.90,pending
gioachino-rossini-1792,ground-bass,"Rossini occasionally used ground bass patterns as a foundation for vocal and instrumental passages.",0.30,0.70,pending
franz-berwald-1796,counterpoint,"Berwald employed counterpoint extensively in his symphonies and chamber works, reflecting classical traditions and his mastery of polyphonic textures.",0.80,0.90,pending
franz-berwald-1796,sonata-principle,"His symphonies and instrumental works often follow the sonata principle, with clear exposition, development, and recapitulation sections.",0.90,0.95,pending
franz-berwald-1796,theme-and-variations,"Berwald used theme and variations form in several chamber and orchestral pieces, showcasing his skill in developing melodic material.",0.60,0.80,pending
franz-berwald-1796,ostinato,"He occasionally used ostinato patterns to create rhythmic drive and structural coherence in his compositions.",0.40,0.70,pending
franz-berwald-1796,modalism,"Berwald incorporated modal elements in his harmonic language, blending classical tonality with modal inflections for expressive effect.",0.30,0.60,pending
franz-schubert-1797,counterpoint,"Schubert frequently employed counterpoint in his chamber music and vocal works to create intricate interweaving melodic lines.",0.70,1.00,pending
franz-schubert-1797,ostinato,"He used ostinato patterns in piano accompaniments and orchestral textures to provide rhythmic and harmonic foundation.",0.50,0.90,pending
franz-schubert-1797,theme-and-variations,"Schubert composed numerous theme and variations works, showcasing his skill in developing melodic material through variation.",0.80,1.00,pending
franz-schubert-1797,sonata-principle,"His instrumental works, especially sonatas, follow the sonata principle with exposition, development, and recapitulation sections.",0.90,1.00,pending
franz-schubert-1797,through-composed,"Many of Schubert's Lieder are through-composed, allowing the music to closely follow the narrative and emotional flow of the text.",0.80,1.00,pending
franz-schubert-1797,modalism,"Schubert occasionally used modal inflections in his melodies and harmonies, contributing to the unique color of his music.",0.30,0.80,pending
franz-schubert-1797,ground-bass,"He employed ground bass patterns in some works to create a repeating harmonic and rhythmic foundation.",0.40,0.70,pending
gaetano-donizetti-1797,counterpoint,"Donizetti employed counterpoint in his operatic ensembles and choral writing to create complex interweaving vocal lines.",0.60,0.90,pending
gaetano-donizetti-1797,ostinato,"He used ostinato patterns in orchestral accompaniments to build tension and support vocal melodies.",0.40,0.80,pending
gaetano-donizetti-1797,ground-bass,"Donizetti occasionally used ground bass patterns as a structural foundation in arias and instrumental sections.",0.30,0.70,pending
gaetano-donizetti-1797,theme-and-variations,"He applied theme and variations technique in instrumental works and some vocal pieces to develop melodic material.",0.30,0.70,pending
gaetano-donizetti-1797,sonata-principle,"Donizetti's instrumental compositions and overtures often follow sonata form principles, with exposition, development, and recapitulation.",0.50,0.85,pending
gaetano-donizetti-1797,leitmotif,"He used leitmotifs in his operas to represent characters or ideas, enhancing dramatic coherence.",0.50,0.80,pending
vincenzo-bellini-1801,bel-canto,"Bellini's compositions are characterized by long, flowing melodic lines typical of the bel canto style, emphasizing lyrical expressiveness.",1.00,1.00,pending
vincenzo-bellini-1801,counterpoint,"Bellini employed counterpoint in his operatic ensembles and finales to create complex interweaving vocal lines.",0.60,0.90,pending
vincenzo-bellini-1801,ostinato,"He occasionally used ostinato patterns in orchestral accompaniments to support vocal melodies and build tension.",0.40,0.80,pending
vincenzo-bellini-1801,theme-and-variations,"Bellini used theme and variations in some of his instrumental and vocal works to develop melodic material.",0.30,0.70,pending
vincenzo-bellini-1801,sonata-principle,"His overtures and instrumental sections often follow the sonata principle structure, with exposition, development, and recapitulation.",0.50,0.85,pending
hector-berlioz-1803,counterpoint,"Berlioz employed counterpoint to create complex textures and interplay between instrumental lines, especially in his symphonic works.",0.70,0.90,pending
hector-berlioz-1803,ostinato,"He used ostinato patterns to build tension and drive rhythmic momentum in pieces like the 'Symphonie fantastique'.",0.60,0.85,pending
hector-berlioz-1803,theme-and-variations,"Berlioz utilized theme and variations to develop musical ideas and showcase orchestral color and virtuosity.",0.50,0.80,pending
hector-berlioz-1803,sonata-principle,"His large-scale works often follow sonata form principles, structuring movements with exposition, development, and recapitulation.",0.60,0.85,pending
hector-berlioz-1803,leitmotif,"Berlioz pioneered the use of recurring themes or motifs to represent characters or ideas, notably in 'Symphonie fantastique'.",0.80,0.95,pending
hector-berlioz-1803,polyrhythm,"He occasionally used polyrhythms to enhance rhythmic complexity and dramatic effect in orchestral textures.",0.40,0.70,pending
mikhail-ivanovich-glinka-1804,modalism,"Glinka incorporated Russian folk modes and modal scales to evoke national character in his compositions.",0.80,0.90,pending
mikhail-ivanovich-glinka-1804,leitmotif,"He used recurring thematic material to represent characters or ideas, especially in his operas like 'Ruslan and Lyudmila'.",0.70,0.85,pending
mikhail-ivanovich-glinka-1804,counterpoint,"Glinka employed contrapuntal techniques to develop thematic material and create texture in his works.",0.60,0.80,pending
mikhail-ivanovich-glinka-1804,theme-and-variations,"He used theme and variations form to elaborate on folk melodies and original themes.",0.50,0.75,pending
mikhail-ivanovich-glinka-1804,sonata-principle,"Glinka structured many instrumental works using sonata form, reflecting classical compositional practices.",0.60,0.80,pending
felix-mendelssohn-1809,counterpoint,"Mendelssohn extensively used counterpoint, reflecting his deep study of Bach and Baroque traditions, especially in his fugues and choral works.",0.90,1.00,pending
felix-mendelssohn-1809,sonata-principle,"He frequently employed sonata form in his symphonies and chamber music, adhering to classical structural principles.",0.80,1.00,pending
felix-mendelssohn-1809,theme-and-variations,"Mendelssohn used theme and variations in several works, showcasing his skill in developing melodic material.",0.70,0.90,pending
felix-mendelssohn-1809,ostinato,"He occasionally used ostinato patterns to create rhythmic drive and texture, notably in some piano and orchestral pieces.",0.50,0.80,pending
felix-mendelssohn-1809,cantus-firmus,"Mendelssohn incorporated cantus firmus techniques in his sacred choral compositions, drawing on Renaissance and Baroque models.",0.40,0.70,pending
felix-mendelssohn-1809,modalism,"He sometimes employed modal harmonies and melodies, especially in his choral and vocal works, to evoke older musical styles.",0.30,0.70,pending
robert-schumann-1810,counterpoint,"Schumann extensively used counterpoint in his compositions, integrating multiple independent melodic lines to create rich textures.",0.80,1.00,pending
robert-schumann-1810,theme-and-variations,"He frequently employed theme and variations form, developing a main theme through successive alterations.",0.70,1.00,pending
robert-schumann-1810,sonata-principle,"Schumann's works often follow the sonata principle, structuring movements with exposition, development, and recapitulation.",0.70,1.00,pending
robert-schumann-1810,leitmotif,"He used leitmotifs to represent characters or ideas, especially in his programmatic and vocal music.",0.50,0.90,pending
robert-schumann-1810,ostinato,"Ostinato patterns appear in his piano and orchestral works, providing rhythmic or harmonic grounding.",0.40,0.80,pending
robert-schumann-1810,through-composed,"In many of his lieder, Schumann used through-composed structures to closely follow the text's narrative without repetition.",0.60,1.00,pending
robert-schumann-1810,modalism,"Schumann occasionally incorporated modal elements to evoke archaic or folk-like atmospheres.",0.30,0.70,pending
robert-schumann-1810,polyrhythm,"He sometimes used polyrhythms to create rhythmic complexity and tension in his piano works.",0.30,0.70,pending
frederic-chopin-1810,counterpoint,"Chopin employed counterpoint in his compositions, particularly in his fugues and complex polyphonic textures within his piano works.",0.60,0.90,pending
frederic-chopin-1810,ostinato,"He used ostinato patterns, especially in his nocturnes and preludes, to create rhythmic and harmonic foundations.",0.50,0.80,pending
frederic-chopin-1810,theme-and-variations,"Chopin composed works based on theme and variations, such as his Variations on 'Là ci darem la mano'.",0.70,0.95,pending
frederic-chopin-1810,sonata-principle,"He utilized the sonata principle in his larger-scale works like sonatas and ballades, structuring movements with exposition, development, and recapitulation.",0.70,0.90,pending
frederic-chopin-1810,ground-bass,"Chopin occasionally used ground bass patterns as a repeating bass line to underpin variations and other forms.",0.30,0.70,pending
franz-liszt-1811,theme-and-variations,"Liszt extensively used theme and variations form in his piano works and orchestral transcriptions to explore and develop musical ideas.",0.80,1.00,pending
franz-liszt-1811,sonata-principle,"Many of Liszt's large-scale works, including his sonata for piano, follow the sonata principle with exposition, development, and recapitulation sections.",0.70,1.00,pending
franz-liszt-1811,counterpoint,"Liszt employed counterpoint in his compositions, especially in his later works, to create complex textures and polyphonic interplay.",0.60,0.90,pending
franz-liszt-1811,ostinato,"He used ostinato patterns in piano accompaniments and orchestral parts to build rhythmic drive and tension.",0.50,0.80,pending
franz-liszt-1811,leitmotif,"Liszt pioneered the use of leitmotifs in his symphonic poems to represent characters or ideas, influencing later programmatic music.",0.70,0.95,pending
franz-liszt-1811,polyrhythm,"He occasionally incorporated polyrhythms to add rhythmic complexity and expressive nuance in his piano works.",0.40,0.70,pending
franz-liszt-1811,modalism,"Liszt experimented with modal scales and harmonies, especially in his later, more experimental compositions.",0.30,0.75,pending
giuseppe-verdi-1813,leitmotif,"Verdi used recurring musical themes to represent characters, ideas, or emotions, a hallmark of his operatic style.",0.90,1.00,pending
giuseppe-verdi-1813,counterpoint,"He employed contrapuntal writing to enrich texture and dramatic effect, especially in ensemble and choral sections.",0.70,0.90,pending
giuseppe-verdi-1813,ostinato,"Verdi used repeated musical patterns to build tension and drive dramatic moments forward.",0.60,0.80,pending
giuseppe-verdi-1813,theme-and-variations,"He developed themes through variation to enhance emotional expression and structural coherence in his works.",0.50,0.70,pending
giuseppe-verdi-1813,through-composed,"Many of Verdi's operas feature through-composed sections to maintain dramatic flow without strict repetition.",0.60,0.80,pending
giuseppe-verdi-1813,sonata-principle,"Verdi incorporated sonata form elements in overtures and instrumental passages to structure his music effectively.",0.40,0.70,pending
richard-wagner-1813,leitmotif,"Wagner extensively used leitmotifs to represent characters, ideas, and emotions, creating a complex web of recurring musical themes throughout his operas.",1.00,1.00,pending
richard-wagner-1813,counterpoint,"He employed counterpoint to weave multiple independent melodic lines, enriching the texture and dramatic expression of his music.",0.70,0.90,pending
richard-wagner-1813,through-composed,"Wagner favored through-composed structures in his operas, avoiding traditional forms to allow continuous musical and dramatic development.",0.80,1.00,pending
richard-wagner-1813,ostinato,"He used ostinato patterns to build tension and drive musical momentum, especially in orchestral passages.",0.50,0.80,pending
richard-wagner-1813,sonata-principle,"Elements of sonata principle appear in his earlier works and influence his thematic development, though often transformed to suit his dramatic aims.",0.40,0.70,pending
charles-gounod-1818,counterpoint,"Gounod employed counterpoint extensively in his sacred and operatic works, reflecting his classical training and the influence of earlier composers.",0.80,1.00,pending
charles-gounod-1818,cantus-firmus,"He used cantus firmus technique notably in his religious compositions, integrating pre-existing melodies as structural elements.",0.60,0.90,pending
charles-gounod-1818,theme-and-variations,"Gounod often developed themes through variations, especially in his instrumental and vocal works, showcasing melodic elaboration.",0.50,0.80,pending
charles-gounod-1818,sonata-principle,"His larger-scale works, including symphonies and chamber music, frequently adhered to sonata form principles for structural coherence.",0.70,0.90,pending
charles-gounod-1818,leitmotif,"In his operas, Gounod used leitmotifs to represent characters and ideas, enhancing dramatic expression.",0.60,0.85,pending
charles-gounod-1818,ostinato,"Ostinato patterns appear in some of his works to provide rhythmic and harmonic foundation, particularly in operatic and sacred music.",0.40,0.70,pending
jacques-offenbach-1819,leitmotif,"Offenbach frequently used recurring musical themes to represent characters or ideas in his operettas, enhancing dramatic coherence.",0.70,0.90,pending
jacques-offenbach-1819,counterpoint,"He employed counterpoint in ensemble numbers and finales to create intricate interweaving vocal lines typical of operetta style.",0.50,0.80,pending
jacques-offenbach-1819,ostinato,"Offenbach used repeated rhythmic or melodic patterns to drive dance numbers and comic effects in his works.",0.40,0.70,pending
jacques-offenbach-1819,theme-and-variations,"Some of his instrumental and vocal pieces develop themes through variations, showcasing melodic inventiveness.",0.30,0.60,pending
jacques-offenbach-1819,sonata-principle,"In his instrumental works and overtures, Offenbach occasionally used sonata form structures typical of classical tradition.",0.30,0.60,pending
cesar-franck-1822,counterpoint,"Franck extensively used contrapuntal techniques, especially in his organ and chamber works, to develop complex polyphonic textures.",0.90,1.00,pending
cesar-franck-1822,theme-and-variations,"He often employed theme and variations form, notably in his piano and chamber music, to explore thematic transformation.",0.70,0.90,pending
cesar-franck-1822,sonata-principle,"Franck's large-scale works frequently follow sonata form principles, with clear exposition, development, and recapitulation sections.",0.80,1.00,pending
cesar-franck-1822,cyclicism,"Though not listed explicitly, Franck is well-known for cyclic form, which relates to theme recurrence across movements, closely tied to sonata principle and thematic unity.",0.85,0.95,pending
cesar-franck-1822,modalism,"Franck incorporated modal harmonies and scales, blending traditional modes with Romantic chromaticism to enrich his harmonic language.",0.60,0.80,pending
cesar-franck-1822,ostinato,"He occasionally used ostinato patterns, especially in organ works, to create rhythmic and harmonic foundations.",0.50,0.70,pending
edouard-lalo-1823,counterpoint,"Lalo employed counterpoint extensively in his chamber and orchestral works, integrating multiple independent melodic lines.",0.70,0.90,pending
edouard-lalo-1823,theme-and-variations,"He used theme and variations form notably in works like his Symphonie Espagnole, showcasing his skill in developing melodic material.",0.60,0.85,pending
edouard-lalo-1823,sonata-principle,"Lalo structured many of his larger works, including symphonies and concertos, around the sonata principle, with clear exposition, development, and recapitulation sections.",0.80,0.90,pending
edouard-lalo-1823,modalism,"He occasionally incorporated modal elements, drawing on folk and Spanish influences to enrich his harmonic language.",0.40,0.70,pending
edouard-lalo-1823,ostinato,"Lalo used ostinato patterns to create rhythmic drive and thematic cohesion in some orchestral and chamber pieces.",0.30,0.60,pending
bedrich-smetana-1824,leitmotif,"Smetana used leitmotifs extensively in his operas, such as in 'The Bartered Bride', to represent characters and ideas.",0.80,1.00,pending
bedrich-smetana-1824,counterpoint,"He employed counterpoint in his chamber and orchestral works to develop thematic material and texture.",0.60,0.90,pending
bedrich-smetana-1824,ostinato,"Smetana used ostinato patterns in pieces like 'Má vlast' to create rhythmic drive and thematic unity.",0.70,0.90,pending
bedrich-smetana-1824,theme-and-variations,"He utilized theme and variations form in several works to explore melodic and harmonic development.",0.50,0.80,pending
bedrich-smetana-1824,sonata-principle,"Smetana's symphonic and chamber works often follow sonata form structures, reflecting classical traditions.",0.60,0.90,pending
bedrich-smetana-1824,modalism,"He incorporated modal elements derived from Czech folk music to evoke national character.",0.70,0.85,pending
anton-bruckner-1824,cantus-firmus,"Bruckner frequently used cantus firmus techniques, incorporating plainchant melodies as structural foundations in his symphonies and masses.",0.80,0.90,pending
anton-bruckner-1824,counterpoint,"His compositions are notable for their complex contrapuntal textures, reflecting his deep study of Baroque and Renaissance polyphony.",0.90,1.00,pending
anton-bruckner-1824,ostinato,"Bruckner often employed ostinato patterns to build tension and create structural coherence in his symphonic movements.",0.60,0.80,pending
anton-bruckner-1824,theme-and-variations,"He used theme and variations form in several works, developing motifs through extensive variation techniques.",0.50,0.70,pending
anton-bruckner-1824,sonata-principle,"Bruckner's symphonies typically follow the sonata principle, with clear exposition, development, and recapitulation sections.",0.90,1.00,pending
anton-bruckner-1824,modalism,"He incorporated modal harmonies derived from Gregorian chant, contributing to the archaic and spiritual character of his music.",0.70,0.85,pending
anton-bruckner-1824,leitmotif,"Bruckner used recurring motifs that function similarly to leitmotifs, providing thematic unity across large-scale works.",0.40,0.60,pending
anton-bruckner-1824,polyrhythm,"Some of Bruckner's later symphonies feature complex polyrhythmic passages, adding rhythmic complexity and drive.",0.30,0.60,pending
johann-strauss-jr-1825,ostinato,"Strauss Jr. frequently used repeating rhythmic and melodic patterns to create danceable and memorable waltz themes.",0.80,1.00,pending
johann-strauss-jr-1825,theme-and-variations,"He often developed his waltzes and polkas by varying a central theme throughout the piece.",0.70,0.90,pending
johann-strauss-jr-1825,counterpoint,"Strauss Jr. incorporated contrapuntal textures in his orchestral writing to enrich the harmonic and melodic interplay.",0.50,0.80,pending
johann-strauss-jr-1825,sonata-principle,"Some of his larger orchestral works follow sonata form structures, especially in introductions and finales.",0.40,0.70,pending
johann-strauss-jr-1825,leitmotif,"He occasionally used recurring motifs to represent characters or ideas, particularly in his operettas.",0.30,0.60,pending
karl-goldmark-1830,counterpoint,"Goldmark employed counterpoint extensively in his orchestral and chamber works, reflecting the influence of classical and romantic traditions.",0.80,0.90,pending
karl-goldmark-1830,sonata-principle,"His symphonies and concertos often follow the sonata principle, with clear exposition, development, and recapitulation sections.",0.90,0.95,pending
karl-goldmark-1830,leitmotif,"Goldmark used leitmotifs in his operas and programmatic works to represent characters or ideas, a technique common in late Romantic music.",0.60,0.80,pending
karl-goldmark-1830,theme-and-variations,"He composed works featuring theme and variations, showcasing his skill in developing melodic material.",0.50,0.70,pending
karl-goldmark-1830,ostinato,"Goldmark occasionally used ostinato patterns to build rhythmic drive and tension in his compositions.",0.40,0.60,pending
karl-goldmark-1830,modalism,"Some of his works incorporate modal elements, reflecting folk influences and adding color to his harmonic language.",0.30,0.60,pending
alexander-borodin-1833,counterpoint,"Borodin extensively used counterpoint in his chamber and orchestral works, reflecting his training and the influence of classical traditions.",0.80,1.00,pending
alexander-borodin-1833,sonata-principle,"His symphonies and string quartets follow the sonata principle in their formal structure, with clear exposition, development, and recapitulation sections.",0.90,1.00,pending
alexander-borodin-1833,modalism,"Borodin often employed modal scales and melodies inspired by Russian folk music, contributing to his distinctive nationalistic style.",0.70,0.90,pending
alexander-borodin-1833,ostinato,"He used ostinato patterns in orchestral textures to create rhythmic drive and thematic unity, notably in works like the Polovtsian Dances.",0.60,0.80,pending
alexander-borodin-1833,theme-and-variations,"Borodin employed theme and variations technique in several chamber works, showcasing his skill in melodic development and variation.",0.50,0.70,pending
johannes-brahms-1833,counterpoint,"Brahms extensively used counterpoint, drawing on Baroque traditions to create complex interweaving melodic lines.",0.90,1.00,pending
johannes-brahms-1833,theme-and-variations,"He frequently employed theme and variations form, showcasing his skill in developing and transforming musical ideas.",0.80,1.00,pending
johannes-brahms-1833,sonata-principle,"Brahms adhered to the sonata principle in many of his works, structuring movements with exposition, development, and recapitulation.",0.85,1.00,pending
johannes-brahms-1833,ostinato,"He used ostinato patterns to create rhythmic drive and structural coherence in several compositions.",0.60,0.90,pending
johannes-brahms-1833,ground-bass,"Brahms occasionally employed ground bass patterns as a foundation for variation and development.",0.50,0.80,pending
johannes-brahms-1833,modalism,"He incorporated modal elements to evoke archaic or folk-like atmospheres in some works.",0.40,0.70,pending
camille-saint-saens-1835,counterpoint,"Saint-Saëns employed counterpoint extensively in his compositions, reflecting his classical training and mastery of Baroque and Classical forms.",0.80,1.00,pending
camille-saint-saens-1835,theme-and-variations,"He frequently used theme and variations, notably in works like the 'Carnival of the Animals' and various piano pieces.",0.70,1.00,pending
camille-saint-saens-1835,sonata-principle,"Saint-Saëns often structured his larger works, such as symphonies and concertos, according to the sonata principle, following classical forms.",0.90,1.00,pending
camille-saint-saens-1835,ostinato,"He used ostinato patterns to create rhythmic drive and thematic cohesion in several compositions.",0.50,0.80,pending
camille-saint-saens-1835,leitmotif,"Saint-Saëns occasionally employed leitmotifs, especially in his operatic works, to represent characters or ideas.",0.40,0.70,pending
camille-saint-saens-1835,modalism,"He incorporated modal elements in some works to evoke exotic or ancient atmospheres, reflecting his interest in diverse musical traditions.",0.30,0.60,pending
cesar-cui-1835,counterpoint,"César Cui employed counterpoint extensively, reflecting his training and the influence of Russian and Western classical traditions in his compositions.",0.80,0.90,pending
cesar-cui-1835,leitmotif,"Cui used leitmotifs in his operas and programmatic works to represent characters and ideas, following the Russian nationalist style.",0.60,0.80,pending
cesar-cui-1835,modalism,"He incorporated modal techniques derived from Russian folk music, contributing to the nationalist character of his music.",0.70,0.85,pending
cesar-cui-1835,theme-and-variations,"Cui composed works using theme and variations form, a common classical technique evident in his chamber and piano music.",0.50,0.70,pending
cesar-cui-1835,sonata-principle,"His larger works often follow sonata form principles, reflecting the classical-romantic compositional structure.",0.60,0.75,pending
leo-delibes-1836,counterpoint,"Delibes employed counterpoint in his operas and ballets to create intricate vocal and instrumental textures.",0.70,0.90,pending
leo-delibes-1836,ostinato,"He frequently used ostinato patterns in his ballets to provide rhythmic drive and continuity.",0.60,0.85,pending
leo-delibes-1836,theme-and-variations,"Delibes utilized theme and variations in his orchestral and ballet works to develop melodic material.",0.50,0.80,pending
leo-delibes-1836,sonata-principle,"His larger works often follow the sonata principle in their formal structure, especially in overtures and symphonic pieces.",0.60,0.80,pending
leo-delibes-1836,leitmotif,"Delibes used leitmotifs in his operas and ballets to represent characters and ideas musically.",0.50,0.75,pending
leo-delibes-1836,modalism,"He occasionally incorporated modal elements to evoke exotic or folk-like atmospheres in his music.",0.40,0.70,pending
antonio-carlos-gomes-1836,leitmotif,"Antonio Carlos Gomes used leitmotifs to represent characters and ideas in his operas, following the Romantic tradition.",0.70,0.90,pending
antonio-carlos-gomes-1836,counterpoint,"His compositions often employed counterpoint, reflecting his classical training and the influence of Italian opera.",0.60,0.80,pending
antonio-carlos-gomes-1836,theme-and-variations,"Gomes used theme and variations in orchestral and operatic works to develop musical ideas.",0.50,0.70,pending
antonio-carlos-gomes-1836,sonata-principle,"His operas and instrumental works sometimes followed sonata form structures, typical of 19th-century composition.",0.40,0.70,pending
mily-balakirev-1837,modalism,"Balakirev extensively used modal scales and folk modes, drawing on Russian folk music traditions to create a distinctive nationalistic style.",0.90,1.00,pending
mily-balakirev-1837,counterpoint,"He employed counterpoint in his compositions, reflecting his deep study of classical forms and his role in the Russian nationalist movement.",0.70,0.90,pending
mily-balakirev-1837,ostinato,"Balakirev used ostinato patterns to build rhythmic and harmonic foundations, often inspired by folk dance rhythms.",0.60,0.80,pending
mily-balakirev-1837,theme-and-variations,"He composed works based on theme and variations, showcasing his skill in developing melodic material.",0.50,0.80,pending
mily-balakirev-1837,sonata-principle,"Balakirev utilized sonata form structures in his larger works, adhering to classical compositional principles while infusing them with Russian character.",0.60,0.90,pending
mily-balakirev-1837,leitmotif,"He occasionally used leitmotifs to represent characters or ideas, influenced by the operatic and programmatic trends of his time.",0.40,0.70,pending
georges-bizet-1838,counterpoint,"Bizet employed counterpoint in his operatic and orchestral works to create intricate interweaving melodic lines, enhancing texture and harmonic interest.",0.70,0.90,pending
georges-bizet-1838,ostinato,"He used ostinato patterns, particularly in orchestral and ballet music, to provide rhythmic drive and thematic cohesion.",0.60,0.80,pending
georges-bizet-1838,theme-and-variations,"Bizet utilized theme and variations form in several instrumental works, showcasing his skill in developing melodic material.",0.50,0.70,pending
georges-bizet-1838,sonata-principle,"His symphonic and chamber works often follow the sonata principle, structuring movements with exposition, development, and recapitulation.",0.60,0.85,pending
georges-bizet-1838,leitmotif,"In operas like Carmen, Bizet used leitmotifs to represent characters and ideas, aiding dramatic storytelling.",0.70,0.90,pending
georges-bizet-1838,modalism,"Bizet occasionally incorporated modal elements to evoke exotic or folk-like atmospheres, especially in Carmen.",0.40,0.75,pending
georges-bizet-1838,ground-bass,"He used ground bass patterns in some vocal and instrumental pieces to create a repeating harmonic foundation.",0.30,0.60,pending
max-bruch-1838,theme-and-variations,"Bruch frequently employed theme and variations form, notably in his Violin Concerto No. 1, showcasing his melodic development skills.",0.80,1.00,pending
max-bruch-1838,sonata-principle,"His works often follow classical sonata form structures, especially in his symphonies and concertos.",0.70,1.00,pending
max-bruch-1838,counterpoint,"Bruch used counterpoint to create textural complexity and interplay between instrumental lines, evident in his choral and orchestral works.",0.60,0.90,pending
max-bruch-1838,cantus-firmus,"He incorporated cantus firmus techniques in some choral and vocal compositions, drawing on earlier musical traditions.",0.40,0.80,pending
max-bruch-1838,ostinato,"Bruch occasionally used ostinato patterns to provide rhythmic and harmonic foundation, particularly in his orchestral writing.",0.30,0.70,pending
max-bruch-1838,modalism,"Elements of modal harmony appear in his folk-inspired melodies and themes, reflecting his interest in traditional music.",0.50,0.80,pending
modest-mussorgsky-1839,modalism,"Mussorgsky frequently employed modal scales and harmonies, drawing on Russian folk music and church modes to create a distinctive nationalistic sound.",0.80,0.95,pending
modest-mussorgsky-1839,leitmotif,"He used recurring thematic motifs to represent characters or ideas, notably in operas like Boris Godunov.",0.70,0.90,pending
modest-mussorgsky-1839,through-composed,"Many of Mussorgsky's vocal and programmatic works avoid traditional forms, favoring continuous development without repetition.",0.60,0.85,pending
modest-mussorgsky-1839,ostinato,"He used repeated rhythmic or melodic patterns to build tension and atmosphere, especially in piano works like 'Pictures at an Exhibition'.",0.50,0.80,pending
modest-mussorgsky-1839,counterpoint,"Mussorgsky incorporated contrapuntal textures in his choral and orchestral writing, though less formally than classical models.",0.40,0.70,pending
pyotr-ilyich-tchaikovsky-1840,leitmotif,"Tchaikovsky frequently used leitmotifs to represent characters and ideas, especially in his ballets and operas.",0.80,1.00,pending
pyotr-ilyich-tchaikovsky-1840,counterpoint,"He employed counterpoint to develop thematic material and create textural complexity in his symphonic and chamber works.",0.60,0.90,pending
pyotr-ilyich-tchaikovsky-1840,ostinato,"Tchaikovsky used ostinato patterns to build rhythmic drive and tension, notably in his ballets and symphonies.",0.50,0.90,pending
pyotr-ilyich-tchaikovsky-1840,theme-and-variations,"He composed works based on theme and variations form, showcasing his skill in melodic and harmonic development.",0.70,0.95,pending
pyotr-ilyich-tchaikovsky-1840,sonata-principle,"Tchaikovsky structured many of his large-scale works using sonata form, adhering to classical principles of exposition, development, and recapitulation.",0.80,1.00,pending
emmanuel-chabrier-1841,polyrhythm,"Chabrier often employed complex rhythmic layering and cross-rhythms in his piano and orchestral works, contributing to their lively and distinctive character.",0.70,0.90,pending
emmanuel-chabrier-1841,counterpoint,"He used contrapuntal textures in his compositions, blending melodic lines in a way that enriched harmonic and thematic development.",0.50,0.80,pending
emmanuel-chabrier-1841,ostinato,"Chabrier frequently utilized repeated rhythmic or melodic patterns to create momentum and cohesion in his pieces.",0.60,0.85,pending
emmanuel-chabrier-1841,theme-and-variations,"He composed works that developed themes through variations, showcasing his skill in melodic transformation and inventive orchestration.",0.40,0.70,pending
emmanuel-chabrier-1841,modalism,"Chabrier incorporated modal harmonies and scales, which added a distinctive color and folk-like quality to his music.",0.50,0.75,pending
emmanuel-chabrier-1841,sonata-principle,"His larger works often followed classical forms such as sonata form, structuring movements with exposition, development, and recapitulation.",0.40,0.70,pending
antonin-dvorak-1841,counterpoint,"Dvořák frequently employed counterpoint in his chamber and orchestral works, integrating multiple independent melodic lines to enrich texture.",0.80,1.00,pending
antonin-dvorak-1841,ostinato,"He used ostinato patterns to create rhythmic drive and thematic unity, especially in his symphonies and Slavonic Dances.",0.60,0.90,pending
antonin-dvorak-1841,theme-and-variations,"Dvořák composed works based on theme and variations, showcasing his skill in developing melodic material with inventive transformations.",0.70,1.00,pending
antonin-dvorak-1841,sonata-principle,"His symphonies and chamber works often follow the sonata principle, with clear exposition, development, and recapitulation sections.",0.90,1.00,pending
antonin-dvorak-1841,modalism,"Dvořák incorporated modal scales and folk modes inspired by Czech and Slavic folk music, enriching his harmonic language.",0.70,0.95,pending
antonin-dvorak-1841,leitmotif,"He occasionally used leitmotifs to represent characters or ideas, particularly in his operas and programmatic works.",0.40,0.80,pending
jules-massenet-1842,leitmotif,"Massenet frequently used leitmotifs in his operas to represent characters and ideas, enhancing dramatic coherence.",0.80,0.90,pending
jules-massenet-1842,theme-and-variations,"He employed theme and variations in orchestral and chamber works to develop melodic material with expressive nuance.",0.60,0.80,pending
jules-massenet-1842,sonata-principle,"Massenet used sonata form structures in his symphonic and chamber compositions, following classical formal principles.",0.50,0.70,pending
jules-massenet-1842,counterpoint,"His training and compositions show use of counterpoint to create texture and interplay between melodic lines.",0.40,0.70,pending
jules-massenet-1842,ostinato,"Massenet occasionally used ostinato patterns to build tension and rhythmic drive in orchestral and operatic music.",0.30,0.60,pending
edvard-grieg-1843,modalism,"Grieg frequently employed modal scales and folk modes to evoke Norwegian folk music traditions in his compositions.",0.80,1.00,pending
edvard-grieg-1843,leitmotif,"He used recurring thematic material to represent characters or ideas, notably in his incidental music for Peer Gynt.",0.70,0.90,pending
edvard-grieg-1843,counterpoint,"Grieg incorporated contrapuntal textures in his chamber and orchestral works, reflecting his classical training and Romantic style.",0.60,0.80,pending
edvard-grieg-1843,ostinato,"He often used repeated rhythmic or melodic patterns to create a driving or hypnotic effect, especially in piano works.",0.50,0.80,pending
edvard-grieg-1843,theme-and-variations,"Grieg composed works based on theme and variations form, showcasing his skill in developing melodic material.",0.40,0.70,pending
edvard-grieg-1843,sonata-principle,"His larger works, including sonatas and concertos, often follow sonata form structures typical of the Romantic era.",0.60,0.90,pending
nikolai-rimsky-korsakov-1844,leitmotif,"Rimsky-Korsakov frequently used leitmotifs to represent characters and ideas, especially in his operas and programmatic works.",0.80,0.90,pending
nikolai-rimsky-korsakov-1844,modalism,"He employed modal scales and folk modes extensively to evoke Russian folk music and exoticism in his compositions.",0.70,0.95,pending
nikolai-rimsky-korsakov-1844,counterpoint,"Rimsky-Korsakov used counterpoint to develop texture and complexity in orchestral and choral writing.",0.60,0.85,pending
nikolai-rimsky-korsakov-1844,ostinato,"He often used ostinato patterns to create rhythmic drive and atmosphere in orchestral works.",0.50,0.80,pending
nikolai-rimsky-korsakov-1844,theme-and-variations,"Rimsky-Korsakov employed theme and variations form in some instrumental works to explore melodic development.",0.40,0.70,pending
nikolai-rimsky-korsakov-1844,sonata-principle,"He used sonata form structures in symphonic and chamber works, adhering to classical formal principles.",0.50,0.75,pending
charles-marie-widor-1844,counterpoint,"Widor extensively used counterpoint in his organ symphonies, showcasing intricate interweaving of melodic lines typical of late Romantic organ music.",0.80,1.00,pending
charles-marie-widor-1844,theme-and-variations,"He employed theme and variations form in several movements, developing melodic material through variation techniques.",0.60,0.90,pending
charles-marie-widor-1844,sonata-principle,"Widor's symphonic organ works often follow sonata form structures, reflecting classical formal principles adapted to organ repertoire.",0.70,0.95,pending
charles-marie-widor-1844,ostinato,"He used ostinato patterns to create rhythmic drive and harmonic foundation in some of his organ compositions.",0.50,0.80,pending
charles-marie-widor-1844,modalism,"Widor occasionally incorporated modal elements, reflecting his grounding in church music traditions and Gregorian chant influences.",0.40,0.70,pending
gabriel-faure-1845,counterpoint,"Fauré employed counterpoint extensively in his chamber music and choral works, weaving independent melodic lines together with clarity and subtlety.",0.80,1.00,pending
gabriel-faure-1845,modalism,"He often used modal scales and modes, drawing on church modes to create a distinctive harmonic language that blends traditional tonality with modal inflections.",0.70,1.00,pending
gabriel-faure-1845,theme-and-variations,"Fauré composed works based on theme and variations, notably in his piano and chamber music, showcasing his skill in developing melodic material.",0.60,0.90,pending
gabriel-faure-1845,ostinato,"He used ostinato patterns in piano accompaniments and orchestral textures to create rhythmic and harmonic foundations in several compositions.",0.50,0.80,pending
gabriel-faure-1845,sonata-principle,"Fauré's larger works, such as his piano quartets and symphonic pieces, often follow sonata form principles, structuring movements with exposition, development, and recapitulation.",0.60,0.90,pending
vincent-dindy-1851,counterpoint,"Vincent d'Indy was deeply influenced by the classical tradition and used counterpoint extensively in his compositions, reflecting his study of earlier masters like Bach and Beethoven.",0.90,1.00,pending
vincent-dindy-1851,cantus-firmus,"He often employed cantus firmus techniques, drawing on medieval and Renaissance practices as part of his interest in historical musical forms.",0.70,0.90,pending
vincent-dindy-1851,modalism,"D'Indy incorporated modal techniques, reviving modes from Gregorian chant and early music to enrich his harmonic language.",0.80,0.95,pending
vincent-dindy-1851,sonata-principle,"His works frequently follow the sonata principle, structuring movements around exposition, development, and recapitulation.",0.85,1.00,pending
vincent-dindy-1851,theme-and-variations,"D'Indy used theme and variations as a formal technique to develop musical ideas within his compositions.",0.60,0.90,pending
vincent-dindy-1851,leitmotif,"He employed leitmotifs to represent characters or ideas, influenced by Wagnerian operatic techniques.",0.50,0.80,pending
engelbert-humperdinck-1854,leitmotif,"Humperdinck extensively used leitmotifs in his opera 'Hänsel und Gretel' to represent characters and ideas, following Wagnerian tradition.",0.90,1.00,pending
engelbert-humperdinck-1854,counterpoint,"He employed counterpoint in his orchestration and vocal writing, reflecting his solid training in traditional compositional methods.",0.70,0.90,pending
engelbert-humperdinck-1854,modalism,"Humperdinck incorporated modal elements, especially folk-like modes, to evoke a fairy-tale atmosphere in his music.",0.60,0.80,pending
engelbert-humperdinck-1854,theme-and-variations,"He used theme and variations technique in some instrumental and vocal works to develop melodic material.",0.50,0.70,pending
engelbert-humperdinck-1854,sonata-principle,"His larger works, including operas and orchestral pieces, often follow sonata form structures in their movements.",0.60,0.80,pending
engelbert-humperdinck-1854,ostinato,"Humperdinck used ostinato patterns to create rhythmic drive and atmosphere, particularly in orchestral accompaniments.",0.50,0.70,pending
leos-janacek-1854,modalism,"Janáček extensively used modal scales and folk modes, drawing on Moravian and Slavic folk music traditions to create distinctive melodic and harmonic language.",0.90,1.00,pending
leos-janacek-1854,leitmotif,"He employed recurring motifs to represent characters or ideas, especially in his operas, creating thematic unity and dramatic coherence.",0.80,1.00,pending
leos-janacek-1854,ostinato,"Janáček frequently used repeated rhythmic and melodic patterns to build tension and structure in his compositions.",0.70,0.90,pending
leos-janacek-1854,through-composed,"Many of his vocal works and operas avoid traditional forms, instead unfolding continuously without repetition of large sections.",0.70,0.90,pending
leos-janacek-1854,polyrhythm,"He incorporated complex rhythmic layering and cross-rhythms, reflecting speech patterns and folk dance rhythms.",0.60,0.80,pending
leos-janacek-1854,counterpoint,"Janáček used contrapuntal textures to develop thematic material and create intricate musical dialogues.",0.50,0.80,pending
ernest-chausson-1855,counterpoint,"Chausson employed counterpoint in his chamber and orchestral works, integrating multiple independent melodic lines to enrich texture.",0.70,0.90,pending
ernest-chausson-1855,sonata-principle,"He often structured his larger works, such as symphonies and sonatas, following the sonata principle with exposition, development, and recapitulation.",0.80,0.95,pending
ernest-chausson-1855,theme-and-variations,"Chausson used theme and variations technique notably in his piano and chamber music, elaborating on melodic material through variation.",0.60,0.85,pending
ernest-chausson-1855,modalism,"He incorporated modal harmonies and scales, reflecting influences from French impressionism and late Romanticism.",0.50,0.80,pending
ernest-chausson-1855,ostinato,"Ostinato patterns appear in some of his orchestral and chamber works, providing rhythmic and harmonic grounding.",0.40,0.70,pending
edward-elgar-1857,counterpoint,"Elgar frequently employed counterpoint to develop complex textures and interplay between instrumental lines, especially in his orchestral and choral works.",0.80,1.00,pending
edward-elgar-1857,theme-and-variations,"Elgar is well known for his use of theme and variations, notably in works like the Enigma Variations, where a central theme is transformed through multiple variations.",1.00,1.00,pending
edward-elgar-1857,sonata-principle,"Elgar's symphonies and concertos often follow the sonata principle, with clear exposition, development, and recapitulation sections.",0.90,1.00,pending
edward-elgar-1857,leitmotif,"Elgar used leitmotifs to represent characters or ideas, particularly in his oratorios and large-scale works, providing thematic unity.",0.70,0.90,pending
edward-elgar-1857,ostinato,"Elgar occasionally used ostinato patterns to build tension and rhythmic drive, especially in his orchestral writing.",0.50,0.80,pending
edward-elgar-1857,modalism,"Elgar sometimes incorporated modal elements to evoke a pastoral or archaic atmosphere, reflecting English folk influences.",0.40,0.70,pending
ruggero-leoncavallo-1857,leitmotif,"Leoncavallo used recurring musical themes to represent characters and ideas, a common practice in his operatic works such as 'Pagliacci'.",0.80,0.90,pending
ruggero-leoncavallo-1857,counterpoint,"He employed counterpoint in his vocal and orchestral writing to create texture and interplay between melodic lines.",0.50,0.70,pending
ruggero-leoncavallo-1857,ostinato,"Ostinato patterns appear in his compositions to provide rhythmic and harmonic foundation, especially in dramatic scenes.",0.40,0.60,pending
ruggero-leoncavallo-1857,theme-and-variations,"Leoncavallo occasionally used theme and variations form to develop musical ideas within his works.",0.30,0.50,pending
giacomo-puccini-1858,leitmotif,"Puccini frequently used leitmotifs to represent characters, emotions, and ideas, enhancing the dramatic narrative in his operas.",0.90,1.00,pending
giacomo-puccini-1858,ostinato,"He employed ostinato patterns in orchestral and vocal lines to build tension and create memorable musical textures.",0.70,0.90,pending
giacomo-puccini-1858,through-composed,"Puccini's operas often feature through-composed structures, avoiding strict repetition to maintain dramatic flow.",0.80,1.00,pending
giacomo-puccini-1858,counterpoint,"He used counterpoint to enrich the texture and interplay between vocal lines and orchestral parts, especially in ensemble scenes.",0.60,0.80,pending
giacomo-puccini-1858,theme-and-variations,"Puccini sometimes developed themes through variations to express evolving emotions and dramatic situations.",0.50,0.70,pending
giacomo-puccini-1858,modalism,"He occasionally incorporated modal elements to evoke exotic or folk atmospheres, particularly in operas like 'Turandot' and 'Madama Butterfly'.",0.40,0.70,pending
eugene-ysaye-1858,extended-techniques,"Ysaÿe employed advanced violin techniques such as double stops, harmonics, and unconventional bowing to expand expressive possibilities.",0.90,1.00,pending
eugene-ysaye-1858,counterpoint,"His compositions often feature intricate contrapuntal textures, reflecting his deep understanding of Baroque and classical traditions.",0.70,0.90,pending
eugene-ysaye-1858,theme-and-variations,"Ysaÿe used theme and variations form notably in his solo violin works, developing motifs through variation techniques.",0.60,0.80,pending
eugene-ysaye-1858,sonata-principle,"His larger works, including sonatas, follow the sonata principle structure with exposition, development, and recapitulation.",0.50,0.80,pending
eugene-ysaye-1858,modalism,"Ysaÿe incorporated modal scales and harmonies to evoke folk and early music influences in his compositions.",0.40,0.70,pending
victor-herbert-1859,counterpoint,"Victor Herbert employed counterpoint in his orchestral and operetta compositions to create intricate interweaving melodic lines.",0.70,0.90,pending
victor-herbert-1859,theme-and-variations,"Herbert often used theme and variations form in his instrumental works, showcasing his melodic inventiveness and compositional skill.",0.60,0.80,pending
victor-herbert-1859,sonata-principle,"His larger orchestral works and concert pieces frequently followed sonata form principles, reflecting classical structural traditions.",0.50,0.85,pending
victor-herbert-1859,leitmotif,"In his operettas, Herbert used leitmotifs to represent characters and ideas, enhancing dramatic coherence.",0.60,0.80,pending
victor-herbert-1859,ostinato,"Herbert incorporated ostinato patterns in his dance and operetta music to provide rhythmic drive and continuity.",0.50,0.75,pending
hugo-wolf-1860,through-composed,"Wolf's Lieder are often through-composed, avoiding repetitive forms to closely follow the text's emotional and narrative flow.",0.90,1.00,pending
hugo-wolf-1860,leitmotif,"He used leitmotifs in his songs to represent characters, emotions, or ideas, enhancing the dramatic and psychological depth.",0.70,0.90,pending
hugo-wolf-1860,modalism,"Wolf frequently employed modal harmonies and scales, drawing on folk and early music influences to enrich his harmonic language.",0.60,0.80,pending
hugo-wolf-1860,counterpoint,"His compositions often feature intricate counterpoint, especially in vocal lines and piano accompaniments, reflecting his deep study of Renaissance and Baroque music.",0.50,0.80,pending
edward-macdowell-1860,counterpoint,"MacDowell employed counterpoint in his compositions to create intricate interweaving melodic lines, reflecting his Romantic-era training and influences.",0.70,0.90,pending
edward-macdowell-1860,theme-and-variations,"He frequently used theme-and-variations form, developing melodic material through variations in texture, harmony, and rhythm.",0.80,0.95,pending
edward-macdowell-1860,sonata-principle,"MacDowell's larger works often follow sonata form principles, with clear exposition, development, and recapitulation sections.",0.70,0.90,pending
edward-macdowell-1860,ostinato,"He occasionally used ostinato patterns to provide rhythmic and harmonic foundation in his piano works.",0.50,0.80,pending
edward-macdowell-1860,modalism,"MacDowell incorporated modal elements to evoke folk-like or exotic atmospheres in some compositions.",0.40,0.70,pending
gustav-mahler-1860,counterpoint,"Mahler extensively used counterpoint to develop complex textures and interweaving melodic lines in his symphonies and songs.",0.90,1.00,pending
gustav-mahler-1860,leitmotif,"He employed leitmotifs to represent characters, ideas, or emotions, a technique inherited from Wagnerian opera.",0.80,1.00,pending
gustav-mahler-1860,theme-and-variations,"Mahler often used theme and variations to explore and transform musical ideas within movements.",0.70,1.00,pending
gustav-mahler-1860,sonata-principle,"His symphonic works frequently follow and expand upon the sonata principle, structuring movements with exposition, development, and recapitulation.",0.80,1.00,pending
gustav-mahler-1860,ostinato,"Mahler used ostinato patterns to create rhythmic drive and atmospheric effects in various orchestral passages.",0.60,0.90,pending
gustav-mahler-1860,polyrhythm,"He incorporated polyrhythms to add complexity and tension, especially in his later symphonies.",0.50,0.80,pending
gustav-mahler-1860,modalism,"Mahler occasionally used modal scales and harmonies to evoke folk elements and archaic atmospheres.",0.40,0.80,pending
gustav-mahler-1860,through-composed,"Many of Mahler's songs and some symphonic movements are through-composed, avoiding strict repetition to enhance narrative flow.",0.70,1.00,pending
isaac-albeniz-1860,counterpoint,"Albéniz employed counterpoint in his piano works to create intricate textures and interplay between melodic lines, reflecting his classical training and Spanish musical influences.",0.70,0.90,pending
isaac-albeniz-1860,ostinato,"He frequently used ostinato patterns to evoke Spanish folk rhythms and dance forms, providing rhythmic drive and a sense of place in his compositions.",0.80,0.95,pending
isaac-albeniz-1860,theme-and-variations,"Albéniz utilized theme and variations to develop Spanish musical themes, showcasing his ability to transform folk material within classical forms.",0.60,0.85,pending
isaac-albeniz-1860,modalism,"He incorporated modal scales and modes derived from Spanish folk music, enriching his harmonic language with modal colors distinct from traditional major/minor tonality.",0.70,0.90,pending
isaac-albeniz-1860,sonata-principle,"Albéniz structured many of his larger piano works using sonata form principles, blending classical forms with Spanish idioms.",0.50,0.80,pending
claude-debussy-1862,modalism,"Debussy frequently employed modal scales and modes to create a distinct harmonic language that diverged from traditional tonal harmony.",0.90,1.00,pending
claude-debussy-1862,ostinato,"He used repeated rhythmic and melodic patterns (ostinatos) to build texture and atmosphere in many of his piano and orchestral works.",0.70,0.90,pending
claude-debussy-1862,counterpoint,"Debussy incorporated counterpoint in his compositions, blending independent melodic lines to enrich harmonic and textural complexity.",0.60,0.80,pending
claude-debussy-1862,through-composed,"Many of Debussy's works avoid traditional forms and instead unfold continuously without repetition, exemplifying through-composed structure.",0.70,0.90,pending
claude-debussy-1862,theme-and-variations,"Debussy occasionally used theme and variations form, notably in piano works where he explores transformations of melodic material.",0.50,0.70,pending
claude-debussy-1862,polyrhythm,"He employed polyrhythms to create complex rhythmic textures and subtle shifts in pulse within his compositions.",0.50,0.70,pending
frederick-delius-1862,modalism,"Delius frequently employed modal scales and harmonies, drawing on folk and exotic influences to create his distinctive harmonic language.",0.80,0.90,pending
frederick-delius-1862,counterpoint,"He used counterpoint to weave complex textures and interlocking melodic lines, especially in his orchestral and choral works.",0.70,0.85,pending
frederick-delius-1862,ostinato,"Delius often used repeating patterns or ostinatos to build atmosphere and continuity in his music.",0.60,0.80,pending
frederick-delius-1862,through-composed,"Many of Delius's compositions avoid traditional forms, favoring continuous development without clear sectional repetition.",0.70,0.90,pending
frederick-delius-1862,theme-and-variations,"He occasionally used theme and variations to develop melodic material, though often in a subtle and integrated manner.",0.40,0.70,pending
pietro-mascagni-1863,leitmotif,"Mascagni used recurring musical themes to represent characters and ideas, especially in his operas like Cavalleria Rusticana.",0.80,0.90,pending
pietro-mascagni-1863,ostinato,"He employed repeated rhythmic and melodic patterns to build tension and drive dramatic effect in his operatic scores.",0.70,0.80,pending
pietro-mascagni-1863,through-composed,"Mascagni's operas often avoid strict repetition of sections, favoring continuous development of musical material to follow the drama.",0.60,0.70,pending
pietro-mascagni-1863,counterpoint,"He used contrapuntal techniques to enrich texture and interplay between vocal lines and orchestral parts.",0.50,0.70,pending
pietro-mascagni-1863,sonata-principle,"Mascagni incorporated sonata form structures in instrumental sections, reflecting classical formal principles within his late Romantic style.",0.40,0.60,pending
richard-strauss-1864,leitmotif,"Strauss extensively used leitmotifs to represent characters, ideas, and emotions, especially in his operas like Salome and Der Rosenkavalier.",0.90,1.00,pending
richard-strauss-1864,counterpoint,"He employed counterpoint to develop complex textures and interplay between instrumental lines, reflecting his mastery of late-Romantic orchestration.",0.70,0.90,pending
richard-strauss-1864,sonata-principle,"Strauss often structured his symphonic works and tone poems using sonata form principles, balancing thematic development and recapitulation.",0.80,0.95,pending
richard-strauss-1864,theme-and-variations,"He used theme and variations in works such as his orchestral and chamber music to explore thematic transformation and development.",0.60,0.85,pending
richard-strauss-1864,ostinato,"Strauss incorporated ostinato patterns to create rhythmic drive and tension, notably in tone poems like Ein Heldenleben.",0.50,0.80,pending
richard-strauss-1864,through-composed,"Many of Strauss's tone poems are through-composed, allowing continuous musical narrative without strict repetition.",0.70,0.90,pending
richard-strauss-1864,polyrhythm,"He occasionally used polyrhythms to add complexity and color to orchestral textures, enhancing dramatic effect.",0.40,0.70,pending
carl-nielsen-1865,counterpoint,"Carl Nielsen frequently employed counterpoint in his symphonies and chamber works to create complex interweaving melodic lines.",0.80,1.00,pending
carl-nielsen-1865,modalism,"Nielsen often used modal scales and modes, drawing on folk influences and creating a distinctive harmonic language.",0.70,1.00,pending
carl-nielsen-1865,polyrhythm,"He incorporated polyrhythmic structures to add rhythmic complexity and drive in his orchestral and chamber music.",0.60,0.90,pending
carl-nielsen-1865,theme-and-variations,"Nielsen used theme and variations form notably in works like his Wind Quintet, showcasing his skill in developing thematic material.",0.70,1.00,pending
carl-nielsen-1865,sonata-principle,"His symphonies and instrumental works often follow sonata form principles, structuring movements with exposition, development, and recapitulation.",0.80,1.00,pending
carl-nielsen-1865,ostinato,"Nielsen used ostinato patterns to build tension and momentum, especially in his later symphonic works.",0.50,0.80,pending
jean-sibelius-1865,modalism,"Sibelius frequently employed modal scales and modes derived from folk music traditions, contributing to his distinctive harmonic language.",0.80,1.00,pending
jean-sibelius-1865,counterpoint,"He used contrapuntal textures extensively, especially in his symphonies and chamber works, to develop thematic material and create complex polyphonic structures.",0.70,1.00,pending
jean-sibelius-1865,ostinato,"Sibelius often used repeated rhythmic or melodic patterns (ostinati) to build tension and drive momentum in his compositions.",0.60,0.90,pending
jean-sibelius-1865,theme-and-variations,"He employed theme and variations form in several works, elaborating on melodic material through variation techniques.",0.50,0.80,pending
jean-sibelius-1865,sonata-principle,"Sibelius utilized sonata form structures in his symphonies and other large-scale works, adhering to classical formal principles while innovating within them.",0.70,1.00,pending
jean-sibelius-1865,leitmotif,"He used recurring motifs associated with particular ideas or characters, especially in his tone poems and incidental music.",0.50,0.80,pending
paul-dukas-1865,counterpoint,"Dukas employed intricate counterpoint in his orchestral and chamber works, reflecting his rigorous training and the influence of earlier classical traditions.",0.70,0.90,pending
paul-dukas-1865,ostinato,"He frequently used ostinato patterns to build tension and structure, notably in works like 'The Sorcerer's Apprentice'.",0.60,0.85,pending
paul-dukas-1865,theme-and-variations,"Dukas composed pieces employing theme and variations form, showcasing his skill in developing melodic material.",0.50,0.80,pending
paul-dukas-1865,sonata-principle,"His larger works often follow sonata form principles, demonstrating classical structural influence.",0.60,0.85,pending
paul-dukas-1865,leitmotif,"Dukas used leitmotifs to represent characters or ideas, especially in his operatic and programmatic music.",0.40,0.70,pending
alexander-glazunov-1865,counterpoint,"Glazunov employed counterpoint extensively in his symphonic and chamber works, reflecting his grounding in classical traditions and his study under Rimsky-Korsakov.",0.80,0.90,pending
alexander-glazunov-1865,sonata-principle,"His compositions often follow the sonata principle, with clear exposition, development, and recapitulation sections, typical of late Romantic symphonic form.",0.90,0.95,pending
alexander-glazunov-1865,theme-and-variations,"Glazunov used theme and variations in several works, showcasing his skill in developing melodic material through variation techniques.",0.60,0.80,pending
alexander-glazunov-1865,ostinato,"He occasionally used ostinato patterns to build rhythmic momentum and texture in orchestral writing.",0.40,0.70,pending
alexander-glazunov-1865,modalism,"Glazunov incorporated modal elements derived from Russian folk music, blending modal scales with Romantic harmonic language.",0.50,0.75,pending
erik-satie-1866,minimalism,"Satie employed repetitive, simple motifs and sparse textures that anticipate minimalist aesthetics.",0.70,0.90,pending
erik-satie-1866,ostinato,"He frequently used repeating bass patterns and motifs as structural elements in his compositions.",0.60,0.85,pending
erik-satie-1866,modalism,"Satie often utilized modal scales and harmonies, diverging from traditional tonal harmony.",0.50,0.80,pending
erik-satie-1866,through-composed,"Many of his pieces avoid traditional forms and develop continuously without repetition of large sections.",0.40,0.70,pending
ferruccio-busoni-1866,counterpoint,"Busoni extensively employed counterpoint, drawing on his deep knowledge of Baroque and Renaissance polyphony, especially in his transcriptions and original compositions.",0.90,1.00,pending
ferruccio-busoni-1866,theme-and-variations,"He frequently used theme and variations form, notably in works like his 'Fantasia Contrappuntistica' which elaborates on a theme through complex variations.",0.80,1.00,pending
ferruccio-busoni-1866,sonata-principle,"Busoni composed works following the sonata principle, structuring movements with exposition, development, and recapitulation, reflecting classical forms.",0.70,0.90,pending
ferruccio-busoni-1866,modalism,"He incorporated modal techniques, blending traditional modes with late Romantic harmonic language to create unique tonal colors.",0.60,0.80,pending
ferruccio-busoni-1866,atonality,"Later in his career, Busoni experimented with atonality and free tonality, pushing harmonic boundaries beyond traditional tonal centers.",0.50,0.70,pending
ferruccio-busoni-1866,polyrhythm,"Busoni used polyrhythms to create complex rhythmic textures, especially in his piano works and transcriptions.",0.50,0.70,pending
enrique-granados-1867,counterpoint,"Granados employed counterpoint extensively in his piano works and chamber music, reflecting his grounding in classical traditions.",0.70,0.90,pending
enrique-granados-1867,ostinato,"He frequently used ostinato patterns to create rhythmic and harmonic foundations, especially in his Spanish-themed compositions.",0.60,0.80,pending
enrique-granados-1867,theme-and-variations,"Granados composed works based on theme and variations, showcasing his skill in developing melodic material.",0.50,0.85,pending
enrique-granados-1867,sonata-principle,"His larger piano works and chamber pieces often follow sonata form structures, adhering to classical formal principles.",0.60,0.90,pending
enrique-granados-1867,modalism,"Granados incorporated modal scales and modes to evoke Spanish folk music and create distinctive harmonic colors.",0.70,0.85,pending
enrique-granados-1867,leitmotif,"In his operatic and dramatic works, Granados used leitmotifs to represent characters and ideas, enhancing narrative coherence.",0.40,0.70,pending
scott-joplin-1868,ostinato,"Joplin frequently used repeating rhythmic and melodic patterns characteristic of ragtime music.",0.90,1.00,pending
scott-joplin-1868,theme-and-variations,"Many of Joplin's compositions develop a main theme with variations, a common practice in ragtime.",0.70,0.90,pending
scott-joplin-1868,counterpoint,"Joplin employed contrapuntal textures by interweaving multiple melodic lines, especially between the left and right hands.",0.60,0.80,pending
scott-joplin-1868,polyrhythm,"His music often features syncopated rhythms against steady bass patterns, creating layered rhythmic complexity.",0.70,0.90,pending
albert-roussel-1869,counterpoint,"Roussel employed counterpoint extensively, reflecting his grounding in classical forms and his interest in complex polyphonic textures.",0.80,0.90,pending
albert-roussel-1869,modalism,"He often used modal scales and modes, drawing on modal harmonies to evoke exotic and archaic atmospheres in his music.",0.70,0.85,pending
albert-roussel-1869,polyrhythm,"Roussel incorporated polyrhythms to create rhythmic complexity and drive, especially in his later works.",0.60,0.80,pending
albert-roussel-1869,sonata-principle,"His compositions frequently follow classical forms such as sonata form, demonstrating structured thematic development.",0.70,0.90,pending
albert-roussel-1869,ostinato,"Roussel used ostinato patterns to build tension and provide rhythmic propulsion in several orchestral and chamber works.",0.50,0.75,pending
albert-roussel-1869,theme-and-variations,"He employed theme and variations technique to explore melodic and harmonic transformations within his compositions.",0.50,0.70,pending
wilhelm-stenhammar-1871,counterpoint,"Stenhammar employed traditional contrapuntal techniques in his chamber and orchestral works, reflecting his grounding in late Romantic and early 20th-century compositional practices.",0.70,0.90,pending
wilhelm-stenhammar-1871,sonata-principle,"His symphonies and piano works often follow the sonata principle, with clear exposition, development, and recapitulation sections.",0.80,0.95,pending
wilhelm-stenhammar-1871,theme-and-variations,"Stenhammar used theme and variations form notably in his piano and orchestral compositions, showcasing his melodic and harmonic inventiveness.",0.60,0.85,pending
wilhelm-stenhammar-1871,modalism,"He incorporated modal elements in his harmonic language, drawing on Nordic folk influences and late Romantic modal tendencies.",0.50,0.80,pending
wilhelm-stenhammar-1871,ostinato,"Ostinato patterns appear in some of his works to create rhythmic drive and structural cohesion.",0.40,0.70,pending
alexander-von-zemlinsky-1871,atonality,"Zemlinsky incorporated atonal passages in his late works, reflecting the influence of the Second Viennese School and moving beyond traditional tonal harmony.",0.70,0.90,pending
alexander-von-zemlinsky-1871,counterpoint,"He employed contrapuntal writing extensively, demonstrating mastery of polyphonic textures rooted in late-Romantic and early modern traditions.",0.80,0.95,pending
alexander-von-zemlinsky-1871,leitmotif,"Zemlinsky used leitmotifs to unify his operatic and programmatic works, a technique inherited from Wagnerian influence.",0.60,0.85,pending
alexander-von-zemlinsky-1871,sonata-principle,"His compositions often follow the sonata principle, structuring movements with exposition, development, and recapitulation sections.",0.70,0.90,pending
alexander-von-zemlinsky-1871,modalism,"Zemlinsky occasionally used modal scales and harmonies, blending traditional modes with late-Romantic chromaticism.",0.40,0.70,pending
alexander-scriabin-1872,atonality,"Scriabin progressively moved towards atonality in his late works, abandoning traditional tonal centers to explore mystic and complex harmonic structures.",0.80,0.95,pending
alexander-scriabin-1872,polyrhythm,"He employed polyrhythms to create complex rhythmic textures, especially in his later piano compositions.",0.60,0.80,pending
alexander-scriabin-1872,counterpoint,"Scriabin used counterpoint in his earlier works, integrating multiple independent melodic lines within his compositions.",0.50,0.85,pending
alexander-scriabin-1872,theme-and-variations,"He utilized theme and variations form in several piano works, developing motifs through transformation and elaboration.",0.40,0.70,pending
alexander-scriabin-1872,sonata-principle,"Scriabin's early piano sonatas follow the sonata principle, employing exposition, development, and recapitulation structures.",0.50,0.90,pending
ralph-vaughan-williams-1872,modalism,"Vaughan Williams extensively used modal scales and modes derived from English folk music, which shaped his harmonic language and melodic style.",0.90,1.00,pending
ralph-vaughan-williams-1872,cantus-firmus,"He often incorporated cantus firmus techniques, drawing on early music traditions and plainchant as structural elements in his compositions.",0.70,0.90,pending
ralph-vaughan-williams-1872,counterpoint,"Counterpoint was a fundamental part of his compositional technique, reflecting his study of Renaissance and Baroque music.",0.80,1.00,pending
ralph-vaughan-williams-1872,ostinato,"Vaughan Williams used ostinato patterns to create rhythmic and harmonic foundations in several works, often inspired by folk dance rhythms.",0.60,0.80,pending
ralph-vaughan-williams-1872,theme-and-variations,"He employed theme and variations form in many compositions, developing folk melodies and original themes through variation techniques.",0.70,0.90,pending
ralph-vaughan-williams-1872,sonata-principle,"Vaughan Williams used sonata form structures in symphonies and chamber works, adapting classical forms with his modal and folk-influenced language.",0.60,0.85,pending
sergei-rachmaninoff-1873,counterpoint,"Rachmaninoff employed counterpoint extensively in his compositions, particularly in his fugues and complex polyphonic textures.",0.70,0.90,pending
sergei-rachmaninoff-1873,ostinato,"He frequently used ostinato patterns to create rhythmic drive and harmonic foundation in his works.",0.60,0.85,pending
sergei-rachmaninoff-1873,theme-and-variations,"Rachmaninoff often developed themes through variations, showcasing his melodic and harmonic inventiveness.",0.70,0.90,pending
sergei-rachmaninoff-1873,sonata-principle,"His large-scale works, including piano sonatas and symphonies, follow the sonata principle in their formal structure.",0.80,0.95,pending
sergei-rachmaninoff-1873,leitmotif,"Rachmaninoff used leitmotifs to represent characters or ideas, especially in his operas and programmatic works.",0.50,0.70,pending
sergei-rachmaninoff-1873,ground-bass,"He occasionally used ground bass patterns as a structural and harmonic basis in some compositions.",0.40,0.60,pending
sergei-rachmaninoff-1873,polyrhythm,"Rachmaninoff incorporated polyrhythms to add rhythmic complexity and texture in his piano and orchestral writing.",0.50,0.70,pending
max-reger-1873,counterpoint,"Max Reger extensively employed counterpoint, drawing on Baroque traditions and integrating complex contrapuntal textures in his compositions.",0.90,1.00,pending
max-reger-1873,theme-and-variations,"Reger frequently used theme and variations form, elaborating on melodic material with intricate harmonic and contrapuntal development.",0.70,0.90,pending
max-reger-1873,sonata-principle,"He often structured large-scale works according to sonata form principles, reflecting classical formal organization within a late-Romantic harmonic language.",0.60,0.90,pending
max-reger-1873,ostinato,"Reger used ostinato patterns to create rhythmic and harmonic foundations, especially in organ and piano works.",0.50,0.80,pending
max-reger-1873,modalism,"He incorporated modal elements, particularly in his choral and organ music, blending traditional modes with late-Romantic chromaticism.",0.40,0.70,pending
max-reger-1873,atonality,"While not fully atonal, Reger's harmonic language pushed tonality to its limits, employing dense chromaticism and ambiguous tonal centers.",0.30,0.80,pending
max-reger-1873,polyrhythm,"Reger occasionally used polyrhythms to enhance textural complexity and rhythmic interest in his compositions.",0.30,0.70,pending
franz-schmidt-1874,counterpoint,"Franz Schmidt extensively used counterpoint in his symphonic and chamber works, reflecting his grounding in late-Romantic compositional traditions.",0.80,0.90,pending
franz-schmidt-1874,theme-and-variations,"He employed theme and variations form notably in his orchestral and chamber music, showcasing his mastery of developmental techniques.",0.70,0.85,pending
franz-schmidt-1874,sonata-principle,"Schmidt's large-scale works often follow the sonata principle, structuring movements with exposition, development, and recapitulation.",0.75,0.90,pending
franz-schmidt-1874,modalism,"He occasionally incorporated modal elements to enrich harmonic language, blending late-Romantic tonality with modal inflections.",0.40,0.70,pending
franz-schmidt-1874,cantus-firmus,"Schmidt used cantus firmus techniques in some choral and orchestral works, reflecting his interest in earlier sacred music traditions.",0.30,0.60,pending
arnold-schoenberg-1874,serialism,"Schoenberg pioneered the twelve-tone technique, a form of serialism, organizing pitches in a fixed series to structure compositions.",1.00,1.00,pending
arnold-schoenberg-1874,atonality,"He was a key figure in the development of atonal music, composing works that avoid traditional tonal centers.",1.00,1.00,pending
arnold-schoenberg-1874,counterpoint,"Schoenberg employed counterpoint extensively, integrating traditional contrapuntal techniques within his modernist style.",0.70,1.00,pending
arnold-schoenberg-1874,leitmotif,"He used leitmotifs to provide thematic coherence and expressive depth, especially in his operatic and vocal works.",0.50,0.80,pending
arnold-schoenberg-1874,theme-and-variations,"Schoenberg composed works using theme and variations form, adapting classical structures to his harmonic language.",0.40,0.70,pending
josef-suk-1874,counterpoint,"Josef Suk employed counterpoint extensively, reflecting his grounding in the late Romantic tradition and his studies with Dvořák, using interweaving melodic lines to create rich textures.",0.80,0.90,pending
josef-suk-1874,theme-and-variations,"Suk often used theme and variations form, notably in works like his 'Pohádka' and other chamber pieces, developing motifs through variation techniques.",0.70,0.85,pending
josef-suk-1874,sonata-principle,"His symphonic and chamber works frequently follow the sonata principle, structuring movements with exposition, development, and recapitulation.",0.70,0.90,pending
josef-suk-1874,modalism,"Suk incorporated modal elements derived from Czech folk music and his nationalistic style, enriching his harmonic language beyond traditional major-minor tonality.",0.60,0.80,pending
josef-suk-1874,ostinato,"He used ostinato patterns in some orchestral and chamber works to build tension and rhythmic drive, a technique common in late Romantic and early 20th-century music.",0.50,0.70,pending
gustav-holst-1874,modalism,"Holst frequently employed modal scales and modes, especially in works like The Planets, to evoke ancient and folk-like atmospheres.",0.90,1.00,pending
gustav-holst-1874,ostinato,"He used repeating rhythmic and melodic patterns, notably in movements such as 'Mars' from The Planets, to create driving momentum.",0.80,1.00,pending
gustav-holst-1874,counterpoint,"Holst incorporated contrapuntal textures in his choral and orchestral works, reflecting his strong grounding in traditional compositional techniques.",0.70,0.90,pending
gustav-holst-1874,theme-and-variations,"He used theme and variations form in several works, developing melodic material through variation techniques.",0.60,0.80,pending
gustav-holst-1874,sonata-principle,"Holst employed sonata form structures in some of his larger orchestral works, adhering to classical formal principles.",0.50,0.70,pending
gustav-holst-1874,polyrhythm,"He occasionally used overlapping rhythmic patterns and complex meters, contributing to the rhythmic vitality of his music.",0.40,0.70,pending
charles-ives-1874,polytonality,"Ives frequently used multiple keys simultaneously to create complex harmonic textures and express multiple musical ideas at once.",0.90,1.00,pending
charles-ives-1874,polyrhythm,"He employed overlapping and contrasting rhythmic patterns to enhance rhythmic complexity and tension.",0.80,1.00,pending
charles-ives-1874,polymeter,"Ives often layered different meters simultaneously, contributing to the rhythmic complexity of his compositions.",0.70,0.90,pending
charles-ives-1874,counterpoint,"He used contrapuntal techniques to weave independent melodic lines together, reflecting his deep knowledge of traditional compositional methods.",0.70,1.00,pending
charles-ives-1874,aleatoric,"Ives incorporated elements of chance and performer choice in some works, allowing for variability in performance.",0.50,0.80,pending
charles-ives-1874,extended-techniques,"He sometimes used unconventional instrumental effects to expand the sonic palette of his music.",0.40,0.70,pending
charles-ives-1874,theme-and-variations,"Ives employed theme and variations form to develop musical ideas through transformation and elaboration.",0.60,0.90,pending
charles-ives-1874,modalism,"He used modal scales and harmonies alongside traditional tonal and atonal elements to create unique harmonic colors.",0.50,0.80,pending
maurice-ravel-1875,extended-techniques,"Ravel frequently employed extended instrumental techniques to explore new timbres and effects, especially in his orchestration.",0.80,1.00,pending
maurice-ravel-1875,polyrhythm,"He used polyrhythms to create complex rhythmic textures, notably in works like 'Boléro' and 'Daphnis et Chloé'.",0.70,0.90,pending
maurice-ravel-1875,counterpoint,"Ravel utilized counterpoint to develop intricate melodic interplay, reflecting his classical training and interest in Baroque forms.",0.60,0.95,pending
maurice-ravel-1875,ostinato,"Ostinato patterns are central in pieces like 'Boléro', where a repeating rhythmic and melodic figure drives the entire composition.",0.90,1.00,pending
maurice-ravel-1875,theme-and-variations,"Ravel composed works based on theme and variations, such as 'Le Tombeau de Couperin', showcasing his mastery of variation technique.",0.70,0.90,pending
maurice-ravel-1875,sonata-principle,"He employed sonata form structures in several piano and orchestral works, adhering to classical formal principles with modern harmonic language.",0.60,0.85,pending
maurice-ravel-1875,modalism,"Ravel incorporated modal scales and harmonies to evoke exotic and impressionistic atmospheres, evident in works like 'Shéhérazade'.",0.70,0.90,pending
maurice-ravel-1875,polytonality,"He occasionally used polytonality to create harmonic color and tension, as seen in some of his later works.",0.50,0.80,pending
reinhold-gliere-1875,counterpoint,"Glière employed traditional contrapuntal techniques in his orchestral and chamber works, reflecting his grounding in late Romantic and early 20th-century compositional practices.",0.80,0.90,pending
reinhold-gliere-1875,ostinato,"He frequently used ostinato patterns to build rhythmic and harmonic foundations, especially in his ballet and symphonic compositions.",0.60,0.80,pending
reinhold-gliere-1875,theme-and-variations,"Glière often structured movements or entire works around theme and variations, showcasing his classical influences and melodic development skills.",0.70,0.85,pending
reinhold-gliere-1875,sonata-principle,"His symphonic works typically follow the sonata principle, with clear exposition, development, and recapitulation sections.",0.90,0.95,pending
reinhold-gliere-1875,modalism,"Glière incorporated modal scales and harmonies, drawing on Russian folk music traditions to enrich his tonal palette.",0.50,0.80,pending
reinhold-gliere-1875,leitmotif,"In his ballets and programmatic works, Glière used leitmotifs to represent characters or ideas, aligning with late Romantic narrative techniques.",0.40,0.70,pending
manuel-de-falla-1876,modalism,"Manuel de Falla extensively used modal scales and modes derived from Spanish folk music to evoke traditional and regional colors in his compositions.",0.90,1.00,pending
manuel-de-falla-1876,ostinato,"He frequently employed ostinato patterns, especially rhythmic and melodic repetitions, to create hypnotic and dance-like effects in works such as 'El amor brujo'.",0.80,1.00,pending
manuel-de-falla-1876,counterpoint,"De Falla used counterpoint to develop textures and interplay between voices, reflecting his grounding in classical and baroque traditions.",0.60,0.90,pending
manuel-de-falla-1876,theme-and-variations,"He applied theme and variations technique in several works to explore and transform folk melodies and thematic material.",0.50,0.80,pending
manuel-de-falla-1876,ground-bass,"De Falla used ground bass patterns as a structural device, notably in pieces like 'El amor brujo', to anchor the harmonic and rhythmic framework.",0.50,0.80,pending
ernst-von-dohnanyi-1877,counterpoint,"Dohnányi extensively employed counterpoint in his compositions, reflecting his grounding in late-Romantic and classical traditions.",0.90,1.00,pending
ernst-von-dohnanyi-1877,theme-and-variations,"He frequently used theme and variations form, showcasing his skill in developing melodic material.",0.80,1.00,pending
ernst-von-dohnanyi-1877,sonata-principle,"Dohnányi's works often follow the sonata principle, adhering to classical structural frameworks in his symphonies and chamber music.",0.85,1.00,pending
ernst-von-dohnanyi-1877,modalism,"He incorporated modal elements influenced by Hungarian folk music, blending modal scales with late-Romantic harmonic language.",0.60,0.90,pending
ernst-von-dohnanyi-1877,ostinato,"Ostinato patterns appear in some of his piano and orchestral works, providing rhythmic and harmonic foundation.",0.50,0.80,pending
ottorino-respighi-1879,counterpoint,"Respighi employed counterpoint extensively, especially in his orchestral and chamber works, reflecting his grounding in classical traditions.",0.80,0.90,pending
ottorino-respighi-1879,modalism,"He often used modal scales and modes to evoke ancient or folk atmospheres, notably in his Roman trilogy.",0.70,0.85,pending
ottorino-respighi-1879,ostinato,"Respighi frequently used ostinato patterns to build rhythmic drive and texture in his orchestral compositions.",0.60,0.80,pending
ottorino-respighi-1879,theme-and-variations,"He utilized theme and variations form in several works, showcasing his skill in developing melodic material.",0.50,0.70,pending
ottorino-respighi-1879,sonata-principle,"Respighi's compositions often follow classical sonata principles in their formal structure, especially in his early works.",0.60,0.75,pending
ernest-bloch-1880,modalism,"Bloch frequently employed modal scales and modes to evoke ancient and Jewish musical traditions, which are central to his compositional voice.",0.80,0.90,pending
ernest-bloch-1880,counterpoint,"He used contrapuntal techniques extensively, reflecting his grounding in traditional European compositional methods.",0.70,0.85,pending
ernest-bloch-1880,theme-and-variations,"Bloch often structured movements or entire works around theme and variations, showcasing his classical influences.",0.60,0.80,pending
ernest-bloch-1880,sonata-principle,"His larger works frequently follow sonata form principles, demonstrating his adherence to classical structural frameworks.",0.60,0.80,pending
ernest-bloch-1880,ostinato,"Bloch used ostinato patterns to create rhythmic and harmonic foundations, especially in his more dramatic and evocative pieces.",0.50,0.70,pending
ernest-bloch-1880,atonality,"While not fully atonal, Bloch incorporated atonal passages and harmonic ambiguity to express tension and modernist elements.",0.40,0.70,pending
ernest-bloch-1880,polytonality,"He occasionally used polytonal harmonies to enrich texture and color, reflecting early 20th-century harmonic experimentation.",0.30,0.60,pending
bela-bartok-1881,modalism,"Bartók extensively used modes derived from folk music, integrating modal scales into his harmonic language.",0.90,1.00,pending
bela-bartok-1881,polyrhythm,"He frequently employed complex polyrhythms inspired by Eastern European folk rhythms.",0.80,1.00,pending
bela-bartok-1881,counterpoint,"Bartók used contrapuntal textures, often combining multiple independent melodic lines in his compositions.",0.70,1.00,pending
bela-bartok-1881,ostinato,"Repetitive rhythmic and melodic patterns (ostinati) are common in his works, providing structural and textural foundation.",0.70,1.00,pending
bela-bartok-1881,theme-and-variations,"Bartók employed theme and variations form in several works, elaborating folk themes through variation techniques.",0.60,0.90,pending
bela-bartok-1881,sonata-principle,"He used sonata form structures in his larger works, adapting classical forms with modern harmonic language.",0.60,0.90,pending
bela-bartok-1881,extended-techniques,"Bartók explored extended instrumental techniques, such as unusual bowing and percussive effects on string instruments.",0.50,0.80,pending
bela-bartok-1881,atonality,"While not fully atonal, Bartók incorporated atonal passages and dissonant harmonies as part of his modernist style.",0.50,0.80,pending
bela-bartok-1881,polytonality,"Bartók occasionally used polytonal harmonies, layering different tonal centers simultaneously.",0.40,0.70,pending
george-enescu-1881,counterpoint,"Enescu extensively used counterpoint in his compositions, reflecting his deep grounding in classical and baroque traditions.",0.80,1.00,pending
george-enescu-1881,sonata-principle,"Many of Enescu's works, including his symphonies and chamber music, follow the sonata principle in their formal structure.",0.70,1.00,pending
george-enescu-1881,modalism,"Enescu incorporated modal scales and modes derived from Romanian folk music, which influenced his harmonic language.",0.60,0.90,pending
george-enescu-1881,polyrhythm,"He used polyrhythms inspired by Romanian folk rhythms to create complex rhythmic textures.",0.50,0.80,pending
george-enescu-1881,theme-and-variations,"Enescu employed theme and variations form in several works, showcasing his skill in developing melodic material.",0.50,0.90,pending
george-enescu-1881,ostinato,"Ostinato patterns appear in his compositions, often to evoke folk dance rhythms and create rhythmic drive.",0.40,0.80,pending
igor-stravinsky-1882,polyrhythm,"Stravinsky frequently employed complex polyrhythms, especially in works like The Rite of Spring, to create rhythmic tension and drive.",0.90,1.00,pending
igor-stravinsky-1882,polytonality,"He used polytonality by layering different keys simultaneously, notably in works such as Petrushka.",0.80,1.00,pending
igor-stravinsky-1882,ostinato,"Ostinato patterns are a hallmark of his style, providing repetitive rhythmic and melodic cells, especially in early ballets.",0.85,1.00,pending
igor-stravinsky-1882,counterpoint,"Stravinsky incorporated counterpoint extensively, particularly in his neoclassical period, blending traditional contrapuntal techniques with modern harmonies.",0.70,1.00,pending
igor-stravinsky-1882,serialism,"In his later works, Stravinsky adopted serialism, applying twelve-tone techniques in compositions like Agon and Threni.",0.60,0.95,pending
igor-stravinsky-1882,modalism,"He often used modal scales and modes, especially in his early Russian period and neoclassical works, to evoke folk and archaic sounds.",0.70,1.00,pending
karol-szymanowski-1882,modalism,"Szymanowski extensively used modal scales and modes inspired by folk music and early music traditions, especially in his middle period works.",0.80,1.00,pending
karol-szymanowski-1882,polyrhythm,"He incorporated complex rhythmic structures and polyrhythms influenced by Eastern and Mediterranean music.",0.60,0.90,pending
karol-szymanowski-1882,counterpoint,"Szymanowski employed counterpoint in his chamber and vocal works, reflecting his grounding in traditional compositional techniques.",0.50,0.80,pending
karol-szymanowski-1882,ostinato,"Use of repeated rhythmic and melodic patterns (ostinato) is evident in several piano and orchestral pieces to create hypnotic effects.",0.50,0.80,pending
karol-szymanowski-1882,theme-and-variations,"He used theme and variations form in some works, showcasing his interest in classical forms blended with modern harmonic language.",0.40,0.70,pending
karol-szymanowski-1882,atonality,"Later works show increasing use of atonal harmonies and ambiguous tonal centers, though not fully serial or twelve-tone.",0.30,0.70,pending
percy-grainger-1882,folk-music-influence,"Grainger extensively incorporated folk melodies and modal scales from English, Scandinavian, and Australian folk music into his compositions, emphasizing modalism.",0.80,0.90,pending
percy-grainger-1882,modalism,"He used modal scales derived from folk traditions rather than traditional major/minor tonality, which was central to his harmonic language.",0.70,0.95,pending
percy-grainger-1882,counterpoint,"Grainger employed contrapuntal textures in his arrangements and original works, often layering folk melodies in polyphonic ways.",0.50,0.80,pending
percy-grainger-1882,ostinato,"He frequently used repeating rhythmic and melodic patterns (ostinati) to create rhythmic drive and texture in his pieces.",0.60,0.85,pending
percy-grainger-1882,theme-and-variations,"Grainger composed works based on folk themes that he developed through variations, showcasing his interest in thematic transformation.",0.50,0.80,pending
zoltan-kodaly-1882,modalism,"Kodály extensively used modal scales and folk modes inspired by Hungarian folk music, which formed a core part of his compositional language.",0.90,1.00,pending
zoltan-kodaly-1882,counterpoint,"He employed contrapuntal techniques influenced by Renaissance and Baroque music, integrating them with folk elements.",0.70,0.90,pending
zoltan-kodaly-1882,ostinato,"Kodály used ostinato patterns, often derived from folk rhythms, to create rhythmic drive and structural coherence.",0.60,0.80,pending
zoltan-kodaly-1882,theme-and-variations,"He frequently used theme and variations form, especially in works that explore folk melodies through developmental techniques.",0.50,0.80,pending
zoltan-kodaly-1882,cantus-firmus,"Kodály incorporated cantus firmus techniques, often using folk tunes as a fixed melodic line around which other parts are composed.",0.40,0.70,pending
zoltan-kodaly-1882,polyrhythm,"His music sometimes features complex rhythmic layering and polyrhythms inspired by traditional Hungarian and Eastern European folk music.",0.40,0.70,pending
edgard-varese-1883,atonality,"Varèse extensively used atonality to break away from traditional tonal centers and create new sound worlds.",0.90,1.00,pending
edgard-varese-1883,electronic,"He was a pioneer in incorporating electronic sounds and instruments into his compositions, notably in works like 'Poème électronique'.",0.80,1.00,pending
edgard-varese-1883,extended-techniques,"Varèse employed extended instrumental techniques to explore new timbres and sonic possibilities beyond conventional playing methods.",0.70,0.90,pending
edgard-varese-1883,polyrhythm,"He used complex polyrhythms to create intricate rhythmic textures and drive the momentum of his music.",0.60,0.80,pending
edgard-varese-1883,musique-concrete,"Varèse integrated musique concrète elements by manipulating recorded sounds and incorporating them into his electronic compositions.",0.50,0.70,pending
anton-webern-1883,serialism,"Webern was a key figure in the development of twelve-tone serialism, using strict tone rows to structure pitch material in his compositions.",1.00,1.00,pending
anton-webern-1883,atonality,"His early works and mature style are characterized by atonality, avoiding traditional tonal centers and harmonic functions.",0.90,1.00,pending
anton-webern-1883,counterpoint,"Webern employed intricate counterpoint, often in very concise and pointillistic textures, reflecting his deep study of earlier contrapuntal techniques.",0.70,0.90,pending
anton-webern-1883,through-composed,"Many of Webern's pieces are through-composed, avoiding repetition and traditional forms to create continuous development.",0.60,0.80,pending
anton-webern-1883,extended-techniques,"He occasionally used extended instrumental techniques to explore new timbres and sonorities within his concise works.",0.40,0.70,pending
arnold-bax-1883,modalism,"Arnold Bax frequently employed modal scales and modes to evoke a mystical and pastoral atmosphere in his music, reflecting Celtic and English folk influences.",0.80,0.90,pending
arnold-bax-1883,counterpoint,"Bax used contrapuntal textures to develop thematic material and create rich, interwoven lines characteristic of his orchestral and chamber works.",0.70,0.85,pending
arnold-bax-1883,leitmotif,"He often used recurring motifs to represent ideas or characters, especially in his tone poems and programmatic works.",0.60,0.80,pending
arnold-bax-1883,sonata-principle,"Bax's larger works frequently follow sonata form structures, organizing thematic development and recapitulation in a traditional manner.",0.70,0.85,pending
arnold-bax-1883,ostinato,"He occasionally used repeated rhythmic or melodic patterns to build tension and atmosphere in his compositions.",0.50,0.70,pending
arnold-bax-1883,theme-and-variations,"Bax composed works employing theme and variations to explore and transform melodic material with expressive depth.",0.50,0.70,pending
alban-berg-1885,serialism,"Berg was a key figure in the Second Viennese School and used twelve-tone serialism extensively, especially in works like the Lyric Suite and the Violin Concerto.",0.90,1.00,pending
alban-berg-1885,atonality,"Before fully adopting serialism, Berg composed atonal music, evident in early works such as the Three Orchestral Pieces and Wozzeck.",0.80,1.00,pending
alban-berg-1885,counterpoint,"Berg employed contrapuntal techniques within his serial and atonal frameworks, integrating traditional counterpoint with modern harmonic language.",0.70,0.90,pending
alban-berg-1885,leitmotif,"In operas like Wozzeck and Lulu, Berg used leitmotifs to represent characters and ideas, blending expressionist drama with motivic development.",0.60,0.90,pending
alban-berg-1885,polytonality,"Berg occasionally used polytonal effects, especially in his earlier works, to create harmonic tension and color.",0.40,0.70,pending
heitor-villa-lobos-1887,polyrhythm,"Villa-Lobos frequently incorporated complex rhythmic structures and overlapping rhythms inspired by Brazilian folk music.",0.80,0.90,pending
heitor-villa-lobos-1887,counterpoint,"He used contrapuntal textures extensively, blending European classical traditions with Brazilian elements.",0.70,0.85,pending
heitor-villa-lobos-1887,modalism,"Villa-Lobos often employed modal scales derived from Brazilian folk music and indigenous sources.",0.60,0.80,pending
heitor-villa-lobos-1887,ostinato,"Repetitive rhythmic and melodic patterns are common in his works, reflecting folk and popular music influences.",0.60,0.80,pending
heitor-villa-lobos-1887,theme-and-variations,"He used theme and variations form in several compositions, developing folk melodies through variation techniques.",0.50,0.70,pending
heitor-villa-lobos-1887,sonata-principle,"Villa-Lobos incorporated sonata form structures in his larger orchestral and chamber works, blending classical forms with Brazilian idioms.",0.50,0.70,pending
bohuslav-martinu-1890,counterpoint,"Martinů frequently employed contrapuntal textures, integrating multiple independent melodic lines in his compositions.",0.80,1.00,pending
bohuslav-martinu-1890,polyrhythm,"He often used complex rhythmic layering and polyrhythms, reflecting his interest in rhythmic vitality and folk influences.",0.70,0.90,pending
bohuslav-martinu-1890,modalism,"Martinů incorporated modal scales and modes derived from Czech folk music traditions in his harmonic language.",0.60,1.00,pending
bohuslav-martinu-1890,ostinato,"Repetitive ostinato patterns are a common feature in his works, providing rhythmic and harmonic drive.",0.60,0.90,pending
bohuslav-martinu-1890,sonata-principle,"He used sonata form structures in many of his larger works, adhering to classical formal principles with his own modern twist.",0.50,0.80,pending
bohuslav-martinu-1890,theme-and-variations,"Martinů composed works based on theme and variations, showcasing his skill in developing melodic material.",0.40,0.70,pending
bohuslav-martinu-1890,polytonality,"At times, Martinů explored polytonal harmonies, layering different tonal centers simultaneously.",0.30,0.60,pending
jacques-ibert-1890,counterpoint,"Ibert employed counterpoint in his orchestral and chamber works, reflecting his solid grounding in traditional compositional methods.",0.70,0.90,pending
jacques-ibert-1890,theme-and-variations,"He often used theme and variations form, notably in works like his 'Histoires' and other character pieces.",0.60,0.80,pending
jacques-ibert-1890,sonata-principle,"Ibert's larger works frequently follow classical sonata form structures, demonstrating his neoclassical tendencies.",0.70,0.85,pending
jacques-ibert-1890,modalism,"He incorporated modal elements to evoke color and atmosphere, blending traditional tonality with modal inflections.",0.50,0.70,pending
jacques-ibert-1890,polyrhythm,"Ibert occasionally used polyrhythms to add rhythmic complexity and vitality to his music.",0.40,0.60,pending
sergei-prokofiev-1891,polyrhythm,"Prokofiev frequently employed polyrhythms to create rhythmic complexity and drive in his compositions, especially in his piano works and ballets.",0.70,0.90,pending
sergei-prokofiev-1891,counterpoint,"He used counterpoint extensively, drawing on classical traditions to develop intricate textures and interplay between voices.",0.60,0.95,pending
sergei-prokofiev-1891,ostinato,"Ostinato patterns are a hallmark in many of Prokofiev's works, providing rhythmic and harmonic foundations, notably in his ballet scores.",0.60,0.90,pending
sergei-prokofiev-1891,theme-and-variations,"Prokofiev often used theme and variations form to explore melodic and harmonic development, as seen in works like his Classical Symphony.",0.50,0.85,pending
sergei-prokofiev-1891,sonata-principle,"He adhered to and innovated within the sonata principle, structuring many of his symphonies and sonatas around this classical form.",0.70,0.95,pending
sergei-prokofiev-1891,leitmotif,"Prokofiev used leitmotifs in his operas and ballets to represent characters and ideas, enhancing narrative coherence.",0.50,0.80,pending
sergei-prokofiev-1891,polytonality,"He occasionally employed polytonality to create harmonic tension and color, particularly in his early and modernist works.",0.40,0.70,pending
sergei-prokofiev-1891,atonality,"While not fully atonal, Prokofiev incorporated atonal passages and dissonances to expand his harmonic language.",0.30,0.75,pending
sergei-prokofiev-1891,extended-techniques,"Prokofiev used extended techniques in piano and orchestral writing to achieve novel sounds and effects, especially in his later works.",0.40,0.70,pending
darius-milhaud-1892,polytonality,"Milhaud was a pioneer of polytonality, frequently combining multiple keys simultaneously to create complex harmonic textures.",1.00,1.00,pending
darius-milhaud-1892,polyrhythm,"He often employed polyrhythms, layering different rhythmic patterns to enrich the rhythmic complexity of his compositions.",0.70,0.90,pending
darius-milhaud-1892,counterpoint,"Milhaud used counterpoint extensively, integrating multiple independent melodic lines in his works.",0.60,0.80,pending
darius-milhaud-1892,modalism,"He incorporated modal scales and modes, drawing on both ancient and non-Western musical traditions.",0.50,0.80,pending
darius-milhaud-1892,ostinato,"Milhaud frequently used ostinato patterns to provide rhythmic and harmonic foundations in his music.",0.50,0.70,pending
arthur-honegger-1892,polytonality,"Honegger frequently employed polytonality, combining multiple keys simultaneously to create rich harmonic textures, notably in works like 'Pacific 231'.",0.70,0.90,pending
arthur-honegger-1892,counterpoint,"He used counterpoint extensively, reflecting his classical training and the influence of Baroque and Renaissance music in his compositions.",0.60,0.85,pending
arthur-honegger-1892,ostinato,"Ostinato patterns are a hallmark in several of his orchestral works, providing rhythmic drive and structural cohesion.",0.60,0.80,pending
arthur-honegger-1892,sonata-principle,"Honegger often structured his larger works using sonata form principles, balancing thematic development and formal clarity.",0.50,0.80,pending
arthur-honegger-1892,leitmotif,"He employed leitmotifs to represent characters or ideas, especially in his dramatic and film music.",0.40,0.70,pending
arthur-honegger-1892,modalism,"Modal elements appear in his harmonic language, blending traditional tonality with modal scales for coloristic effect.",0.30,0.70,pending
ernest-moeran-1894,modalism,"Moeran frequently employed modal scales and harmonies, reflecting his interest in folk music and early music traditions.",0.80,0.90,pending
ernest-moeran-1894,counterpoint,"His compositions often feature contrapuntal textures, demonstrating his grounding in traditional compositional techniques.",0.70,0.85,pending
ernest-moeran-1894,theme-and-variations,"Moeran used theme and variations form in several works, showcasing his skill in developing melodic material.",0.60,0.80,pending
ernest-moeran-1894,sonata-principle,"His larger works, including symphonies and concertos, typically follow sonata form structures.",0.70,0.85,pending
ernest-moeran-1894,ostinato,"Moeran occasionally used ostinato patterns to create rhythmic and harmonic foundations in his music.",0.50,0.70,pending
carl-orff-1895,ostinato,"Orff frequently used repetitive rhythmic and melodic patterns as a structural foundation, especially evident in works like Carmina Burana.",0.90,1.00,pending
carl-orff-1895,modalism,"He employed modal scales and harmonies to evoke archaic and folk-like atmospheres in his compositions.",0.80,1.00,pending
carl-orff-1895,counterpoint,"Orff incorporated contrapuntal textures, often in a straightforward and rhythmically driven manner, reflecting his interest in early music.",0.60,0.90,pending
carl-orff-1895,leitmotif,"He used recurring thematic material to represent characters or ideas, particularly in his stage works.",0.50,0.80,pending
paul-hindemith-1895,counterpoint,"Hindemith extensively employed counterpoint, drawing on Baroque and Renaissance polyphonic traditions as a foundation for his compositions.",0.90,1.00,pending
paul-hindemith-1895,modalism,"He frequently used modal scales and modes, integrating modal techniques to create a distinct harmonic language that blends tonality and atonality.",0.80,1.00,pending
paul-hindemith-1895,polytonality,"Hindemith often explored polytonality, layering different tonal centers simultaneously to enrich harmonic texture.",0.60,0.90,pending
paul-hindemith-1895,atonality,"While not strictly atonal, Hindemith's harmonic language sometimes approached atonality, especially in his later works, moving beyond traditional tonal frameworks.",0.50,0.80,pending
paul-hindemith-1895,sonata-principle,"He utilized the sonata principle in structuring many of his works, adapting classical forms with modern harmonic and thematic development.",0.70,0.90,pending
paul-hindemith-1895,theme-and-variations,"Hindemith composed works based on theme and variations, showcasing his skill in developing motifs through variation techniques.",0.60,0.80,pending
paul-hindemith-1895,ostinato,"He employed ostinato patterns to create rhythmic and harmonic foundations in several compositions.",0.50,0.70,pending
paul-hindemith-1895,extended-techniques,"Hindemith occasionally used extended instrumental techniques to expand the expressive range of traditional instruments.",0.40,0.70,pending
howard-hanson-1896,counterpoint,"Hanson employed counterpoint extensively in his orchestral and choral works, reflecting his grounding in traditional compositional methods.",0.80,0.90,pending
howard-hanson-1896,theme-and-variations,"He often used theme and variations form to develop melodic material, showcasing his Romantic-influenced style.",0.70,0.85,pending
howard-hanson-1896,sonata-principle,"Hanson's symphonies and larger works frequently follow sonata form structures, adhering to classical formal principles.",0.75,0.90,pending
howard-hanson-1896,modalism,"He incorporated modal harmonies and melodies, blending traditional tonality with modal inflections to create a distinctive American sound.",0.60,0.80,pending
howard-hanson-1896,ostinato,"Ostinato patterns appear in some of his works to provide rhythmic and harmonic foundation, adding to the lyrical flow.",0.50,0.70,pending
francisco-mignone-1897,counterpoint,"Mignone employed counterpoint extensively, reflecting his grounding in classical and baroque traditions, especially in his chamber and vocal works.",0.70,0.90,pending
francisco-mignone-1897,modalism,"He incorporated modal techniques influenced by Brazilian folk music and early music modes, blending them with Romantic and nationalist elements.",0.60,0.80,pending
francisco-mignone-1897,polyrhythm,"Mignone used polyrhythms to evoke Brazilian rhythmic complexity, particularly in his nationalist and popular music-inspired compositions.",0.50,0.80,pending
francisco-mignone-1897,theme-and-variations,"He often structured works using theme and variations, showcasing his skill in developing melodic material with Brazilian character.",0.50,0.70,pending
francisco-mignone-1897,ostinato,"Ostinato patterns appear in his music to create rhythmic drive and to reflect popular Brazilian dance forms.",0.40,0.70,pending
erich-wolfgang-korngold-1897,leitmotif,"Korngold extensively used leitmotifs in his operas and film scores to represent characters and ideas, following the late-Romantic tradition.",0.90,1.00,pending
erich-wolfgang-korngold-1897,counterpoint,"He employed counterpoint in his orchestral and chamber works, reflecting his solid grounding in late-Romantic compositional techniques.",0.70,0.90,pending
erich-wolfgang-korngold-1897,sonata-principle,"Korngold's large-scale works often follow sonata form structures, typical of his era and style.",0.80,0.95,pending
erich-wolfgang-korngold-1897,theme-and-variations,"He used theme and variations technique in several compositions to develop musical ideas with variation and elaboration.",0.60,0.85,pending
erich-wolfgang-korngold-1897,ostinato,"Korngold occasionally used ostinato patterns to build tension and rhythmic drive in his film scores and concert works.",0.50,0.80,pending
george-gershwin-1898,polytonality,"Gershwin frequently combined different keys simultaneously, notably in works like 'Rhapsody in Blue,' blending jazz and classical elements.",0.80,0.90,pending
george-gershwin-1898,ostinato,"He used repeated rhythmic and melodic patterns, especially in jazz-influenced passages, to create driving momentum.",0.70,0.85,pending
george-gershwin-1898,counterpoint,"Gershwin employed contrapuntal textures in orchestral and piano works to enrich harmonic and melodic interplay.",0.60,0.80,pending
george-gershwin-1898,theme-and-variations,"He developed themes through variations, as seen in pieces like 'Variations on I Got Rhythm,' showcasing inventive reworkings.",0.70,0.90,pending
george-gershwin-1898,sonata-principle,"Gershwin structured several compositions using sonata form principles, integrating classical forms with popular idioms.",0.60,0.75,pending
roy-harris-1898,modalism,"Roy Harris frequently employed modal scales and modes to evoke a distinctly American sound and to move away from traditional major-minor tonality.",0.80,0.90,pending
roy-harris-1898,counterpoint,"Harris used contrapuntal textures extensively, integrating multiple independent melodic lines to enrich his orchestral and choral works.",0.70,0.85,pending
roy-harris-1898,sonata-principle,"Many of Harris's symphonic works follow the sonata principle, structuring movements around exposition, development, and recapitulation.",0.60,0.80,pending
roy-harris-1898,theme-and-variations,"Harris often used theme and variations form to develop musical ideas, particularly in his orchestral and chamber music.",0.50,0.75,pending
roy-harris-1898,ostinato,"He employed ostinato patterns to create rhythmic drive and cohesion in several compositions.",0.40,0.70,pending
francis-poulenc-1899,counterpoint,"Poulenc frequently employed counterpoint in his vocal and instrumental works, reflecting his grounding in traditional compositional methods.",0.70,0.90,pending
francis-poulenc-1899,modalism,"He often used modal scales and modes, drawing on early music influences and French folk traditions.",0.60,0.85,pending
francis-poulenc-1899,polytonality,"Poulenc occasionally used polytonality to create harmonic color and tension, characteristic of his neoclassical style.",0.40,0.70,pending
francis-poulenc-1899,ostinato,"Ostinato patterns appear in some of his piano and chamber works to provide rhythmic drive and structural coherence.",0.30,0.75,pending
francis-poulenc-1899,theme-and-variations,"He used theme and variations form in several compositions, showcasing his melodic inventiveness and formal clarity.",0.50,0.80,pending
carlos-chavez-1899,polyrhythm,"Carlos Chávez frequently employed complex polyrhythms to reflect indigenous Mexican musical influences and to create rhythmic vitality in his compositions.",0.80,0.90,pending
carlos-chavez-1899,counterpoint,"He used contrapuntal textures extensively, drawing on classical traditions while integrating modern harmonic language.",0.70,0.85,pending
carlos-chavez-1899,modalism,"Chávez often utilized modal scales inspired by Mexican folk music, contributing to the distinctive tonal color of his works.",0.75,0.90,pending
carlos-chavez-1899,polytonality,"He experimented with polytonal harmonies to enrich his harmonic palette and evoke a modernist aesthetic.",0.60,0.80,pending
carlos-chavez-1899,ostinato,"Ostinato patterns were a common device in Chávez's music, providing rhythmic and harmonic grounding.",0.65,0.85,pending
kurt-weill-1900,atonality,"Weill incorporated atonal elements in his early works, reflecting the influence of the Second Viennese School and modernist trends.",0.60,0.90,pending
kurt-weill-1900,polytonality,"He used polytonality to create complex harmonic textures, blending different tonal centers especially in his theatrical music.",0.50,0.80,pending
kurt-weill-1900,counterpoint,"Weill employed counterpoint to develop intricate interplay between vocal and instrumental lines, enhancing dramatic effect.",0.70,0.85,pending
kurt-weill-1900,ostinato,"Ostinato patterns were frequently used to provide rhythmic drive and structural cohesion in his compositions.",0.60,0.80,pending
kurt-weill-1900,leitmotif,"He used leitmotifs to represent characters and ideas, particularly in his stage works to unify the narrative musically.",0.70,0.90,pending
kurt-weill-1900,modalism,"Modal scales and harmonies appear in his music, contributing to a distinctive tonal color and evoking folk or popular styles.",0.40,0.70,pending
george-antheil-1900,prepared-piano,"Antheil famously used prepared piano techniques, notably in his Ballet Mécanique, where he altered the piano's sound by placing objects on or between the strings.",0.90,1.00,pending
george-antheil-1900,polyrhythm,"He employed complex polyrhythms, layering multiple rhythmic patterns simultaneously to create mechanical and percussive effects.",0.80,0.95,pending
george-antheil-1900,polytonality,"Antheil used polytonality to create dissonant and modern harmonic textures, contributing to the avant-garde character of his music.",0.60,0.90,pending
george-antheil-1900,atonality,"His works often feature atonal passages, moving away from traditional tonal centers to explore new harmonic languages.",0.70,0.85,pending
george-antheil-1900,electronic,"Antheil was an early experimenter with electronic instruments and sounds, integrating them into his compositions to expand timbral possibilities.",0.50,0.80,pending
aaron-copland-1900,ostinato,"Copland frequently used ostinato patterns to create rhythmic drive and texture, notably in works like Appalachian Spring.",0.70,0.90,pending
aaron-copland-1900,theme-and-variations,"He employed theme and variations form to develop melodic material, as seen in pieces such as the Piano Variations.",0.60,0.85,pending
aaron-copland-1900,sonata-principle,"Copland used sonata form structures in several orchestral works, organizing movements with exposition, development, and recapitulation.",0.50,0.80,pending
aaron-copland-1900,counterpoint,"He incorporated contrapuntal techniques to enrich texture and interplay between voices, especially in his chamber and orchestral music.",0.50,0.80,pending
aaron-copland-1900,modalism,"Copland often used modal scales and harmonies to evoke folk-like and open sonorities characteristic of his American style.",0.60,0.90,pending
aaron-copland-1900,polytonality,"He occasionally employed polytonality to create harmonic tension and color, particularly in his earlier works.",0.30,0.70,pending
joaquin-rodrigo-1901,counterpoint,"Rodrigo frequently employed counterpoint in his compositions, especially in his guitar works, to create intricate interweaving melodic lines.",0.70,0.90,pending
joaquin-rodrigo-1901,ostinato,"He used ostinato patterns to establish rhythmic and harmonic foundations, notably in pieces like 'Concierto de Aranjuez'.",0.60,0.85,pending
joaquin-rodrigo-1901,theme-and-variations,"Rodrigo often structured works around theme and variations, developing melodic material through variation techniques.",0.50,0.80,pending
joaquin-rodrigo-1901,modalism,"His music frequently incorporates modal scales and harmonies, reflecting Spanish folk influences and giving his music a distinctive tonal color.",0.80,0.95,pending
joaquin-rodrigo-1901,sonata-principle,"Rodrigo used sonata form structures in some of his larger works, organizing movements with exposition, development, and recapitulation.",0.40,0.70,pending
william-walton-1902,counterpoint,"Walton frequently employed counterpoint in his orchestral and choral works, showcasing his mastery of interweaving melodic lines.",0.80,0.90,pending
william-walton-1902,ostinato,"He used ostinato patterns to create rhythmic drive and tension, notably in works like 'Belshazzar's Feast'.",0.70,0.85,pending
william-walton-1902,theme-and-variations,"Walton composed theme and variations pieces, such as his 'Variations on a Theme by Hindemith', demonstrating his skill in variation technique.",0.60,0.80,pending
william-walton-1902,sonata-principle,"His symphonic works often follow sonata form structures, reflecting classical formal principles.",0.70,0.85,pending
william-walton-1902,modalism,"Walton incorporated modal harmonies and melodies, blending traditional and modern tonalities.",0.50,0.70,pending
william-walton-1902,polyrhythm,"He occasionally used polyrhythms to add complexity and rhythmic interest in his orchestral textures.",0.40,0.60,pending
maurice-durufle-1902,modalism,"Duruflé extensively used Gregorian chant modes and modal harmonies, reflecting his deep interest in plainsong and its modal characteristics.",0.90,1.00,pending
maurice-durufle-1902,cantus-firmus,"He often incorporated Gregorian chant melodies as cantus firmus in his compositions, notably in his Requiem and other sacred works.",0.80,1.00,pending
maurice-durufle-1902,counterpoint,"Duruflé employed traditional counterpoint techniques, blending chant-based melodies with polyphonic textures in a refined manner.",0.70,1.00,pending
maurice-durufle-1902,ostinato,"He used ostinato patterns to create rhythmic and harmonic foundations, especially in organ works and choral settings.",0.50,0.80,pending
maurice-durufle-1902,theme-and-variations,"Duruflé utilized theme and variations form in some of his works, elaborating on chant themes with variations in texture and harmony.",0.40,0.70,pending
aram-khachaturian-1903,ostinato,"Khachaturian frequently used repeating rhythmic and melodic patterns to create driving momentum and folk-inspired textures.",0.80,0.90,pending
aram-khachaturian-1903,modalism,"He incorporated modes derived from Armenian and Caucasian folk music, giving his works a distinctive modal flavor.",0.70,0.90,pending
aram-khachaturian-1903,polyrhythm,"Khachaturian often layered contrasting rhythmic patterns, reflecting folk dance influences and adding rhythmic complexity.",0.60,0.80,pending
aram-khachaturian-1903,theme-and-variations,"He used theme and variations form in several works to develop folk melodies and thematic material.",0.50,0.70,pending
aram-khachaturian-1903,sonata-principle,"Khachaturian employed sonata form structures in his symphonies and concertos, adhering to classical formal principles.",0.60,0.80,pending
aram-khachaturian-1903,counterpoint,"He used contrapuntal techniques to enrich texture and interplay between instrumental lines, though not as a primary focus.",0.40,0.70,pending
aram-khachaturian-1903,leitmotif,"Khachaturian occasionally used recurring motifs to represent characters or ideas, especially in his ballets and film scores.",0.40,0.60,pending
dmitry-kabalevsky-1904,counterpoint,"Kabalevsky employed traditional contrapuntal techniques in his compositions, reflecting his grounding in classical forms and Soviet-era compositional practices.",0.70,0.90,pending
dmitry-kabalevsky-1904,ostinato,"He frequently used ostinato patterns to create rhythmic drive and thematic unity in his works, especially in piano and orchestral pieces.",0.60,0.80,pending
dmitry-kabalevsky-1904,theme-and-variations,"Kabalevsky often structured movements or entire works around theme and variations, showcasing his classical influences and pedagogical aims.",0.70,0.85,pending
dmitry-kabalevsky-1904,sonata-principle,"He adhered to the sonata principle in many of his symphonies and chamber works, employing exposition, development, and recapitulation sections.",0.80,0.90,pending
dmitry-kabalevsky-1904,modalism,"Kabalevsky incorporated modal elements to evoke folk influences and to enrich harmonic language within a tonal framework.",0.50,0.70,pending
michael-tippett-1905,modalism,"Tippett frequently employed modal scales and modal harmony, drawing on early music and folk influences to create a distinctive tonal language.",0.80,1.00,pending
michael-tippett-1905,counterpoint,"He used intricate contrapuntal textures extensively, reflecting his interest in Renaissance and Baroque polyphony.",0.70,1.00,pending
michael-tippett-1905,polyrhythm,"Tippett incorporated complex rhythmic layering and polyrhythms to enhance the rhythmic vitality of his music.",0.60,0.90,pending
michael-tippett-1905,ostinato,"Repetitive rhythmic and melodic patterns (ostinati) are used in several works to build momentum and structure.",0.50,0.80,pending
michael-tippett-1905,theme-and-variations,"He employed theme and variations form in some compositions, showcasing his skill in developing material.",0.40,0.70,pending
michael-tippett-1905,atonality,"While largely tonal/modal, Tippett occasionally used atonal passages to create tension and contrast.",0.30,0.70,pending
dmitri-shostakovich-1906,counterpoint,"Shostakovich frequently employed counterpoint to create complex textures and interplay between musical lines, evident in many of his symphonies and chamber works.",0.80,1.00,pending
dmitri-shostakovich-1906,ostinato,"He used ostinato patterns to build tension and drive momentum, particularly in his symphonies and string quartets.",0.70,1.00,pending
dmitri-shostakovich-1906,theme-and-variations,"Shostakovich often structured movements or entire works around theme and variations, showcasing his skill in developing material.",0.60,1.00,pending
dmitri-shostakovich-1906,sonata-principle,"Many of his large-scale works, including symphonies and concertos, follow the sonata principle in their formal design.",0.70,1.00,pending
dmitri-shostakovich-1906,leitmotif,"He used recurring motifs to represent ideas or characters, especially in his operas and film music.",0.50,0.90,pending
dmitri-shostakovich-1906,polyrhythm,"Shostakovich incorporated polyrhythms to add rhythmic complexity and drive in his orchestral and chamber music.",0.50,0.80,pending
dmitri-shostakovich-1906,modalism,"He occasionally used modal scales and harmonies to evoke folk elements and create distinctive tonal colors.",0.40,0.80,pending
dmitri-shostakovich-1906,atonality,"While not strictly atonal, Shostakovich employed atonal passages and dissonances to express tension and ambiguity.",0.40,0.70,pending
dmitri-shostakovich-1906,extended-techniques,"He used extended instrumental techniques, such as col legno and sul ponticello in strings, to expand timbral possibilities.",0.30,0.70,pending
fernando-lopes-graca-1906,modalism,"Lopes-Graça extensively used modal techniques, drawing on Portuguese folk music modes to create a distinct national style.",0.90,1.00,pending
fernando-lopes-graca-1906,counterpoint,"He employed contrapuntal writing influenced by Renaissance and Baroque traditions, integrating it with modern harmonic language.",0.70,0.90,pending
fernando-lopes-graca-1906,ostinato,"Ostinato patterns appear in his works, often reflecting folk rhythms and contributing to the rhythmic drive.",0.60,0.80,pending
fernando-lopes-graca-1906,theme-and-variations,"He used theme and variations form to develop folk melodies and original themes in a structured manner.",0.50,0.70,pending
camargo-guarnieri-1907,modalism,"Guarnieri often employed modal scales and harmonies, reflecting Brazilian folk influences and creating a distinctive nationalistic sound.",0.80,0.90,pending
camargo-guarnieri-1907,counterpoint,"He used contrapuntal textures extensively, drawing on classical traditions to develop complex interweaving melodic lines.",0.70,0.85,pending
camargo-guarnieri-1907,ostinato,"Repetitive rhythmic and melodic patterns were frequently used to build momentum and structure in his compositions.",0.60,0.80,pending
camargo-guarnieri-1907,theme-and-variations,"Guarnieri composed works based on thematic development and variation, showcasing his skill in transforming melodic material.",0.50,0.75,pending
camargo-guarnieri-1907,sonata-principle,"His larger works often followed sonata form structures, reflecting his grounding in classical compositional techniques.",0.60,0.80,pending
olivier-messiaen-1908,polyrhythm,"Messiaen extensively used complex polyrhythms to create intricate temporal structures in his compositions.",0.90,1.00,pending
olivier-messiaen-1908,modalism,"He developed and employed unique modes of limited transposition, forming a core part of his harmonic language.",0.95,1.00,pending
olivier-messiaen-1908,counterpoint,"Messiaen used counterpoint to interweave melodic lines, often inspired by birdsong and religious themes.",0.70,0.90,pending
olivier-messiaen-1908,extended-techniques,"He incorporated extended instrumental techniques to evoke novel timbres and colors, especially in piano and wind instruments.",0.60,0.85,pending
olivier-messiaen-1908,aleatoric,"Messiaen occasionally used controlled aleatoric elements, allowing performers some freedom within strict parameters.",0.40,0.80,pending
olivier-messiaen-1908,ostinato,"Repetitive rhythmic and melodic patterns (ostinati) are frequently used to create hypnotic and meditative effects.",0.80,0.95,pending
elliott-carter-1908,polyrhythm,"Carter is renowned for his complex use of multiple simultaneous rhythms, creating intricate polyrhythmic textures throughout his works.",1.00,1.00,pending
elliott-carter-1908,polymeter,"He frequently employed polymeter, assigning different meters to different instruments to enhance rhythmic complexity.",0.90,1.00,pending
elliott-carter-1908,counterpoint,"Carter's compositions often feature sophisticated counterpoint, layering independent melodic lines with distinct rhythmic identities.",0.80,1.00,pending
elliott-carter-1908,atonality,"His harmonic language is largely atonal, avoiding traditional tonal centers to explore new harmonic possibilities.",0.70,1.00,pending
elliott-carter-1908,extended-techniques,"Carter incorporated extended instrumental techniques to expand the expressive range and timbral palette of his music.",0.60,0.90,pending
elliott-carter-1908,serialism,"While not strictly a serialist, Carter used serial techniques in some works to organize pitch material systematically.",0.50,0.80,pending
vagn-holmboe-1909,modalism,"Holmboe extensively used modal techniques, drawing on folk music and traditional modes to create a distinctive tonal language.",0.90,1.00,pending
vagn-holmboe-1909,counterpoint,"He employed contrapuntal writing as a fundamental structural element, often integrating complex polyphonic textures.",0.80,1.00,pending
vagn-holmboe-1909,theme-and-variations,"Holmboe frequently used theme and variations form to develop musical ideas organically throughout his compositions.",0.70,0.90,pending
vagn-holmboe-1909,ostinato,"Repetitive ostinato patterns are a common feature in his works, providing rhythmic and harmonic grounding.",0.60,0.80,pending
vagn-holmboe-1909,sonata-principle,"He often structured larger works around sonata principles, balancing thematic development and formal clarity.",0.50,0.70,pending
william-schuman-1910,counterpoint,"Schuman frequently employed contrapuntal textures, reflecting his grounding in traditional compositional methods and his interest in complex interweaving of melodic lines.",0.80,0.90,pending
william-schuman-1910,sonata-principle,"Many of Schuman's works follow classical forms such as sonata form, demonstrating his use of traditional structural principles in his compositions.",0.70,0.85,pending
william-schuman-1910,theme-and-variations,"Schuman often used theme and variations as a compositional technique to develop musical ideas across movements or sections.",0.60,0.80,pending
william-schuman-1910,polyrhythm,"He incorporated polyrhythmic elements to create rhythmic complexity and drive in his orchestral and chamber works.",0.50,0.70,pending
william-schuman-1910,atonality,"While not strictly serialist, Schuman's harmonic language often ventured into atonality, using dissonance and non-traditional tonal centers.",0.40,0.75,pending
william-schuman-1910,modalism,"Schuman occasionally employed modal scales and modal inflections, blending traditional tonality with modal elements for color and expression.",0.30,0.60,pending
samuel-barber-1910,counterpoint,"Barber frequently employed counterpoint in his vocal and instrumental works to create intricate textures and interplay between melodic lines.",0.70,0.90,pending
samuel-barber-1910,theme-and-variations,"He used theme and variations form notably in works like the 'Adagio for Strings' and his piano sonatas, developing material through variation.",0.60,0.85,pending
samuel-barber-1910,sonata-principle,"Barber's instrumental works often follow classical sonata form structures, reflecting his grounding in traditional compositional forms.",0.70,0.90,pending
samuel-barber-1910,ostinato,"He occasionally used ostinato patterns to build tension and rhythmic drive, especially in orchestral and chamber music.",0.40,0.70,pending
samuel-barber-1910,modalism,"Barber incorporated modal elements to enrich harmonic language and evoke particular moods, though within a largely tonal framework.",0.30,0.75,pending
john-cage-1912,prepared-piano,"John Cage pioneered the prepared piano, altering the instrument's sound by placing objects on or between the strings to create new timbres.",1.00,1.00,pending
john-cage-1912,aleatoric,"Cage employed aleatoric techniques, incorporating elements of chance and randomness in the performance and composition process.",0.90,1.00,pending
john-cage-1912,indeterminacy,"He extensively used indeterminacy, allowing performers freedom in interpretation and timing, notably in works like 'Music of Changes'.",0.90,1.00,pending
john-cage-1912,extended-techniques,"Cage used extended techniques on traditional instruments, exploring unconventional sounds and playing methods.",0.70,0.90,pending
john-cage-1912,electronic,"He incorporated electronic techniques in his compositions, experimenting with tape music and electronic sound sources.",0.50,0.80,pending
witold-lutoslawski-1913,aleatoric,"Lutosławski employed controlled aleatoric techniques, allowing performers limited freedom within specified parameters to create complex textures.",0.90,1.00,pending
witold-lutoslawski-1913,indeterminacy,"He used indeterminacy in rhythm and coordination between instrumental parts, especially in his later works.",0.70,0.90,pending
witold-lutoslawski-1913,extended-techniques,"Lutosławski incorporated extended instrumental techniques to expand the expressive capabilities of traditional instruments.",0.60,0.80,pending
witold-lutoslawski-1913,atonality,"His harmonic language often avoided traditional tonality, employing atonal structures without strict serialism.",0.80,1.00,pending
witold-lutoslawski-1913,polyrhythm,"He frequently used complex polyrhythms to create intricate rhythmic interplay and texture.",0.70,0.90,pending
witold-lutoslawski-1913,counterpoint,"Lutosławski's music often features sophisticated contrapuntal writing, blending independent lines with his harmonic language.",0.60,0.85,pending
witold-lutoslawski-1913,modalism,"He occasionally used modal scales and modes as a basis for melodic and harmonic material.",0.50,0.70,pending
benjamin-britten-1913,counterpoint,"Britten frequently employed counterpoint in his vocal and instrumental works, showcasing his mastery of interweaving independent melodic lines.",0.80,1.00,pending
benjamin-britten-1913,leitmotif,"He used leitmotifs extensively in his operas to represent characters and ideas, notably in works like Peter Grimes.",0.70,1.00,pending
benjamin-britten-1913,modalism,"Britten often incorporated modal scales and harmonies, drawing on medieval and folk influences to create distinctive tonal colors.",0.60,0.90,pending
benjamin-britten-1913,ostinato,"Ostinato patterns appear in many of his compositions, providing rhythmic and harmonic foundations, such as in the Sinfonia da Requiem.",0.50,0.90,pending
benjamin-britten-1913,theme-and-variations,"Britten used theme and variations form in several works, including his Variations on a Theme of Frank Bridge.",0.60,1.00,pending
benjamin-britten-1913,atonality,"While not strictly atonal, Britten incorporated atonal passages and dissonances to enhance dramatic tension in his operas and chamber music.",0.40,0.80,pending
morton-gould-1913,polyrhythm,"Morton Gould frequently incorporated complex rhythmic layering and polyrhythms in his compositions, blending classical and jazz elements.",0.70,0.90,pending
morton-gould-1913,counterpoint,"Gould used counterpoint extensively, reflecting his classical training and ability to weave multiple melodic lines.",0.60,0.85,pending
morton-gould-1913,ostinato,"He often employed ostinato patterns to create rhythmic drive and texture, especially in his orchestral and ballet works.",0.50,0.80,pending
morton-gould-1913,theme-and-variations,"Gould composed works based on theme and variations, showcasing his skill in developing melodic material.",0.40,0.75,pending
morton-gould-1913,sonata-principle,"His compositions sometimes followed sonata form structures, reflecting traditional classical forms within a modern context.",0.30,0.70,pending
milton-babbitt-1916,serialism,"Babbitt was a pioneer of total serialism, applying serial techniques to pitch, rhythm, dynamics, and timbre in his compositions.",1.00,1.00,pending
milton-babbitt-1916,electronic,"He extensively used electronic techniques, especially in his later works, integrating electronic sounds and tape music.",0.80,1.00,pending
milton-babbitt-1916,extended-techniques,"Babbitt employed extended instrumental techniques to expand the expressive possibilities of traditional instruments.",0.60,0.90,pending
milton-babbitt-1916,atonality,"His music is fundamentally atonal, avoiding traditional tonal centers and hierarchies.",0.90,1.00,pending
milton-babbitt-1916,counterpoint,"Babbitt used complex contrapuntal structures within his serial frameworks to create intricate textures.",0.70,0.90,pending
henri-dutilleux-1916,serialism,"Dutilleux employed serial techniques selectively, integrating twelve-tone rows within a largely tonal and modal framework to enrich harmonic language without strict adherence to serialism.",0.60,0.90,pending
henri-dutilleux-1916,extended-techniques,"He frequently used extended instrumental techniques to explore new timbres and colors, contributing to his distinctive sound world.",0.80,0.95,pending
henri-dutilleux-1916,counterpoint,"Counterpoint was a foundational element in his compositions, often used with modern harmonic and textural innovations.",0.70,0.90,pending
henri-dutilleux-1916,ostinato,"Dutilleux used ostinato patterns to create rhythmic and harmonic foundations that support evolving melodic lines.",0.50,0.85,pending
henri-dutilleux-1916,modalism,"Modal techniques appear throughout his works, providing a tonal alternative to strict major-minor tonality and serialism.",0.70,0.90,pending
henri-dutilleux-1916,atonality,"While not fully atonal, Dutilleux incorporated atonal passages and harmonic ambiguity to expand expressive possibilities.",0.50,0.80,pending
henri-dutilleux-1916,theme-and-variations,"He often employed theme and variations structures to develop material organically and cohesively.",0.60,0.85,pending
alberto-ginastera-1916,polyrhythm,"Ginastera frequently employed complex rhythmic structures and overlapping rhythms, reflecting indigenous Argentine influences.",0.80,0.90,pending
alberto-ginastera-1916,extended-techniques,"He used unconventional instrumental effects to evoke folk sounds and create novel timbres in his works.",0.70,0.85,pending
alberto-ginastera-1916,ostinato,"Repetitive rhythmic and melodic patterns are a hallmark in many of his compositions, grounding his music in folk traditions.",0.70,0.90,pending
alberto-ginastera-1916,modalism,"Ginastera incorporated modal scales derived from Argentine folk music, blending them with modern harmonic language.",0.60,0.85,pending
alberto-ginastera-1916,atonality,"In his later works, Ginastera explored atonal and more dissonant harmonic languages, moving away from traditional tonality.",0.50,0.80,pending
alberto-ginastera-1916,serialism,"During his later period, Ginastera adopted twelve-tone techniques, integrating serialism into his compositional style.",0.50,0.75,pending
leonard-bernstein-1918,leitmotif,"Bernstein frequently used leitmotifs in his musicals and symphonic works to represent characters and ideas, notably in West Side Story.",0.90,1.00,pending
leonard-bernstein-1918,counterpoint,"He employed counterpoint extensively, blending multiple melodic lines in his orchestral and theatrical compositions.",0.80,1.00,pending
leonard-bernstein-1918,polyrhythm,"Bernstein incorporated polyrhythms to create rhythmic complexity and drive, especially in jazz-influenced works.",0.70,0.90,pending
leonard-bernstein-1918,modalism,"He used modal scales and harmonies to evoke particular moods and styles, blending classical and jazz idioms.",0.60,0.90,pending
leonard-bernstein-1918,ostinato,"Ostinato patterns appear in his works to build tension and momentum, such as in the dance sequences of West Side Story.",0.70,0.90,pending
leonard-bernstein-1918,theme-and-variations,"Bernstein utilized theme and variations form in several orchestral and chamber works to develop musical ideas.",0.50,0.80,pending
leonard-bernstein-1918,atonality,"While primarily tonal, Bernstein occasionally employed atonal passages to express tension and modernist influences.",0.30,0.70,pending
astor-piazzolla-1921,counterpoint,"Piazzolla integrated counterpoint to enrich tango textures and create complex interweaving melodic lines.",0.70,0.90,pending
astor-piazzolla-1921,ostinato,"He frequently used ostinato patterns to establish rhythmic drive and hypnotic grooves characteristic of nuevo tango.",0.80,0.95,pending
astor-piazzolla-1921,polyrhythm,"Piazzolla incorporated polyrhythms to add rhythmic complexity and tension within his tango compositions.",0.60,0.80,pending
astor-piazzolla-1921,theme-and-variations,"He often employed theme and variations to develop melodic material and explore different emotional states.",0.50,0.85,pending
astor-piazzolla-1921,modalism,"Modal techniques appear in his harmonic language, blending traditional tango with jazz and classical influences.",0.40,0.70,pending
malcolm-arnold-1921,counterpoint,"Arnold frequently employed contrapuntal textures in his orchestral and chamber works, reflecting his solid classical training and interest in clear polyphonic lines.",0.70,0.90,pending
malcolm-arnold-1921,ostinato,"He often used ostinato patterns to create rhythmic drive and momentum, notably in his film scores and symphonies.",0.60,0.85,pending
malcolm-arnold-1921,theme-and-variations,"Arnold utilized theme and variations form in several works, showcasing his skill in developing melodic material through variation.",0.50,0.80,pending
malcolm-arnold-1921,sonata-principle,"Many of Arnold's larger works, including symphonies, follow sonata form principles, demonstrating his grounding in traditional classical structures.",0.60,0.90,pending
malcolm-arnold-1921,modalism,"Arnold occasionally incorporated modal scales and harmonies, adding a distinctive tonal color to his music beyond standard major/minor tonality.",0.40,0.70,pending
malcolm-arnold-1921,polyrhythm,"He used polyrhythmic layering to enhance rhythmic complexity and texture, especially in his more energetic and rhythmically driven pieces.",0.30,0.75,pending
iannis-xenakis-1922,serialism,"Xenakis employed serial techniques in his early works, organizing pitch and other parameters systematically.",0.60,0.90,pending
iannis-xenakis-1922,aleatoric,"He used controlled chance operations to introduce stochastic elements in his compositions.",0.80,1.00,pending
iannis-xenakis-1922,indeterminacy,"Xenakis incorporated indeterminate elements, allowing performers some freedom within structured frameworks.",0.70,0.85,pending
iannis-xenakis-1922,extended-techniques,"He frequently used extended instrumental techniques to explore new timbral possibilities.",0.70,0.90,pending
iannis-xenakis-1922,electronic,"Xenakis integrated electronic sounds and techniques, especially in his electroacoustic works.",0.50,0.80,pending
iannis-xenakis-1922,microtonality,"He explored microtonal intervals to expand the pitch vocabulary beyond traditional Western tuning.",0.40,0.70,pending
iannis-xenakis-1922,polyrhythm,"Complex rhythmic layering and polyrhythms are central to his textural and structural approach.",0.80,0.95,pending
iannis-xenakis-1922,polymeter,"Xenakis often used multiple simultaneous meters to create intricate rhythmic structures.",0.70,0.90,pending
iannis-xenakis-1922,atonality,"His harmonic language is largely atonal, avoiding traditional tonal centers.",0.90,1.00,pending
ned-rorem-1923,counterpoint,"Ned Rorem frequently employed counterpoint in his vocal and instrumental works to create intricate interweaving melodic lines.",0.70,0.90,pending
ned-rorem-1923,theme-and-variations,"Rorem often used theme and variations form, especially in his piano and chamber music, to develop melodic material expressively.",0.60,0.80,pending
ned-rorem-1923,through-composed,"Many of Rorem's art songs are through-composed, allowing the music to closely follow the text without repetitive formal sections.",0.80,0.90,pending
ned-rorem-1923,modalism,"Rorem incorporated modal elements in his harmonic language, blending traditional tonality with modal inflections for color and nuance.",0.50,0.70,pending
ned-rorem-1923,atonality,"While primarily tonal, Rorem occasionally used atonal passages to heighten emotional intensity or create contrast.",0.30,0.60,pending
gyorgy-ligeti-1923,micrtonality,"Ligeti explored microtonal intervals in works like 'Apparitions' and 'Atmosphères' to create novel harmonic textures.",0.70,0.90,pending
gyorgy-ligeti-1923,polyrhythm,"He frequently used complex polyrhythms, especially in his piano études and orchestral works, to create intricate rhythmic layers.",0.80,1.00,pending
gyorgy-ligeti-1923,polymeter,"Ligeti employed polymetric structures to generate shifting rhythmic patterns and textures, notably in his later piano works.",0.70,0.90,pending
gyorgy-ligeti-1923,extended-techniques,"He used extended instrumental techniques to expand timbral possibilities, such as unconventional string and wind effects.",0.60,0.80,pending
gyorgy-ligeti-1923,aleatoric,"Ligeti incorporated controlled aleatoric elements, allowing performers some freedom within structured frameworks, as seen in 'Atmosphères'.",0.50,0.80,pending
gyorgy-ligeti-1923,atonality,"Much of Ligeti's music is atonal, avoiding traditional tonal centers to explore new harmonic languages.",0.90,1.00,pending
gyorgy-ligeti-1923,counterpoint,"Ligeti used complex contrapuntal textures, often in dense canonic or fugue-like structures, especially in his early and middle periods.",0.70,0.90,pending
gyorgy-ligeti-1923,ostinato,"Repetitive ostinato patterns are central in many Ligeti works, creating hypnotic and evolving sound masses.",0.80,1.00,pending
gyorgy-ligeti-1923,through-composed,"Many of Ligeti's compositions avoid traditional forms, instead unfolding continuously without repetition or standard sectional divisions.",0.70,0.80,pending
luigi-nono-1924,serialism,"Nono extensively used serialism as a foundational compositional method, organizing pitch and other musical parameters in series.",1.00,1.00,pending
luigi-nono-1924,aleatoric,"He incorporated aleatoric techniques to introduce controlled chance elements and variability in performance.",0.60,0.90,pending
luigi-nono-1924,indeterminacy,"Nono employed indeterminacy in some works, allowing performers certain freedoms within structured frameworks.",0.50,0.80,pending
luigi-nono-1924,extended-techniques,"He used extended instrumental techniques to explore new timbres and expressive possibilities.",0.70,0.90,pending
luigi-nono-1924,electronic,"Nono was a pioneer in integrating electronic music and live electronics into his compositions.",0.80,1.00,pending
joly-braga-santos-1924,counterpoint,"Joly Braga Santos employed contrapuntal textures extensively, reflecting his grounding in traditional compositional methods and enriching his symphonic writing.",0.80,0.90,pending
joly-braga-santos-1924,modalism,"He frequently used modal scales and modes, drawing on Portuguese folk influences and creating a distinctive harmonic language.",0.70,0.85,pending
joly-braga-santos-1924,sonata-principle,"His symphonic works often follow classical sonata form structures, demonstrating his adherence to traditional formal principles.",0.60,0.80,pending
joly-braga-santos-1924,theme-and-variations,"Joly Braga Santos utilized theme and variations technique to develop melodic material within his compositions.",0.50,0.75,pending
joly-braga-santos-1924,polyrhythm,"He incorporated polyrhythmic elements to add rhythmic complexity and vitality to his orchestral textures.",0.40,0.70,pending
luciano-berio-1925,serialism,"Berio extensively used serial techniques, especially in his early works, organizing pitch and other musical parameters systematically.",0.80,1.00,pending
luciano-berio-1925,aleatoric,"He incorporated aleatoric elements to introduce controlled chance and performer freedom in pieces like 'Sequenza' series.",0.60,0.90,pending
luciano-berio-1925,indeterminacy,"Berio employed indeterminacy to allow performers interpretive choices, contributing to the variability of performances.",0.50,0.80,pending
luciano-berio-1925,extended-techniques,"He frequently used extended instrumental and vocal techniques to expand the expressive possibilities of traditional instruments.",0.90,1.00,pending
luciano-berio-1925,electronic,"Berio was a pioneer in electronic music, integrating electronic sounds and tape manipulation in works like 'Thema (Omaggio a Joyce)'.",0.70,1.00,pending
luciano-berio-1925,counterpoint,"He often employed complex counterpoint, blending traditional contrapuntal techniques with modern harmonic language.",0.60,0.90,pending
luciano-berio-1925,atonality,"Berio's harmonic language frequently avoided traditional tonal centers, embracing atonality in many compositions.",0.70,1.00,pending
pierre-boulez-1925,serialism,"Boulez was a leading figure in serialism, extensively using twelve-tone and total serial techniques to organize pitch, rhythm, dynamics, and articulation.",1.00,1.00,pending
pierre-boulez-1925,aleatoric,"He incorporated controlled aleatoric elements, allowing performers some freedom within structured frameworks, notably in works like 'Pli selon pli'.",0.70,0.90,pending
pierre-boulez-1925,indeterminacy,"Boulez used indeterminacy in certain compositions to introduce variability and performer choice, blending strict serialism with open forms.",0.60,0.80,pending
pierre-boulez-1925,extended-techniques,"He employed extended instrumental techniques to expand timbral possibilities, often pushing performers to explore unconventional sounds.",0.70,0.90,pending
pierre-boulez-1925,electronic,"Boulez was a pioneer in electronic music, integrating electronic sounds and live electronics in his compositions and performances.",0.60,0.85,pending
pierre-boulez-1925,atonality,"His music is fundamentally atonal, rejecting traditional tonal centers in favor of complex pitch organizations.",0.90,1.00,pending
pierre-boulez-1925,polyrhythm,"Boulez frequently used complex polyrhythms to create intricate temporal structures and rhythmic tension.",0.70,0.85,pending
pierre-boulez-1925,counterpoint,"He applied advanced contrapuntal techniques within serial frameworks to develop dense and multi-layered textures.",0.80,0.90,pending
hans-werner-henze-1926,serialism,"Henze employed serialism extensively, especially in his early and mid-career works, using twelve-tone rows and serial organization of pitch and other musical parameters.",0.80,1.00,pending
hans-werner-henze-1926,aleatoric,"He incorporated aleatoric techniques, allowing elements of chance and performer choice in some compositions to create variability in performance.",0.50,0.90,pending
hans-werner-henze-1926,extended-techniques,"Henze used extended instrumental techniques to expand the expressive possibilities of traditional instruments in his works.",0.60,0.90,pending
hans-werner-henze-1926,electronic,"He integrated electronic techniques and tape music in some compositions, reflecting his interest in contemporary sound technologies.",0.40,0.80,pending
hans-werner-henze-1926,counterpoint,"Despite modernist tendencies, Henze often employed contrapuntal textures, blending traditional counterpoint with contemporary harmonic language.",0.70,0.95,pending
hans-werner-henze-1926,atonality,"Henze frequently composed atonal music, avoiding traditional tonal centers to explore new harmonic landscapes.",0.70,1.00,pending
hans-werner-henze-1926,polyrhythm,"He used polyrhythms to create complex rhythmic layers and tension in his compositions.",0.50,0.85,pending
hans-werner-henze-1926,modalism,"Henze occasionally employed modal techniques, drawing on modes to enrich his harmonic palette beyond strict tonality or serialism.",0.40,0.80,pending
einojuhani-rautavaara-1928,serialism,"Rautavaara employed serial techniques especially in his early works, using twelve-tone rows as a structural basis.",0.70,0.90,pending
einojuhani-rautavaara-1928,modalism,"He frequently used modal scales and modes to create a mystical and archaic atmosphere in his compositions.",0.80,0.95,pending
einojuhani-rautavaara-1928,counterpoint,"Counterpoint is a consistent feature in his music, reflecting his grounding in traditional compositional techniques.",0.60,0.90,pending
einojuhani-rautavaara-1928,ostinato,"Rautavaara often used ostinato patterns to build texture and momentum in his works.",0.50,0.85,pending
einojuhani-rautavaara-1928,electronic,"He incorporated electronic techniques in some compositions, blending acoustic and electronic sounds.",0.40,0.80,pending
einojuhani-rautavaara-1928,extended-techniques,"Extended instrumental techniques appear in his later works to expand timbral possibilities.",0.50,0.80,pending
karlheinz-stockhausen-1928,serialism,"Stockhausen extensively used serialism, particularly total serialism, organizing not only pitch but also duration, dynamics, and timbre in his compositions.",1.00,1.00,pending
karlheinz-stockhausen-1928,aleatoric,"He incorporated aleatoric techniques, allowing elements of chance and performer choice in works like 'Klavierstück XI'.",0.70,1.00,pending
karlheinz-stockhausen-1928,indeterminacy,"Stockhausen used indeterminacy to some extent, especially in open-form compositions where the order of sections could be chosen by performers.",0.60,0.90,pending
karlheinz-stockhausen-1928,extended-techniques,"He employed extended instrumental techniques to explore new timbres and sounds beyond traditional playing methods.",0.60,0.90,pending
karlheinz-stockhausen-1928,musique-concrete,"Stockhausen was a pioneer in musique concrète, manipulating recorded sounds as compositional material in his electronic works.",0.80,1.00,pending
karlheinz-stockhausen-1928,electronic,"He was a leading figure in electronic music, using electronic techniques extensively in works like 'Gesang der Jünglinge' and 'Kontakte'.",1.00,1.00,pending
karlheinz-stockhausen-1928,microtonality,"Stockhausen experimented with microtonality, incorporating microtonal intervals in some of his compositions to expand pitch resources.",0.40,0.80,pending
karlheinz-stockhausen-1928,polyrhythm,"He used complex polyrhythms to create intricate temporal structures in his music.",0.50,0.80,pending
karlheinz-stockhausen-1928,polymeter,"Polymetric layering was employed to juxtapose different meters simultaneously, enhancing rhythmic complexity.",0.50,0.70,pending
karlheinz-stockhausen-1928,atonality,"Stockhausen's music is largely atonal, avoiding traditional tonal centers to explore new harmonic languages.",0.90,1.00,pending
george-crumb-1929,extended-techniques,"George Crumb extensively used unconventional playing methods to create unique timbres and effects in his compositions.",1.00,1.00,pending
george-crumb-1929,prepared-piano,"He frequently employed prepared piano to alter the instrument's sound, notably in works like 'Makrokosmos'.",0.90,1.00,pending
george-crumb-1929,microtonality,"Crumb incorporated microtonal intervals to expand the harmonic palette and create eerie atmospheres.",0.70,0.90,pending
george-crumb-1929,aleatoric,"Some of his works include elements of chance and performer choice, contributing to the music's unpredictability.",0.50,0.80,pending
george-crumb-1929,atonality,"Crumb's harmonic language often avoids traditional tonal centers, embracing atonal structures.",0.80,0.90,pending
george-crumb-1929,polyrhythm,"He used complex rhythmic layering and polyrhythms to enhance textural complexity.",0.60,0.80,pending
toru-takemitsu-1930,aleatoric,"Takemitsu incorporated aleatoric elements to introduce controlled chance and variability in his compositions, allowing performers some interpretive freedom.",0.60,0.90,pending
toru-takemitsu-1930,indeterminacy,"He used indeterminacy to create open forms and textures, often leaving aspects of timing and pitch to performer discretion.",0.50,0.85,pending
toru-takemitsu-1930,extended-techniques,"Takemitsu frequently employed extended instrumental techniques to explore new timbres and sound colors beyond traditional playing methods.",0.70,0.95,pending
toru-takemitsu-1930,electronic,"He integrated electronic sounds and tape music in some works, blending acoustic and electronic timbres innovatively.",0.40,0.80,pending
toru-takemitsu-1930,modalism,"Takemitsu often used modal scales and modes derived from traditional Japanese music to create unique harmonic atmospheres.",0.60,0.90,pending
toru-takemitsu-1930,atonality,"His harmonic language frequently avoided traditional tonal centers, employing atonality to evoke ambiguity and subtle tension.",0.50,0.85,pending
toru-takemitsu-1930,counterpoint,"He used contrapuntal textures to weave independent melodic lines, often blending Western and Eastern musical aesthetics.",0.50,0.80,pending
sofia-gubaidulina-1931,extended-techniques,"Gubaidulina extensively used unconventional playing methods to explore new timbres and expressive possibilities in her works.",0.90,1.00,pending
sofia-gubaidulina-1931,atonality,"Her compositions often avoid traditional tonal centers, employing atonal harmonic language to create spiritual and emotional depth.",0.80,1.00,pending
sofia-gubaidulina-1931,polyrhythm,"She frequently incorporated complex rhythmic layers and polyrhythms to enhance the structural and textural complexity of her music.",0.70,0.90,pending
sofia-gubaidulina-1931,counterpoint,"Gubaidulina used contrapuntal techniques to develop intricate interweaving lines, often with symbolic or spiritual significance.",0.60,0.80,pending
sofia-gubaidulina-1931,electronic,"She integrated electronic elements in some compositions to expand the sonic palette and explore new sound worlds.",0.40,0.70,pending
sofia-gubaidulina-1931,microtonality,"Microtonal intervals appear in her work to create unique harmonic colors and expressive effects beyond traditional tuning.",0.30,0.60,pending
krzysztof-penderecki-1933,serialism,"Penderecki employed serial techniques in his early avant-garde works, organizing pitch material using twelve-tone rows.",0.70,0.90,pending
krzysztof-penderecki-1933,aleatoric,"He used aleatoric methods to introduce controlled chance elements, especially in works like 'Threnody to the Victims of Hiroshima'.",0.80,0.95,pending
krzysztof-penderecki-1933,extended-techniques,"Penderecki extensively used extended instrumental techniques, such as unconventional bowing and sound effects, to create novel textures.",1.00,1.00,pending
krzysztof-penderecki-1933,atonality,"Much of his early and mid-career music is atonal, avoiding traditional tonal centers to explore new harmonic languages.",0.85,0.95,pending
krzysztof-penderecki-1933,polyrhythm,"He incorporated complex polyrhythms to enhance rhythmic complexity and tension in his compositions.",0.60,0.80,pending
krzysztof-penderecki-1933,counterpoint,"Later in his career, Penderecki integrated contrapuntal techniques, blending traditional forms with modern idioms.",0.50,0.85,pending
henryk-gorecki-1933,serialism,"Górecki initially employed serialism in his early works, using twelve-tone techniques to structure pitch material.",0.60,0.90,pending
henryk-gorecki-1933,minimalism,"He is well known for his use of minimalism, especially in his later works, characterized by repetitive, slowly evolving harmonic and melodic patterns.",0.90,1.00,pending
henryk-gorecki-1933,modalism,"Górecki frequently used modal scales and modal harmonies, drawing on folk and sacred music traditions.",0.80,0.95,pending
henryk-gorecki-1933,ostinato,"Repetitive ostinato patterns are a hallmark of his compositional style, providing a hypnotic and meditative foundation.",0.85,0.90,pending
henryk-gorecki-1933,counterpoint,"He incorporated counterpoint in his choral and instrumental works, often in a simplified and transparent manner.",0.50,0.80,pending
henryk-gorecki-1933,through-composed,"Many of Górecki's compositions avoid traditional forms and are through-composed, allowing continuous development without repetition of large sections.",0.70,0.85,pending
alfred-schnittke-1934,serialism,"Schnittke frequently employed serial techniques, especially in his early and middle periods, integrating twelve-tone rows into his compositions.",0.70,0.90,pending
alfred-schnittke-1934,polyrhythm,"He used complex polyrhythms to create layered rhythmic textures and tension in his music.",0.60,0.80,pending
alfred-schnittke-1934,extended-techniques,"Schnittke often incorporated extended instrumental techniques to expand the sonic palette and expressivity of traditional instruments.",0.70,0.85,pending
alfred-schnittke-1934,aleatoric,"He occasionally used aleatoric elements, allowing performers some freedom in timing or pitch to introduce unpredictability.",0.40,0.70,pending
alfred-schnittke-1934,polymeter,"Polymetric structures appear in his works to juxtapose different metric groupings simultaneously.",0.50,0.75,pending
alfred-schnittke-1934,atonality,"Much of Schnittke's music is atonal, avoiding traditional tonal centers to create a modern harmonic language.",0.80,0.95,pending
alfred-schnittke-1934,polytonality,"He used polytonality to layer contrasting tonal centers, enhancing the complexity and tension in his compositions.",0.50,0.80,pending
alfred-schnittke-1934,theme-and-variations,"Schnittke employed theme and variations as a structural device, often combining it with other techniques for dramatic effect.",0.60,0.80,pending
alfred-schnittke-1934,counterpoint,"Counterpoint is a fundamental aspect of his compositional style, used to interweave multiple independent melodic lines.",0.70,0.90,pending
alfred-schnittke-1934,through-composed,"Many of Schnittke's works are through-composed, avoiding repetitive forms to maintain continuous development.",0.60,0.85,pending
harrison-birtwistle-1934,atonality,"Birtwistle frequently employed atonal harmonic language to create tension and ambiguity in his compositions.",0.90,1.00,pending
harrison-birtwistle-1934,polyrhythm,"He used complex polyrhythms to generate intricate rhythmic textures and drive musical momentum.",0.80,1.00,pending
harrison-birtwistle-1934,extended-techniques,"Birtwistle incorporated extended instrumental techniques to expand the sonic palette and create novel timbres.",0.70,1.00,pending
harrison-birtwistle-1934,aleatoric,"He occasionally used aleatoric elements to introduce controlled chance and variability in performance.",0.50,0.80,pending
harrison-birtwistle-1934,counterpoint,"Counterpoint is a foundational aspect of his compositional style, often layered in complex textures.",0.70,1.00,pending
harrison-birtwistle-1934,through-composed,"Many of his works avoid traditional forms, favoring through-composed structures that evolve continuously.",0.80,1.00,pending
arvo-part-1935,minimalism,"Arvo Pärt is renowned for his minimalist style, especially his 'tintinnabuli' technique which emphasizes simplicity and repetition.",1.00,1.00,pending
arvo-part-1935,modalism,"Pärt frequently employs modal techniques, drawing on medieval and early music modes to create a timeless, spiritual sound.",0.90,1.00,pending
arvo-part-1935,counterpoint,"His compositions often use counterpoint, reflecting his deep study of early polyphonic music and Renaissance styles.",0.70,0.90,pending
arvo-part-1935,serialism,"Early in his career, Pärt experimented with serialism before developing his signature minimalist style.",0.40,0.80,pending
steve-reich-1936,minimalism,"Steve Reich is a pioneer of minimalism, using repetitive patterns and gradual process changes as a core compositional approach.",1.00,1.00,pending
steve-reich-1936,phase-shifting,"He developed phase-shifting techniques where identical patterns are played at slightly different speeds to create evolving textures.",0.90,1.00,pending
steve-reich-1936,additive-process,"Reich employed additive processes by gradually adding or subtracting notes or beats to transform rhythmic patterns.",0.80,0.90,pending
steve-reich-1936,polyrhythm,"His works often feature interlocking rhythmic patterns creating complex polyrhythms.",0.70,0.90,pending
steve-reich-1936,ostinato,"Reich frequently used repeating ostinato figures as foundational elements in his compositions.",0.80,1.00,pending
steve-reich-1936,counterpoint,"He integrated counterpoint by layering multiple melodic lines that interact rhythmically and harmonically.",0.60,0.80,pending
steve-reich-1936,electronic,"Reich incorporated electronic techniques, especially tape loops and later live electronics, to manipulate sound and structure.",0.60,0.90,pending
philip-glass-1937,minimalism,"Philip Glass is a pioneer of minimalism, using repetitive structures and gradual changes to create hypnotic musical textures.",1.00,1.00,pending
philip-glass-1937,phase-shifting,"Glass employed phase-shifting techniques, especially in early works, to create evolving rhythmic patterns through slight timing offsets.",0.60,0.80,pending
philip-glass-1937,additive-process,"He used additive processes by gradually adding or subtracting notes or rhythmic units to develop musical phrases.",0.70,0.90,pending
philip-glass-1937,ostinato,"Ostinato patterns are central to Glass's style, providing repetitive motifs that underpin his compositions.",0.90,1.00,pending
philip-glass-1937,counterpoint,"Glass integrates counterpoint by layering multiple repeating lines that interlock rhythmically and harmonically.",0.70,0.90,pending
philip-glass-1937,electronic,"He has incorporated electronic techniques and instruments in various works to expand his minimalist sound palette.",0.50,0.80,pending
john-corigliano-1938,atonality,"Corigliano frequently employs atonal harmonic language, especially in his more modernist and dramatic works, to create tension and expressive dissonance.",0.80,0.90,pending
john-corigliano-1938,extended-techniques,"He uses extended instrumental techniques to expand the expressive palette of traditional instruments, notably in works like his Symphony No. 1 and his film scores.",0.70,0.85,pending
john-corigliano-1938,counterpoint,"Corigliano integrates contrapuntal textures in his compositions, blending traditional counterpoint with modern harmonic language.",0.60,0.80,pending
john-corigliano-1938,theme-and-variations,"He often employs theme and variations form, as seen in works like his 'Pied Piper Fantasy,' to develop musical ideas through transformation.",0.50,0.75,pending
john-corigliano-1938,polyrhythm,"Polyrhythmic layering is used to create complex rhythmic textures and drive momentum in several of his orchestral and chamber works.",0.50,0.70,pending
john-adams-1947,minimalism,"John Adams is a leading figure in American minimalism, using repetitive structures and gradual process in works like 'Shaker Loops' and 'Nixon in China'.",1.00,1.00,pending
john-adams-1947,phase-shifting,"Adams employs phase-shifting techniques, influenced by Steve Reich, to create evolving rhythmic patterns and textures.",0.60,0.80,pending
john-adams-1947,additive-process,"He uses additive processes to build musical material gradually, layering motifs and harmonies over time.",0.70,0.90,pending
john-adams-1947,extended-techniques,"Adams incorporates extended instrumental techniques to expand timbral possibilities, especially in orchestral and chamber works.",0.50,0.70,pending
john-adams-1947,electronic,"He integrates electronic elements and amplification in some compositions to enhance sound textures and effects.",0.40,0.60,pending
john-adams-1947,polyrhythm,"Polyrhythmic layering is used to create complex rhythmic interplay and drive momentum in his music.",0.60,0.80,pending
john-adams-1947,ostinato,"Ostinato patterns form the rhythmic and harmonic foundation in many of Adams' minimalist-inspired works.",0.90,1.00,pending
john-adams-1947,counterpoint,"Adams employs counterpoint to develop interweaving melodic lines within his minimalist framework.",0.70,0.90,pending
john-adams-1947,modalism,"Modal scales and harmonies are frequently used to create tonal color and atmosphere in his compositions.",0.60,0.80,pending
wolfgang-rihm-1952,atonality,"Rihm frequently employs atonality in his compositions, avoiding traditional tonal centers to create complex harmonic textures.",0.90,1.00,pending
wolfgang-rihm-1952,extended-techniques,"He often uses extended instrumental techniques to explore new timbral possibilities and expressive effects.",0.80,1.00,pending
wolfgang-rihm-1952,aleatoric,"Rihm incorporates aleatoric elements, allowing controlled chance operations to influence the performance and structure.",0.60,0.90,pending
wolfgang-rihm-1952,counterpoint,"His works demonstrate sophisticated counterpoint, integrating multiple independent lines in complex textures.",0.70,0.95,pending
wolfgang-rihm-1952,through-composed,"Many of Rihm's compositions are through-composed, avoiding repetitive forms and continuously developing musical material.",0.80,0.90,pending
wolfgang-rihm-1952,polyrhythm,"He uses polyrhythms to create intricate rhythmic layers and tension within his music.",0.60,0.85,pending
michael-daugherty-1954,extended-techniques,"Daugherty frequently employs extended techniques in his works to create unique timbral effects and expand the expressive range of traditional instruments.",0.80,0.90,pending
michael-daugherty-1954,polyrhythm,"He often uses polyrhythms to add rhythmic complexity and drive in his compositions, reflecting his interest in diverse musical styles.",0.70,0.85,pending
michael-daugherty-1954,ostinato,"Ostinato patterns are a common feature in Daugherty's music, providing a rhythmic and harmonic foundation that supports his thematic material.",0.75,0.90,pending
michael-daugherty-1954,electronic,"Daugherty incorporates electronic techniques and sounds in some works to blend acoustic and electronic timbres, enhancing the modern character of his music.",0.60,0.80,pending
michael-daugherty-1954,minimalism,"Elements of minimalism appear in his use of repetitive motifs and gradual transformations, though often combined with other stylistic elements.",0.50,0.70,pending
thomas-ades-1971,extended-techniques,"Adès frequently employs extended instrumental techniques to explore new timbral possibilities and textures in his compositions.",0.80,0.90,pending
thomas-ades-1971,polyrhythm,"His works often feature complex polyrhythmic structures, layering different rhythmic patterns simultaneously.",0.70,0.85,pending
thomas-ades-1971,counterpoint,"Adès uses intricate counterpoint to develop thematic material and create dense, interwoven textures.",0.60,0.90,pending
thomas-ades-1971,atonality,"Many of his compositions avoid traditional tonal centers, employing atonal harmonic language to enhance expressivity.",0.70,0.85,pending
thomas-ades-1971,sonata-principle,"Adès sometimes structures movements or entire works around sonata form principles, adapting classical forms in a modern context.",0.50,0.70,pending
